Certificate of Inspection,Inspection Number,Date of Occurance,Year (added),Business Unique ID,UniqueBusinessID_NoYear,Business Name,DBA Trade Name,Business Category,Inspection type,Device Category,Device Class,Device Type,Devices Inspected,Devices Approved,Devices Condemned/Confiscated,Confiscated,Address Type,Building Number,Street Name,Street Name 2,Unit Type,Unit,City,State,Postcode,Borough,Community Board,Council District,BIN,BBL,NTA,Latitude,Longitude
A0197014,INS-000800316,10/31/2024,2024,BA-1583045-2023,BA-1583045,"WESTERN BEEF RETAIL,INC.",11-2778081,Supermarket - 819,Scale,Scale,Scale Inspection,Computing Scale - 01,18,18,0,,Complete Address,425,BAY ST,,,,STATEN ISLAND,NY,10304,Staten Island,501,49,5013177,5004880053,SI37,40.63179639,-74.0760472
A0176007,INS-000758069,06/26/2024,2024,BA-1694123-2024,BA-1694123,21ST STREET MARKETPLACE INC.,21ST MARKETPLACE,Supermarket - 819,Scale,Scale,Scale Inspection,Computing Scale - 01,3,3,0,,Complete Address,2816,21ST ST,,,,ASTORIA,NY,11102,Queens,401,22,4617126,4005380046,QN71,40.77077144,-73.92711918
A0167107,INS-000740049,05/02/2024,2024,BA-1326491-2022,BA-1326491,"GOOD HARVEST COOPERATIVE, INC.",4TH STREET FOOD CO-OP,Supermarket - 819,Scale,Scale,Scale Inspection,Computing Scale - 01,1,1,0,,Complete Address,58,E 4TH ST,,FRNT,A,NEW YORK,NY,10003,Manhattan,103,2,1077962,1004590015,MN22,40.72677385,-73.99082872
A0207948,INS-000821028,01/16/2025,2025,BA-1666727-2023,BA-1666727,"Castle Hill Supermarket, Inc","ADI'S SUPERMARKET, INC",Supermarket - 819,Scale,Scale,Scale Inspection,Computing Scale - 01,3,3,0,,Complete Address,1375,CASTLE HILL AVENUE,,,,BRONX,NY,10462,Bronx,209,18,2029042,2039350056,BX46,40.83577162,-73.8521083
A0135108,INS-000665773,09/12/2023,2023,BA-1666727-2023,BA-1666727,"Castle Hill Supermarket, Inc","ADI'S SUPERMARKET, INC",Supermarket - 819,Scale,Scale,Scale Inspection,Computing Scale - 01,5,5,0,,Complete Address,1375,CASTLE HILL AVENUE,,,,BRONX,NY,10462,Bronx,209,18,2029042,2039350056,BX46,40.83577162,-73.8521083
A0201852,INS-000809594,12/03/2024,2024,BA-1108764-2022,BA-1108764,ALDI INC,ALDI #7,Supermarket - 819,Scale,Scale,Scale Inspection,Computing Scale - 01,13,13,0,,Complete Address,528,GATEWAY DRIVE,,,,BROOKLYN,NY,11239,Brooklyn,305,42,3397156,3044520555,,40.65260212,-73.87673251
A0133152,INS-000662506,08/28/2023,2023,BA-1108764-2022,BA-1108764,ALDI INC,ALDI #7,Supermarket - 819,Scale,Scale,Scale Inspection,Computing Scale - 01,12,12,0,,Complete Address,528,GATEWAY DRIVE,,,,BROOKLYN,NY,11239,Brooklyn,305,42,3397156,3044520555,,40.65260212,-73.87673251
A0165754,INS-000737757,04/25/2024,2024,BA-1220598-2022,BA-1220598,"Fresh Bagels Farmer's Market, Inc.",Amish Market,Supermarket - 819,Scale,Scale,Scale Inspection,Computing Scale - 01,8,8,0,,Complete Address,240,E 45TH ST,,,,NEW YORK,NY,10017,Manhattan,106,4,1037577,1013180031,MN19,40.75227232,-73.97207498
A0157348,INS-000717933,03/07/2024,2024,BA-1220598-2022,BA-1220598,"Fresh Bagels Farmer's Market, Inc.",Amish Market,Supermarket - 819,Scale,Scale,Scale Inspection,Computing Scale - 01,7,7,0,,Complete Address,240,E 45TH ST,,,,NEW YORK,NY,10017,Manhattan,106,4,1037577,1013180031,MN19,40.75227232,-73.97207498
A0212055,INS-000829771,02/14/2025,2025,BA-1220598-2022,BA-1220598,"Fresh Bagels Farmer's Market, Inc.",Amish Market,Supermarket - 819,Scale,Scale,Scale Inspection,Computing Scale - 01,15,15,0,,Complete Address,240,E 45TH ST,,,,NEW YORK,NY,10017,Manhattan,106,4,1037577,1013180031,MN19,40.75227232,-73.97207498
A0172826,INS-000751629,06/07/2024,2024,BA-1676509-2023,BA-1676509,1850  FOOD  CORP.,ANTILLANA  SUPERFOOD  MARKETPLACE,Supermarket - 819,Scale,Scale,Scale Inspection,Computing Scale - 01,15,15,0,,Complete Address,1850,JEROME AVE,,,,BRONX,NY,10453,Bronx,205,14,2000000,2028517501,BX41,40.84891374,-73.91147302
A0172826,INS-000751629,06/07/2024,2024,BA-1676509-2023,BA-1676509,1850  FOOD  CORP.,ANTILLANA  SUPERFOOD  MARKETPLACE,Supermarket - 819,Scale,Scale,Scale Inspection,Customer Scale - 01,1,1,0,,Complete Address,1850,JEROME AVE,,,,BRONX,NY,10453,Bronx,205,14,2000000,2028517501,BX41,40.84891374,-73.91147302
A0179819,INS-000766261,07/25/2024,2024,BA-1699429-2024,BA-1699429,DTJ 1727 CORP,ANTILLANA MARKET PLACE,Supermarket - 819,Scale,Scale,Scale Inspection,Computing Scale - 01,11,11,0,,Complete Address,1725,UNIVERSITY AVE,,,,BRONX,NY,10453,Bronx,205,14,2009022,2028780215,BX36,40.84965866,-73.91663363
A0145380,INS-000693804,12/04/2023,2023,BA-1104444-2022,BA-1104444,"ANTILLANA & METRO SUPERMARKET, CORP.",ANTILLANA SUPERFOOD MARKET PLACE,Supermarket - 819,Scale,Scale,Scale Inspection,Computing Scale - 01,13,13,0,,Complete Address,1339,JEROME AVE,,,,BRONX,NY,10452,Bronx,204,16,2008294,2028560049,BX26,40.83889811,-73.91866372
A0167373,INS-000740552,05/03/2024,2024,BA-1684513-2024,BA-1684513,1272-1278 FOOD AND MEAT CORP.,ANTILLANA SUPERFOOD MARKETPLACE,Supermarket - 819,Scale,Scale,Scale Inspection,Computing Scale - 01,5,5,0,,Complete Address,1272,SAINT NICHOLAS AVE,,,,NEW YORK,NY,10033,Manhattan,112,10,1063119,1021300008,MN36,40.84459122,-73.93717639
A0167373,INS-000740552,05/03/2024,2024,BA-1684513-2024,BA-1684513,1272-1278 FOOD AND MEAT CORP.,ANTILLANA SUPERFOOD MARKETPLACE,Supermarket - 819,Scale,Scale,Scale Inspection,Pre-pack Scale - 01,1,1,0,,Complete Address,1272,SAINT NICHOLAS AVE,,,,NEW YORK,NY,10033,Manhattan,112,10,1063119,1021300008,MN36,40.84459122,-73.93717639
A0163290,INS-000733513,04/11/2024,2024,BA-1104438-2022,BA-1104438,2185 ANTILLANA MEAT AND FOOD CORP,ANTILLANA SUPERFOOD MARKETPLACE,Supermarket - 819,Scale,Scale,Scale Inspection,Computing Scale - 01,9,9,0,,Complete Address,2185,WHITE PLAINS RD,,,,BRONX,NY,10462,Bronx,211,13,2049378,2043170050,BX49,40.85590648,-73.86765463
A0132884,INS-000662505,08/24/2023,2023,BA-1600499-2023,BA-1600499,2285 GROCERY AND FOOD CORP.,ANTILLANA SUPERFOOD MARKETPLACE,Supermarket - 819,Scale,Scale,Scale Inspection,Computing Scale - 01,12,11,3,Confiscated,Complete Address,2285,GRAND CONCOURSE,,,,BRONX,NY,10453,Bronx,205,14,2013769,2031630026,BX40,40.85707825,-73.9001726
A0199759,INS-000803945,11/20/2024,2024,BA-1709627-2024,BA-1709627,2750 FOOD CORP.,ANTILLANA SUPERFOOD MARKETPLACE,Supermarket - 819,Scale,Scale,Scale Inspection,Computing Scale - 01,13,13,0,,Complete Address,2750,E TREMONT AVE,,,,BRONX,NY,10461,Bronx,210,18,2041970,2039880045,BX37,40.84211547,-73.8443888
A0159392,INS-000726573,03/20/2024,2024,BA-1122415-2022,BA-1122415,124 MEAT FOOD CORP,ANTILLANA SUPERMARKET,Supermarket - 819,Scale,Scale,Scale Inspection,Computing Scale - 01,9,9,0,,Complete Address,124,W FORDHAM RD,,,,BRONX,NY,10468,Bronx,207,14,2014950,2032250116,BX30,40.86277881,-73.90650524
A0189870,INS-000786134,09/24/2024,2024,BA-1682058-2023,BA-1682058,113 LIBERTY LLC,APNA BAZAR FARMERS MARKET,Supermarket - 819,Scale,Scale,Scale Inspection,Computing Scale - 01,1,1,0,,Complete Address,11318,LIBERTY AVE,,,,SOUTH RICHMOND HILL,NY,11419,Queens,410,28,4202599,4095360004,QN55,40.68546231,-73.82922474
A0157706,INS-000723536,03/11/2024,2024,BA-1682058-2023,BA-1682058,113 LIBERTY LLC,APNA BAZAR FARMERS MARKET,Supermarket - 819,Scale,Scale,Scale Inspection,Computing Scale - 01,6,6,0,,Complete Address,11318,LIBERTY AVE,,,,SOUTH RICHMOND HILL,NY,11419,Queens,410,28,4202599,4095360004,QN55,40.68546231,-73.82922474
A0157706,INS-000723536,03/11/2024,2024,BA-1682058-2023,BA-1682058,113 LIBERTY LLC,APNA BAZAR FARMERS MARKET,Supermarket - 819,Scale,Scale,Scale Inspection,Pre-pack Scale - 01,1,1,0,,Complete Address,11318,LIBERTY AVE,,,,SOUTH RICHMOND HILL,NY,11419,Queens,410,28,4202599,4095360004,QN55,40.68546231,-73.82922474
A0189769,INS-000785948,09/24/2024,2024,BA-1693253-2024,BA-1693253,124 LIBERTY LLC,APNA BAZAR FARMERS MARKET,Supermarket - 819,Scale,Scale,Scale Inspection,Computing Scale - 01,5,5,0,,Complete Address,12416,LIBERTY AVE,,,,SOUTH RICHMOND HILL,NY,11419,Queens,410,28,4537947,4095780007,QN55,40.68786631,-73.81994086
A0206505,INS-000818330,01/07/2025,2025,BA-1693253-2024,BA-1693253,124 LIBERTY LLC,APNA BAZAR FARMERS MARKET,Supermarket - 819,Scale,Scale,Scale Inspection,Computing Scale - 01,5,5,0,,Complete Address,12416,LIBERTY AVE,,,,SOUTH RICHMOND HILL,NY,11419,Queens,410,28,4537947,4095780007,QN55,40.68786631,-73.81994086
A0141616,INS-000686569,11/01/2023,2023,BA-1274697-2022,BA-1274697,LA JOYA FOOD MARKET CORP,ASSOCIATED,Supermarket - 819,Scale,Scale,Scale Inspection,Computing Scale - 01,5,5,0,,Complete Address,103,HEGEMAN AVE,,,,BROOKLYN,NY,11212,Brooklyn,316,42,3082814,3036250004,BK81,40.65615308,-73.90817159
A0203743,INS-000812974,12/13/2024,2024,BA-1274697-2022,BA-1274697,LA JOYA FOOD MARKET CORP,ASSOCIATED,Supermarket - 819,Scale,Scale,Scale Inspection,Computing Scale - 01,6,6,0,,Complete Address,103,HEGEMAN AVE,,,,BROOKLYN,NY,11212,Brooklyn,316,42,3082814,3036250004,BK81,40.65615308,-73.90817159
A0161799,INS-000730923,04/03/2024,2024,BA-1433425-2022,BA-1433425,MP LORRAINE CORP.,ASSOCIATED,Supermarket - 819,Scale,Scale,Scale Inspection,Computing Scale - 01,7,7,0,,Complete Address,58,LORRAINE ST,,,,BROOKLYN,NY,11231,Brooklyn,306,38,3008668,3005800005,BK33,40.67452736,-74.0073904
A0207840,INS-000820807,01/16/2025,2025,BA-1433425-2022,BA-1433425,MP LORRAINE CORP.,ASSOCIATED,Supermarket - 819,Scale,Scale,Scale Inspection,Computing Scale - 01,7,7,0,,Complete Address,58,LORRAINE ST,,,,BROOKLYN,NY,11231,Brooklyn,306,38,3008668,3005800005,BK33,40.67452736,-74.0073904
A0209369,INS-000823756,01/29/2025,2025,BA-1555929-2022,BA-1555929,WEST EAST FOOD CORP.,ASSOCIATED,Supermarket - 819,Scale,Scale,Scale Inspection,Computing Scale - 01,6,6,0,,Complete Address,35,RICHMAN PLZ,,,,BRONX,NY,10453,Bronx,205,16,2119731,2028820229,BX36,40.85196557,-73.92251546
A0139275,INS-000682580,10/16/2023,2023,BA-1427902-2022,BA-1427902,POLMOST FOOD CORP.,Associated Foods,Supermarket - 819,Scale,Scale,Scale Inspection,Computing Scale - 01,1,1,0,,Complete Address,802,MANHATTAN AVE,,,,BROOKLYN,NY,11222,Brooklyn,301,33,3065333,3025970011,BK76,40.72780217,-73.95307131
A0137568,INS-000679595,09/29/2023,2023,BA-1427902-2022,BA-1427902,POLMOST FOOD CORP.,Associated Foods,Supermarket - 819,Scale,Scale,Scale Inspection,Computing Scale - 01,14,13,3,Confiscated,Complete Address,802,MANHATTAN AVE,,,,BROOKLYN,NY,11222,Brooklyn,301,33,3065333,3025970011,BK76,40.72780217,-73.95307131
A0207400,INS-000820051,01/14/2025,2025,BA-1427902-2022,BA-1427902,POLMOST FOOD CORP.,Associated Foods,Supermarket - 819,Scale,Scale,Scale Inspection,Computing Scale - 01,6,6,0,,Complete Address,802,MANHATTAN AVE,,,,BROOKLYN,NY,11222,Brooklyn,301,33,3065333,3025970011,BK76,40.72780217,-73.95307131
A0207400,INS-000820051,01/14/2025,2025,BA-1427902-2022,BA-1427902,POLMOST FOOD CORP.,Associated Foods,Supermarket - 819,Scale,Scale,Scale Inspection,Pre-pack Scale - 01,7,7,0,,Complete Address,802,MANHATTAN AVE,,,,BROOKLYN,NY,11222,Brooklyn,301,33,3065333,3025970011,BK76,40.72780217,-73.95307131
A0207400,INS-000820051,01/14/2025,2025,BA-1427902-2022,BA-1427902,POLMOST FOOD CORP.,Associated Foods,Supermarket - 819,Scale,Scale,Scale Inspection,Customer Scale - 01,1,1,0,,Complete Address,802,MANHATTAN AVE,,,,BROOKLYN,NY,11222,Brooklyn,301,33,3065333,3025970011,BK76,40.72780217,-73.95307131
A0150256,INS-000703512,01/16/2024,2024,BA-1127519-2022,BA-1127519,"ASSOCIATED SUPERMARKET GROUP, LLC",ASSOCIATED FRESH,Supermarket - 819,Scale,Scale,Scale Inspection,Computing Scale - 01,8,8,0,,Complete Address,597,LIVONIA AVE,,,,BROOKLYN,NY,11207,Brooklyn,305,42,3421640,3038047501,BK85,40.6645822,-73.89520887
A0205120,INS-000815600,12/24/2024,2024,BA-1517256-2022,BA-1517256,SKYLIGHT HOLDINGS 2 INC,Associated Fresh Market,Supermarket - 819,Scale,Scale,Scale Inspection,Computing Scale - 01,8,8,0,,Complete Address,617,5TH AVE,,,,BROOKLYN,NY,11215,Brooklyn,307,39,3016450,3008670001,BK37,40.66367165,-73.9910032
A0198662,INS-000803456,11/13/2024,2024,BA-1272278-2022,BA-1272278,C & E FAMILY FOOD CORP.,ASSOCIATED FRESH MARKETPLACE,Supermarket - 819,Scale,Scale,Scale Inspection,Computing Scale - 01,10,10,0,,Complete Address,7063,PARSONS BLVD,,,,FRESH MEADOWS,NY,11365,Queens,408,24,4146991,4067890065,QN38,40.73046706,-73.81087764
A0142888,INS-000688679,11/15/2023,2023,BA-1272278-2022,BA-1272278,C & E FAMILY FOOD CORP.,ASSOCIATED FRESH MARKETPLACE,Supermarket - 819,Scale,Scale,Scale Inspection,Computing Scale - 01,6,6,0,,Complete Address,7063,PARSONS BLVD,,,,FRESH MEADOWS,NY,11365,Queens,408,24,4146991,4067890065,QN38,40.73046706,-73.81087764
A0141948,INS-000686825,11/03/2023,2023,BA-1072898-2022,BA-1072898,1757 TJM FOOD CORP.,ASSOCIATED SUPERMARKET,Supermarket - 819,Scale - Condemned Follow-up,Scale,Scale Inspection,Computing Scale - 01,1,1,0,,Complete Address,1757,RANDALL AVE,,,,BRONX,NY,10473,Bronx,209,18,2021683,2035550001,BX09,40.81674178,-73.86496513
A0178130,INS-000762236,07/16/2024,2024,BA-1101837-2022,BA-1101837,639 GRAND ST. MEAT & PRODUCE CORP.,ASSOCIATED SUPERMARKET,Supermarket - 819,Scale,Scale,Scale Inspection,Computing Scale - 01,9,9,0,,Complete Address,639,GRAND ST,,,,BROOKLYN,NY,11211,Brooklyn,301,34,3332294,3027810036,BK90,40.71139392,-73.94659374
A0143200,INS-000689310,11/16/2023,2023,BA-1237069-2022,BA-1237069,FRANCO FOOD CORP.,ASSOCIATED SUPERMARKET,Supermarket - 819,Scale,Scale,Scale Inspection,Computing Scale - 01,14,14,0,,Complete Address,1585,WESTCHESTER AVE,,,,BRONX,NY,10472,Bronx,209,17,2025318,2037760005,BX08,40.82905891,-73.87614544
A0203732,INS-000812955,12/13/2024,2024,BA-1335358-2022,BA-1335358,HARLEM POLO GROUNDS MEAT CORP,ASSOCIATED SUPERMARKET,Supermarket - 819,Scale,Scale,Scale Inspection,Computing Scale - 01,5,5,0,,Complete Address,159-04,HARLEM RIVER DRIVE,,,,NEW YORK,NY,10039,Manhattan,110,9,1084188,1021060320,MN03,40.83199204,-73.93542846
A0141393,INS-000686216,10/31/2023,2023,BA-1311670-2022,BA-1311670,JOLEMA FOOD CORP,ASSOCIATED SUPERMARKET,Supermarket - 819,Scale,Scale,Scale Inspection,Computing Scale - 01,6,6,0,,Complete Address,920,SENECA AVE,,,,RIDGEWOOD,NY,11385,Queens,405,34,4085887,4035610027,QN20,40.70022749,-73.90337198
A0204422,INS-000814361,12/19/2024,2024,BA-1449524-2022,BA-1449524,RUTLAND MEAT & PRODUCE CORP.,ASSOCIATED SUPERMARKET,Supermarket - 819,Scale,Scale,Scale Inspection,Computing Scale - 01,7,7,0,,Complete Address,1036,RUTLAND RD,,,,BROOKLYN,NY,11212,Brooklyn,317,41,3100043,3046140001,BK96,40.66337326,-73.9252865
A0211909,INS-000829801,02/13/2025,2025,BA-1666028-2023,BA-1666028,NK SUPERMARKET INC.,BANGLA SUPERMARKET,Supermarket - 819,Scale,Scale,Scale Inspection,Computing Scale - 01,3,3,0,,Complete Address,2741,PITKIN AVE,,,,BROOKLYN,NY,11208,Brooklyn,305,42,3094700,3042150001,BK82,40.67556401,-73.87085696
A0151947,INS-000709114,01/26/2024,2024,BA-1108758-2022,BA-1108758,2451 BROADWAY MARKET INC.,BARZINI'S,Supermarket - 819,Scale,Scale,Scale Inspection,Computing Scale - 01,7,7,0,,Complete Address,2451,BROADWAY,,,,NEW YORK,NY,10024,Manhattan,107,6,1033561,1012380052,MN12,40.79118226,-73.97432662
A0155310,INS-000718885,02/22/2024,2024,BA-1686733-2024,BA-1686733,B.A.M.M. NINTH AVENUE CORP.,Big Apple Meat Market,Supermarket - 819,Scale,Scale,Scale Inspection,Computing Scale - 01,13,13,0,,Complete Address,577,9TH AVE,,,,NEW YORK,NY,10036,Manhattan,104,3,1089690,1010517503,MN15,40.75825902,-73.99276635
A0201375,INS-000808658,11/29/2024,2024,BA-1611435-2023,BA-1611435,NY KINGS J  FRUITS INC,BLUE RIBBION,Supermarket - 819,Scale,Scale,Scale Inspection,Computing Scale - 01,6,6,0,,Complete Address,1308,AVENUE J,,,,BROOKLYN,NY,11230,Brooklyn,314,44,3179910,3067150003,BK43,40.62499205,-73.9630538
A0207934,INS-000820992,01/16/2025,2025,BA-935766-2022,BA-935766-,805 FRANKLIN AVE. FOOD CORP.,BOB & BETTY'S FOOD MARKET,Supermarket - 819,Scale,Scale,Scale Inspection,Computing Scale - 01,3,3,0,,Complete Address,805,FRANKLIN AVE,,,,BROOKLYN,NY,11238,Brooklyn,308,35,3032544,3012590005,BK61,40.67136333,-73.95770727
A0179516,INS-000764991,07/24/2024,2024,BA-939863-2022,BA-939863-,BELFIORE FOOD CORP.,BONITA KEY FOOD 1329,Supermarket - 819,Scale,Scale,Scale Inspection,Computing Scale - 01,12,12,0,,Complete Address,4171,WHITE PLAINS RD,,,,BRONX,NY,10466,Bronx,212,11,2063283,2048350006,BX44,40.89290131,-73.85765976
A0179516,INS-000764991,07/24/2024,2024,BA-939863-2022,BA-939863-,BELFIORE FOOD CORP.,BONITA KEY FOOD 1329,Supermarket - 819,Scale,Scale,Scale Inspection,Customer Scale - 01,1,1,0,,Complete Address,4171,WHITE PLAINS RD,,,,BRONX,NY,10466,Bronx,212,11,2063283,2048350006,BX44,40.89290131,-73.85765976
A0212807,INS-000831258,02/21/2025,2025,BA-939863-2022,BA-939863-,BELFIORE FOOD CORP.,BONITA KEY FOOD 1329,Supermarket - 819,Scale,Scale,Scale Inspection,Computing Scale - 01,11,11,0,,Complete Address,4171,WHITE PLAINS RD,,,,BRONX,NY,10466,Bronx,212,11,2063283,2048350006,BX44,40.89290131,-73.85765976
A0212807,INS-000831258,02/21/2025,2025,BA-939863-2022,BA-939863-,BELFIORE FOOD CORP.,BONITA KEY FOOD 1329,Supermarket - 819,Scale,Scale,Scale Inspection,Customer Scale - 01,1,1,0,,Complete Address,4171,WHITE PLAINS RD,,,,BRONX,NY,10466,Bronx,212,11,2063283,2048350006,BX44,40.89290131,-73.85765976
A0150252,INS-000703505,01/16/2024,2024,BA-1003495-2022,BA-1003495,A.S FULTON FOOD CORP,BRAVO SUPERMARKET,Supermarket - 819,Scale,Scale,Scale Inspection,Computing Scale - 01,4,4,0,,Complete Address,1299,FULTON ST,,,,BROOKLYN,NY,11216,Brooklyn,303,36,3053257,3018490053,BK75,40.68037369,-73.94911712
A0150252,INS-000703505,01/16/2024,2024,BA-1003495-2022,BA-1003495,A.S FULTON FOOD CORP,BRAVO SUPERMARKET,Supermarket - 819,Scale,Scale,Scale Inspection,Pre-pack Scale - 01,2,2,0,,Complete Address,1299,FULTON ST,,,,BROOKLYN,NY,11216,Brooklyn,303,36,3053257,3018490053,BK75,40.68037369,-73.94911712
A0178292,INS-000762578,07/16/2024,2024,BA-1702636-2024,BA-1702636,BAMA FOOD CORP.,Bravo Supermarket,Supermarket - 819,Scale,Scale,Scale Inspection,Computing Scale - 01,8,8,0,,Complete Address,785,GRAND ST,,,,BROOKLYN,NY,11211,Brooklyn,301,34,3069490,3027840032,BK90,40.71186365,-73.94170575
A0158190,INS-000724390,03/13/2024,2024,BA-1035527-2022,BA-1035527,BB 3008 FOOD CORP.,BRAVO SUPERMARKET,Supermarket - 819,Scale,Scale,Scale Inspection,Computing Scale - 01,4,4,0,,Complete Address,3008,FULTON ST,,,,BROOKLYN,NY,11208,Brooklyn,305,37,3088090,3039560043,BK82,40.68025749,-73.8836434
A0158190,INS-000724390,03/13/2024,2024,BA-1035527-2022,BA-1035527,BB 3008 FOOD CORP.,BRAVO SUPERMARKET,Supermarket - 819,Scale,Scale,Scale Inspection,Pre-pack Scale - 01,4,4,0,,Complete Address,3008,FULTON ST,,,,BROOKLYN,NY,11208,Brooklyn,305,37,3088090,3039560043,BK82,40.68025749,-73.8836434
A0172302,INS-000750608,06/05/2024,2024,BA-1199842-2022,BA-1199842,DAF FOOD CORP,BRAVO SUPERMARKET,Supermarket - 819,Scale,Scale,Scale Inspection,Computing Scale - 01,6,6,0,,Complete Address,991,BEDFORD AVE,,,,BROOKLYN,NY,11205,Brooklyn,303,36,3049711,3017830009,BK75,40.69006802,-73.95523257
A0159050,INS-000725984,03/18/2024,2024,BA-1212986-2022,BA-1212986,FAT MEAT & PRODUCE CORP.,BRAVO SUPERMARKET,Supermarket - 819,Scale,Scale,Scale Inspection,Computing Scale - 01,7,7,0,,Complete Address,4808,4TH AVE,,,,BROOKLYN,NY,11220,Brooklyn,307,38,3337239,3007730040,BK32,40.64747996,-74.01154237
A0205462,INS-000816225,12/27/2024,2024,BA-1717640-2024,BA-1717640,JAY FOOD CORP,BRAVO SUPERMARKET,Supermarket - 819,Scale,Scale,Scale Inspection,Computing Scale - 01,4,4,0,,Complete Address,14428,LAKEWOOD AVE,,,,JAMAICA,NY,11435,Queens,412,28,4257851,4119320029,QN01,40.68961261,-73.80354733
A0205462,INS-000816225,12/27/2024,2024,BA-1717640-2024,BA-1717640,JAY FOOD CORP,BRAVO SUPERMARKET,Supermarket - 819,Scale,Scale,Scale Inspection,Pre-pack Scale - 01,2,2,0,,Complete Address,14428,LAKEWOOD AVE,,,,JAMAICA,NY,11435,Queens,412,28,4257851,4119320029,QN01,40.68961261,-73.80354733
A0215644,INS-000836060,03/11/2025,2025,BA-1295548-2022,BA-1295548,LGT FOOD CORP,BRAVO SUPERMARKET,Supermarket - 819,Scale,Scale,Scale Inspection,Pre-pack Scale - 01,4,4,0,,Complete Address,2418,34TH AVE,,,,ASTORIA,NY,11106,Queens,401,22,4006436,4005620001,QN70,40.76156265,-73.93129856
A0215644,INS-000836060,03/11/2025,2025,BA-1295548-2022,BA-1295548,LGT FOOD CORP,BRAVO SUPERMARKET,Supermarket - 819,Scale,Scale,Scale Inspection,Computing Scale - 01,3,3,0,,Complete Address,2418,34TH AVE,,,,ASTORIA,NY,11106,Queens,401,22,4006436,4005620001,QN70,40.76156265,-73.93129856
A0203414,INS-000812432,12/12/2024,2024,BA-1415826-2022,BA-1415826,MLD 91 FOOD CORP.,BRAVO SUPERMARKET,Supermarket - 819,Scale,Scale,Scale Inspection,Computing Scale - 01,9,9,0,,Complete Address,91,HUMBOLDT ST,,,,BROOKLYN,NY,11206,Brooklyn,301,34,3325958,3030970018,BK90,40.70447164,-73.94100891
A0129541,INS-000655906,07/27/2023,2023,BA-1427617-2022,BA-1427617,RANCHOS FOOD CORP.,BRAVO SUPERMARKET,Supermarket - 819,Scale,Scale,Scale Inspection,Computing Scale - 01,6,6,0,,Complete Address,81,W 104TH ST,,,,NEW YORK,NY,10025,Manhattan,107,7,1055487,1018400003,MN12,40.79780788,-73.96355743
A0206435,INS-000818197,01/07/2025,2025,BA-1427617-2022,BA-1427617,RANCHOS FOOD CORP.,BRAVO SUPERMARKET,Supermarket - 819,Scale,Scale,Scale Inspection,Computing Scale - 01,3,3,0,,Complete Address,81,W 104TH ST,,,,NEW YORK,NY,10025,Manhattan,107,7,1055487,1018400003,MN12,40.79780788,-73.96355743
A0206435,INS-000818197,01/07/2025,2025,BA-1427617-2022,BA-1427617,RANCHOS FOOD CORP.,BRAVO SUPERMARKET,Supermarket - 819,Scale,Scale,Scale Inspection,Pre-pack Scale - 01,2,2,0,,Complete Address,81,W 104TH ST,,,,NEW YORK,NY,10025,Manhattan,107,7,1055487,1018400003,MN12,40.79780788,-73.96355743
A0202589,INS-000810853,12/06/2024,2024,BA-1524704-2022,BA-1524704,RO SUPERMARKET CORP,BRAVO SUPERMARKET,Supermarket - 819,Scale,Scale,Scale Inspection,Computing Scale - 01,7,7,0,,Complete Address,640,COURTLANDT AVE,,,,BRONX,NY,10451,Bronx,201,17,2001671,2023990001,BX34,40.81885059,-73.91848951
A0148650,INS-000699629,12/29/2023,2023,BA-1117461-2022,BA-1117461,BROADWAY FRUIT MARKET LLC,BROADWAY FARM,Supermarket - 819,Scale,Scale,Scale Inspection,Computing Scale - 01,8,8,0,,Complete Address,2341,BROADWAY,,,,NEW YORK,NY,10024,Manhattan,107,6,1081052,1012330011,MN12,40.78769703,-73.97703998
A0204055,INS-000813671,12/17/2024,2024,BA-1117461-2022,BA-1117461,BROADWAY FRUIT MARKET LLC,BROADWAY FARM,Supermarket - 819,Scale,Scale,Scale Inspection,Customer Scale - 01,1,1,0,,Complete Address,2341,BROADWAY,,,,NEW YORK,NY,10024,Manhattan,107,6,1081052,1012330011,MN12,40.78769703,-73.97703998
A0204055,INS-000813671,12/17/2024,2024,BA-1117461-2022,BA-1117461,BROADWAY FRUIT MARKET LLC,BROADWAY FARM,Supermarket - 819,Scale,Scale,Scale Inspection,Computing Scale - 01,7,7,0,,Complete Address,2341,BROADWAY,,,,NEW YORK,NY,10024,Manhattan,107,6,1081052,1012330011,MN12,40.78769703,-73.97703998
A0204055,INS-000813671,12/17/2024,2024,BA-1117461-2022,BA-1117461,BROADWAY FRUIT MARKET LLC,BROADWAY FARM,Supermarket - 819,Scale,Scale,Scale Inspection,Computing Scale - 02,2,2,0,,Complete Address,2341,BROADWAY,,,,NEW YORK,NY,10024,Manhattan,107,6,1081052,1012330011,MN12,40.78769703,-73.97703998
A0164955,INS-000736459,04/23/2024,2024,BA-1114048-2022,BA-1114048,431 FOOD MARKET CORP,BROOKLYN FARE,Supermarket - 819,Scale,Scale,Scale Inspection,Customer Scale - 01,1,1,0,,Complete Address,431,W 37TH ST,,,,NEW YORK,NY,10018,Manhattan,104,3,1088683,1007350017,MN13,40.75595087,-73.99646271
A0164955,INS-000736459,04/23/2024,2024,BA-1114048-2022,BA-1114048,431 FOOD MARKET CORP,BROOKLYN FARE,Supermarket - 819,Scale,Scale,Scale Inspection,Computing Scale - 01,4,4,0,,Complete Address,431,W 37TH ST,,,,NEW YORK,NY,10018,Manhattan,104,3,1088683,1007350017,MN13,40.75595087,-73.99646271
A0164955,INS-000736459,04/23/2024,2024,BA-1114048-2022,BA-1114048,431 FOOD MARKET CORP,BROOKLYN FARE,Supermarket - 819,Scale,Scale,Scale Inspection,Misc Scale - 01,1,1,0,,Complete Address,431,W 37TH ST,,,,NEW YORK,NY,10018,Manhattan,104,3,1088683,1007350017,MN13,40.75595087,-73.99646271
A0164955,INS-000736459,04/23/2024,2024,BA-1114048-2022,BA-1114048,431 FOOD MARKET CORP,BROOKLYN FARE,Supermarket - 819,Scale,Scale,Scale Inspection,Pre-pack Scale - 01,6,6,0,,Complete Address,431,W 37TH ST,,,,NEW YORK,NY,10018,Manhattan,104,3,1088683,1007350017,MN13,40.75595087,-73.99646271
A0140844,INS-000685361,10/26/2023,2023,BA-1641965-2023,BA-1641965,BROOKLYN FARE GREENWICH LLC,BROOKLYN FARE,Supermarket - 819,Scale,Scale,Scale Inspection,Computing Scale - 01,16,14,2,Confiscated,Complete Address,666,GREENWICH ST,,,,NEW YORK,NY,10014,Manhattan,102,3,1010421,1006040033,MN23,40.73223328,-74.00769989
A0143274,INS-000686431,11/17/2023,2023,BA-1641965-2023,BA-1641965,BROOKLYN FARE GREENWICH LLC,BROOKLYN FARE,Supermarket - 819,Scale,Scale,Scale Inspection,Computing Scale - 01,2,1,2,Confiscated,Complete Address,666,GREENWICH ST,,,,NEW YORK,NY,10014,Manhattan,102,3,1010421,1006040033,MN23,40.73223328,-74.00769989
A0149172,INS-000718790,01/04/2024,2024,BA-1641965-2023,BA-1641965,BROOKLYN FARE GREENWICH LLC,BROOKLYN FARE,Supermarket - 819,Scale - Condemned Follow-up,Scale,,Computing Scale - 01,1,0,1,Confiscated,Complete Address,666,GREENWICH ST,,,,NEW YORK,NY,10014,Manhattan,102,3,1010421,1006040033,MN23,40.73223328,-74.00769989
A0149172,INS-000718790,01/04/2024,2024,BA-1641965-2023,BA-1641965,BROOKLYN FARE GREENWICH LLC,BROOKLYN FARE,Supermarket - 819,Scale - Condemned Follow-up,Scale,Scale Inspection,No Fee Scale,0,0,0,,Complete Address,666,GREENWICH ST,,,,NEW YORK,NY,10014,Manhattan,102,3,1010421,1006040033,MN23,40.73223328,-74.00769989
A0210826,INS-000827798,02/06/2025,2025,BA-1641965-2023,BA-1641965,BROOKLYN FARE GREENWICH LLC,BROOKLYN FARE,Supermarket - 819,Scale,Scale,Scale Inspection,Computing Scale - 01,15,15,0,,Complete Address,666,GREENWICH STREET,,,,NEW YORK,NY,10014,Manhattan,102,3,1010421,1006040033,MN23,40.73223328,-74.00769989
A0201130,INS-000808194,11/27/2024,2024,BA-1112430-2022,BA-1112430,204 UNION FOOD CORP.,BROOKLYN HARVEST MARKET,Supermarket - 819,Scale,Scale,Scale Inspection,Computing Scale - 01,6,6,0,,Complete Address,204,UNION AVE,,,,BROOKLYN,NY,11211,Brooklyn,301,34,3325853,3030580100,BK90,40.70644954,-73.9503632
A0144289,INS-000692003,11/27/2023,2023,BA-1112430-2022,BA-1112430,204 UNION FOOD CORP.,BROOKLYN HARVEST MARKET,Supermarket - 819,Scale,Scale,Scale Inspection,Computing Scale - 01,6,6,0,,Complete Address,204,UNION AVE,,,,BROOKLYN,NY,11211,Brooklyn,301,34,3325853,3030580100,BK90,40.70644954,-73.9503632
A0131983,INS-000660591,08/18/2023,2023,BA-1027881-2022,BA-1027881,8102 FOOD CORP,BROOKLYN MARKET,Supermarket - 819,Scale,Scale,Scale Inspection,Computing Scale - 01,10,10,0,,Complete Address,8102,3RD AVE,,,,BROOKLYN,NY,11209,Brooklyn,310,47,3151625,3059960039,BK31,40.62698414,-74.02963422
A0202922,INS-000811529,12/10/2024,2024,BA-1027881-2022,BA-1027881,8102 FOOD CORP,BROOKLYN MARKET,Supermarket - 819,Scale,Scale,Scale Inspection,Pre-pack Scale - 01,1,1,0,,Complete Address,8102,3RD AVE,,,,BROOKLYN,NY,11209,Brooklyn,310,47,3151625,3059960039,BK31,40.62698414,-74.02963422
A0202922,INS-000811529,12/10/2024,2024,BA-1027881-2022,BA-1027881,8102 FOOD CORP,BROOKLYN MARKET,Supermarket - 819,Scale,Scale,Scale Inspection,Computing Scale - 01,7,7,0,,Complete Address,8102,3RD AVE,,,,BROOKLYN,NY,11209,Brooklyn,310,47,3151625,3059960039,BK31,40.62698414,-74.02963422
A0192156,INS-000790311,10/04/2024,2024,BA-1089705-2022,BA-1089705,74-39 MEAT CORP.,C - TOWN,Supermarket - 819,Scale,Scale,Scale Inspection,Computing Scale - 01,7,7,0,,Complete Address,7439,JAMAICA AVE,,,,WOODHAVEN,NY,11421,Queens,409,32,4180778,4088350001,QN53,40.69133944,-73.86710142
A0192156,INS-000790311,10/04/2024,2024,BA-1089705-2022,BA-1089705,74-39 MEAT CORP.,C - TOWN,Supermarket - 819,Scale,Scale,Scale Inspection,Customer Scale - 01,1,1,0,,Complete Address,7439,JAMAICA AVE,,,,WOODHAVEN,NY,11421,Queens,409,32,4180778,4088350001,QN53,40.69133944,-73.86710142
A0192156,INS-000790311,10/04/2024,2024,BA-1089705-2022,BA-1089705,74-39 MEAT CORP.,C - TOWN,Supermarket - 819,Scale,Scale,Scale Inspection,Pre-pack Scale - 01,2,2,0,,Complete Address,7439,JAMAICA AVE,,,,WOODHAVEN,NY,11421,Queens,409,32,4180778,4088350001,QN53,40.69133944,-73.86710142
A0161639,INS-000730673,04/03/2024,2024,BA-1304896-2022,BA-1304896,KBC FOOD CORP.,C - TOWN,Supermarket - 819,Scale,Scale,Scale Inspection,Computing Scale - 01,13,13,0,,Complete Address,1725,1ST AVE,,,,NEW YORK,NY,10128,Manhattan,108,5,1050118,1015527504,MN32,40.77901414,-73.94782493
A0203487,INS-000812549,12/12/2024,2024,BA-1103370-2022,BA-1103370,2869 MEAT & PRODUCE CORP.,C - Town Supermarket,Supermarket - 819,Scale,Scale,Scale Inspection,Computing Scale - 01,8,8,0,,Complete Address,2869,FULTON ST,,,,BROOKLYN,NY,11207,Brooklyn,305,37,3087572,3039360042,BK83,40.67865682,-73.88872245
A0144712,INS-000692717,11/29/2023,2023,BA-1200637-2022,BA-1200637,DOWNTOWN FOOD CORP.,C Town,Supermarket - 819,Scale,Scale,Scale Inspection,Pre-pack Scale - 01,1,0,1,Confiscated,Complete Address,5,SAINT JAMES PL,,,,NEW YORK,NY,10038,Manhattan,103,1,1077416,1001110100,MN27,40.71120594,-74.00027414
A0149647,INS-000701623,01/10/2024,2024,BA-1200637-2022,BA-1200637,DOWNTOWN FOOD CORP.,C Town,Supermarket - 819,Scale,Scale,Scale Inspection,Computing Scale - 01,1,0,2,Confiscated,Complete Address,5,SAINT JAMES PL,,,,NEW YORK,NY,10038,Manhattan,103,1,1077416,1001110100,MN27,40.71120594,-74.00027414
A0144712,INS-000692717,11/29/2023,2023,BA-1200637-2022,BA-1200637,DOWNTOWN FOOD CORP.,C Town,Supermarket - 819,Scale,Scale,Scale Inspection,Computing Scale - 01,8,8,0,,Complete Address,5,SAINT JAMES PL,,,,NEW YORK,NY,10038,Manhattan,103,1,1077416,1001110100,MN27,40.71120594,-74.00027414
A0159007,INS-000725914,03/18/2024,2024,BA-1200637-2022,BA-1200637,DOWNTOWN FOOD CORP.,C Town,Supermarket - 819,Scale,Scale,Scale Inspection,Computing Scale - 01,1,1,0,,Complete Address,5,SAINT JAMES PL,,,,NEW YORK,NY,10038,Manhattan,103,1,1077416,1001110100,MN27,40.71120594,-74.00027414
A0185863,INS-000772597,08/30/2024,2024,BA-1200637-2022,BA-1200637,DOWNTOWN FOOD CORP.,C Town,Supermarket - 819,Scale,Scale,Scale Inspection,Computing Scale - 01,2,2,0,,Complete Address,5,SAINT JAMES PL,,,,NEW YORK,NY,10038,Manhattan,103,1,1077416,1001110100,MN27,40.71120594,-74.00027414
A0182719,INS-000772176,08/13/2024,2024,BA-1200637-2022,BA-1200637,DOWNTOWN FOOD CORP.,C Town,Supermarket - 819,Scale,Scale,Scale Inspection,Pre-pack Scale - 01,1,1,0,,Complete Address,5,SAINT JAMES PL,,,,NEW YORK,NY,10038,Manhattan,103,1,1077416,1001110100,MN27,40.71120594,-74.00027414
A0182719,INS-000772176,08/13/2024,2024,BA-1200637-2022,BA-1200637,DOWNTOWN FOOD CORP.,C Town,Supermarket - 819,Scale,Scale,Scale Inspection,Customer Scale - 01,1,1,0,,Complete Address,5,SAINT JAMES PL,,,,NEW YORK,NY,10038,Manhattan,103,1,1077416,1001110100,MN27,40.71120594,-74.00027414
A0182719,INS-000772176,08/13/2024,2024,BA-1200637-2022,BA-1200637,DOWNTOWN FOOD CORP.,C Town,Supermarket - 819,Scale,Scale,Scale Inspection,Computing Scale - 01,3,3,0,,Complete Address,5,SAINT JAMES PL,,,,NEW YORK,NY,10038,Manhattan,103,1,1077416,1001110100,MN27,40.71120594,-74.00027414
A0166670,INS-000739334,05/01/2024,2024,BA-1193847-2022,BA-1193847,F&G SUPERMARKET CORP,C TOWN,Supermarket - 819,Scale,Scale,Scale Inspection,Computing Scale - 01,5,5,0,,Complete Address,2807,86TH ST,,,,BROOKLYN,NY,11223,Brooklyn,315,47,3193263,3071430048,BK26,40.59275839,-73.97865529
A0186556,INS-000779971,09/05/2024,2024,BA-1708194-2024,BA-1708194,T & K SUPERMARKET LLC,C TOWN SUPERMARKET,Supermarket - 819,Scale,Scale,Scale Inspection,Computing Scale - 01,5,5,0,,Complete Address,19509,JAMAICA AVE,,,,HOLLIS,NY,11423,Queens,412,23,4222296,4104590001,QN07,40.71328934,-73.76558049
A0186556,INS-000779971,09/05/2024,2024,BA-1708194-2024,BA-1708194,T & K SUPERMARKET LLC,C TOWN SUPERMARKET,Supermarket - 819,Scale,Scale,Scale Inspection,Customer Scale - 01,1,1,0,,Complete Address,19509,JAMAICA AVE,,,,HOLLIS,NY,11423,Queens,412,23,4222296,4104590001,QN07,40.71328934,-73.76558049
A0186556,INS-000779971,09/05/2024,2024,BA-1708194-2024,BA-1708194,T & K SUPERMARKET LLC,C TOWN SUPERMARKET,Supermarket - 819,Scale,Scale,Scale Inspection,Pre-pack Scale - 01,2,2,0,,Complete Address,19509,JAMAICA AVE,,,,HOLLIS,NY,11423,Queens,412,23,4222296,4104590001,QN07,40.71328934,-73.76558049
A0208780,INS-000822665,01/24/2025,2025,BA-1509909-2022,BA-1509909,UTICA MEAT & PRODUCE CORP.,C TOWN SUPERMARKET,Supermarket - 819,Scale,Scale,Scale Inspection,Computing Scale - 01,3,3,0,,Complete Address,330,UTICA AVE,,,,BROOKLYN,NY,11213,Brooklyn,309,35,3037943,3014080040,BK61,40.66669273,-73.93133499
A0176507,INS-000759005,07/03/2024,2024,BA-1427112-2022,BA-1427112,NEW ERA FOODS ONE INC.,C- TOWN SUPERMARKET,Supermarket - 819,Scale,Scale,Scale Inspection,Computing Scale - 01,11,11,0,,Complete Address,668,CRESCENT AVE,,,,BRONX,NY,10458,Bronx,206,15,2012487,2030880022,BX06,40.8542131,-73.88572486
A0176507,INS-000759005,07/03/2024,2024,BA-1427112-2022,BA-1427112,NEW ERA FOODS ONE INC.,C- TOWN SUPERMARKET,Supermarket - 819,Scale,Scale,Scale Inspection,Customer Scale - 01,1,1,0,,Complete Address,668,CRESCENT AVE,,,,BRONX,NY,10458,Bronx,206,15,2012487,2030880022,BX06,40.8542131,-73.88572486
A0208507,INS-000822252,01/23/2025,2025,BA-1427112-2022,BA-1427112,NEW ERA FOODS ONE INC.,C- TOWN SUPERMARKET,Supermarket - 819,Scale,Scale,Scale Inspection,Computing Scale - 01,10,10,0,,Complete Address,668,CRESCENT AVE,,,,BRONX,NY,10458,Bronx,206,15,2012487,2030880022,BX06,40.8542131,-73.88572486
A0208507,INS-000822252,01/23/2025,2025,BA-1427112-2022,BA-1427112,NEW ERA FOODS ONE INC.,C- TOWN SUPERMARKET,Supermarket - 819,Scale,Scale,Scale Inspection,Customer Scale - 01,1,1,0,,Complete Address,668,CRESCENT AVE,,,,BRONX,NY,10458,Bronx,206,15,2012487,2030880022,BX06,40.8542131,-73.88572486
A0205218,INS-000815783,12/26/2024,2024,BA-1706902-2024,BA-1706902,1188 Flatbush Meat & Produce Inc.,C-TOWN,Supermarket - 819,Scale,Scale,Scale Inspection,Computing Scale - 01,11,11,0,,Complete Address,1188,FLATBUSH AVE,,,,BROOKLYN,NY,11226,Brooklyn,314,40,3119580,3051860016,BK42,40.64130476,-73.95643995
A0205218,INS-000815783,12/26/2024,2024,BA-1706902-2024,BA-1706902,1188 Flatbush Meat & Produce Inc.,C-TOWN,Supermarket - 819,Scale,Scale,Scale Inspection,Customer Scale - 01,1,1,0,,Complete Address,1188,FLATBUSH AVE,,,,BROOKLYN,NY,11226,Brooklyn,314,40,3119580,3051860016,BK42,40.64130476,-73.95643995
A0205218,INS-000815783,12/26/2024,2024,BA-1706902-2024,BA-1706902,1188 Flatbush Meat & Produce Inc.,C-TOWN,Supermarket - 819,Scale,Scale,Scale Inspection,Pre-pack Scale - 01,2,2,0,,Complete Address,1188,FLATBUSH AVE,,,,BROOKLYN,NY,11226,Brooklyn,314,40,3119580,3051860016,BK42,40.64130476,-73.95643995
A0193725,INS-000793401,10/11/2024,2024,BA-1121386-2022,BA-1121386,57 JR FOODS CORP,C-TOWN,Supermarket - 819,Scale,Scale,Scale Inspection,Computing Scale - 01,7,7,0,,Complete Address,57,MILL ST,,,,BROOKLYN,NY,11231,Brooklyn,306,38,3008472,3005390037,BK33,40.67597125,-74.00469751
A0150271,INS-000703537,01/16/2024,2024,BA-1683616-2024,BA-1683616,BAYCHESTER SUPERMARKET CORP.,C-TOWN,Supermarket - 819,Scale,Scale,Scale Inspection,Computing Scale - 01,5,5,0,,Complete Address,9802,JAMAICA AVE,,,,WOODHAVEN,NY,11421,Queens,409,29,4442213,4092860123,QN54,40.69480654,-73.84753822
A0150271,INS-000703537,01/16/2024,2024,BA-1683616-2024,BA-1683616,BAYCHESTER SUPERMARKET CORP.,C-TOWN,Supermarket - 819,Scale,Scale,Scale Inspection,Customer Scale - 01,1,1,0,,Complete Address,9802,JAMAICA AVE,,,,WOODHAVEN,NY,11421,Queens,409,29,4442213,4092860123,QN54,40.69480654,-73.84753822
A0150271,INS-000703537,01/16/2024,2024,BA-1683616-2024,BA-1683616,BAYCHESTER SUPERMARKET CORP.,C-TOWN,Supermarket - 819,Scale,Scale,Scale Inspection,Pre-pack Scale - 01,2,2,0,,Complete Address,9802,JAMAICA AVE,,,,WOODHAVEN,NY,11421,Queens,409,29,4442213,4092860123,QN54,40.69480654,-73.84753822
A0202105,INS-000810057,12/04/2024,2024,BA-1207861-2022,BA-1207861,DAVID AND SONS FOOD CORP,C-TOWN,Supermarket - 819,Scale,Scale,Scale Inspection,Computing Scale - 01,10,10,0,,Complete Address,241,TAAFFE PL,,,,BROOKLYN,NY,11205,Brooklyn,303,33,3055136,3019250001,BK69,40.69113734,-73.95955541
A0143279,INS-000689471,11/17/2023,2023,BA-1227400-2022,BA-1227400,FOOD COLONY LLC,C-TOWN,Supermarket - 819,Scale,Scale,Scale Inspection,Computing Scale - 01,8,8,0,,Complete Address,7510,5TH AVE,,,,BROOKLYN,NY,11209,Brooklyn,310,47,3148784,3059410043,BK31,40.6293133,-74.0227218
A0139169,INS-000682395,10/13/2023,2023,BA-1446739-2022,BA-1446739,R&E CORP,C-TOWN,Supermarket - 819,Scale,Scale,Scale Inspection,Computing Scale - 01,8,8,0,,Complete Address,809,SOUTHERN BLVD,,,,BRONX,NY,10459,Bronx,202,17,2005741,2027210024,BX27,40.81663115,-73.89590878
A0209665,INS-000825790,01/30/2025,2025,BA-1446739-2022,BA-1446739,R&E CORP,C-TOWN,Supermarket - 819,Scale,Scale,Scale Inspection,Computing Scale - 01,8,8,0,,Complete Address,809,SOUTHERN BLVD,,,,BRONX,NY,10459,Bronx,202,17,2005741,2027210024,BX27,40.81663115,-73.89590878
A0153810,INS-000715496,02/08/2024,2024,BA-1549099-2022,BA-1549099,RIVERDALE MEAT & PRODUCE CORP.,C-TOWN,Supermarket - 819,Scale,Scale,Scale Inspection,Computing Scale - 01,9,9,0,,Complete Address,5249,BROADWAY,,,,BRONX,NY,10463,Bronx,208,10,1064687,1022150593,MN01,40.87553234,-73.90858819
A0208284,INS-000828667,01/22/2025,2025,BA-1549099-2022,BA-1549099,RIVERDALE MEAT & PRODUCE CORP.,C-TOWN,Supermarket - 819,Scale,Scale,Scale Inspection,Computing Scale - 01,5,5,0,,Complete Address,5249,BROADWAY,,,,BRONX,NY,10463,Bronx,208,10,1064687,1022150593,MN01,40.87553234,-73.90858819
A0208284,INS-000828667,01/22/2025,2025,BA-1549099-2022,BA-1549099,RIVERDALE MEAT & PRODUCE CORP.,C-TOWN,Supermarket - 819,Scale,Scale,Scale Inspection,Customer Scale - 01,1,1,0,,Complete Address,5249,BROADWAY,,,,BRONX,NY,10463,Bronx,208,10,1064687,1022150593,MN01,40.87553234,-73.90858819
A0208284,INS-000828667,01/22/2025,2025,BA-1549099-2022,BA-1549099,RIVERDALE MEAT & PRODUCE CORP.,C-TOWN,Supermarket - 819,Scale,Scale,Scale Inspection,Pre-pack Scale - 01,3,3,0,,Complete Address,5249,BROADWAY,,,,BRONX,NY,10463,Bronx,208,10,1064687,1022150593,MN01,40.87553234,-73.90858819
A0167388,INS-000740578,05/03/2024,2024,BA-1370887-2022,BA-1370887,"TANIA & LEENA, LLC",C-TOWN,Supermarket - 819,Scale,Scale,Scale Inspection,Computing Scale - 01,8,8,0,,Complete Address,11014,FARMERS BLVD,,,,SAINT ALBANS,NY,11412,Queens,412,27,4221968,4104360027,QN08,40.70280647,-73.76664524
A0167388,INS-000740578,05/03/2024,2024,BA-1370887-2022,BA-1370887,"TANIA & LEENA, LLC",C-TOWN,Supermarket - 819,Scale,Scale,Scale Inspection,Customer Scale - 01,1,1,0,,Complete Address,11014,FARMERS BLVD,,,,SAINT ALBANS,NY,11412,Queens,412,27,4221968,4104360027,QN08,40.70280647,-73.76664524
A0192721,INS-000791444,10/08/2024,2024,BA-1711164-2024,BA-1711164,TOOFAN FOOD CORP.,C-Town,Supermarket - 819,Scale,Scale,Scale Inspection,Computing Scale - 01,6,6,0,,Complete Address,1761,NOSTRAND AVE,,,,BROOKLYN,NY,11226,Brooklyn,317,45,3111302,3049470082,BK95,40.64268219,-73.94868824
A0206899,INS-000819096,01/09/2025,2025,BA-1110472-2022,BA-1110472,3412 V & F FOOD CORP.,C-TOWN SUPERMARKET,Supermarket - 819,Scale,Scale,Scale Inspection,Pre-pack Scale - 01,2,2,0,,Complete Address,3412,34TH AVE,,,,ASTORIA,NY,11106,Queens,401,26,4009629,4006420030,QN70,40.7584542,-73.92467089
A0181195,INS-000769157,08/01/2024,2024,BA-1110472-2022,BA-1110472,3412 V & F FOOD CORP.,C-TOWN SUPERMARKET,Supermarket - 819,Scale,Scale,Scale Inspection,Computing Scale - 01,9,9,0,,Complete Address,3412,34TH AVE,,,,ASTORIA,NY,11106,Queens,401,26,4009629,4006420030,QN70,40.7584542,-73.92467089
A0132593,INS-000661652,08/23/2023,2023,BA-1110472-2022,BA-1110472,3412 V & F FOOD CORP.,C-TOWN SUPERMARKET,Supermarket - 819,Scale,Scale,Scale Inspection,Computing Scale - 01,13,13,0,,Complete Address,3412,34TH AVE,,,,ASTORIA,NY,11106,Queens,401,26,4009629,4006420030,QN70,40.7584542,-73.92467089
A0206899,INS-000819096,01/09/2025,2025,BA-1110472-2022,BA-1110472,3412 V & F FOOD CORP.,C-TOWN SUPERMARKET,Supermarket - 819,Scale,Scale,Scale Inspection,Customer Scale - 01,1,1,0,,Complete Address,3412,34TH AVE,,,,ASTORIA,NY,11106,Queens,401,26,4009629,4006420030,QN70,40.7584542,-73.92467089
A0181195,INS-000769157,08/01/2024,2024,BA-1110472-2022,BA-1110472,3412 V & F FOOD CORP.,C-TOWN SUPERMARKET,Supermarket - 819,Scale,Scale,Scale Inspection,Customer Scale - 01,1,1,0,,Complete Address,3412,34TH AVE,,,,ASTORIA,NY,11106,Queens,401,26,4009629,4006420030,QN70,40.7584542,-73.92467089
A0181195,INS-000769157,08/01/2024,2024,BA-1110472-2022,BA-1110472,3412 V & F FOOD CORP.,C-TOWN SUPERMARKET,Supermarket - 819,Scale,Scale,Scale Inspection,Pre-pack Scale - 01,2,2,0,,Complete Address,3412,34TH AVE,,,,ASTORIA,NY,11106,Queens,401,26,4009629,4006420030,QN70,40.7584542,-73.92467089
A0206899,INS-000819096,01/09/2025,2025,BA-1110472-2022,BA-1110472,3412 V & F FOOD CORP.,C-TOWN SUPERMARKET,Supermarket - 819,Scale,Scale,Scale Inspection,Computing Scale - 01,9,9,0,,Complete Address,3412,34TH AVE,,,,ASTORIA,NY,11106,Queens,401,26,4009629,4006420030,QN70,40.7584542,-73.92467089
A0202667,INS-000810993,12/06/2024,2024,BA-1104209-2022,BA-1104209,6401 MEAT & PRODUCE CORP.,C-Town Supermarket,Supermarket - 819,Scale,Scale,Scale Inspection,Computing Scale - 01,9,9,0,,Complete Address,6401,FRESH POND RD,,,,RIDGEWOOD,NY,11385,Queens,405,30,4087506,4036100009,,40.71022866,-73.89927796
A0202667,INS-000810993,12/06/2024,2024,BA-1104209-2022,BA-1104209,6401 MEAT & PRODUCE CORP.,C-Town Supermarket,Supermarket - 819,Scale,Scale,Scale Inspection,Customer Scale - 01,1,1,0,,Complete Address,6401,FRESH POND RD,,,,RIDGEWOOD,NY,11385,Queens,405,30,4087506,4036100009,,40.71022866,-73.89927796
A0159103,INS-000726081,03/19/2024,2024,BA-1682124-2024,BA-1682124,7918 MEAT & PRODUCE CORP,C-TOWN SUPERMARKET,Supermarket - 819,Scale,Scale,Scale Inspection,Computing Scale - 01,1,1,0,,Complete Address,7918,3RD AVE,,,,BROOKLYN,NY,11209,Brooklyn,310,47,3150828,3059780046,BK31,40.62836492,-74.02906923
A0148800,INS-000699896,01/02/2024,2024,BA-1682124-2024,BA-1682124,7918 MEAT & PRODUCE CORP,C-TOWN SUPERMARKET,Supermarket - 819,Scale,Scale,Scale Inspection,Computing Scale - 01,7,7,0,,Complete Address,7918,3RD AVE,,,,BROOKLYN,NY,11209,Brooklyn,310,47,3150828,3059780046,BK31,40.62836492,-74.02906923
A0148800,INS-000699896,01/02/2024,2024,BA-1682124-2024,BA-1682124,7918 MEAT & PRODUCE CORP,C-TOWN SUPERMARKET,Supermarket - 819,Scale,Scale,Scale Inspection,No Fee Scale,1,0,3,Confiscated,Complete Address,7918,3RD AVE,,,,BROOKLYN,NY,11209,Brooklyn,310,47,3150828,3059780046,BK31,40.62836492,-74.02906923
A0176315,INS-000758639,07/02/2024,2024,BA-1701280-2024,BA-1701280,CROWN ROSARIO GROUP CORP.,C-TOWN SUPERMARKET,Supermarket - 819,Scale,Scale,Scale Inspection,Computing Scale - 01,5,5,0,,Complete Address,11534,SUTPHIN BLVD,,,,JAMAICA,NY,11434,Queens,412,28,4259980,4119940009,QN76,40.68382386,-73.79258898
A0176315,INS-000758639,07/02/2024,2024,BA-1701280-2024,BA-1701280,CROWN ROSARIO GROUP CORP.,C-TOWN SUPERMARKET,Supermarket - 819,Scale,Scale,Scale Inspection,Customer Scale - 01,1,1,0,,Complete Address,11534,SUTPHIN BLVD,,,,JAMAICA,NY,11434,Queens,412,28,4259980,4119940009,QN76,40.68382386,-73.79258898
A0176315,INS-000758639,07/02/2024,2024,BA-1701280-2024,BA-1701280,CROWN ROSARIO GROUP CORP.,C-TOWN SUPERMARKET,Supermarket - 819,Scale,Scale,Scale Inspection,Pre-pack Scale - 01,2,2,0,,Complete Address,11534,SUTPHIN BLVD,,,,JAMAICA,NY,11434,Queens,412,28,4259980,4119940009,QN76,40.68382386,-73.79258898
A0172550,INS-000751085,06/06/2024,2024,BA-1099182-2022,BA-1099182,E&D 204 Food Corp,C-Town Supermarket,Supermarket - 819,Scale,Scale,Scale Inspection,Computing Scale - 01,8,8,0,,Complete Address,264,E 204TH ST,,,,BRONX,NY,10458,Bronx,207,11,2017285,2033090058,BX05,40.87406372,-73.8839298
A0172550,INS-000751085,06/06/2024,2024,BA-1099182-2022,BA-1099182,E&D 204 Food Corp,C-Town Supermarket,Supermarket - 819,Scale,Scale,Scale Inspection,Customer Scale - 01,1,1,0,,Complete Address,264,E 204TH ST,,,,BRONX,NY,10458,Bronx,207,11,2017285,2033090058,BX05,40.87406372,-73.8839298
A0158016,INS-000724044,03/12/2024,2024,BA-1302108-2022,BA-1302108,"KIDS A.M., INC.",C-TOWN SUPERMARKET,Supermarket - 819,Scale,Scale,Scale Inspection,Computing Scale - 01,9,9,0,,Complete Address,330,GRAHAM AVE,,,,BROOKLYN,NY,11211,Brooklyn,301,34,3068888,3027650003,BK90,40.71403329,-73.94429383
A0158016,INS-000724044,03/12/2024,2024,BA-1302108-2022,BA-1302108,"KIDS A.M., INC.",C-TOWN SUPERMARKET,Supermarket - 819,Scale,Scale,Scale Inspection,Pre-pack Scale - 01,3,3,0,,Complete Address,330,GRAHAM AVE,,,,BROOKLYN,NY,11211,Brooklyn,301,34,3068888,3027650003,BK90,40.71403329,-73.94429383
A0209649,INS-000825763,01/30/2025,2025,BA-1302108-2022,BA-1302108,"KIDS A.M., INC.",C-TOWN SUPERMARKET,Supermarket - 819,Scale,Scale,Scale Inspection,Computing Scale - 01,15,15,0,,Complete Address,330,GRAHAM AVE,,,,BROOKLYN,NY,11211,Brooklyn,301,34,3068888,3027650003,BK90,40.71403329,-73.94429383
A0211733,INS-000829532,02/12/2025,2025,BA-1727176-2025,BA-1727176,LINA FOOD CORP.,C-Town Supermarket,Supermarket - 819,Scale,Scale,Scale Inspection,Misc Scale - 01,1,1,0,,Complete Address,4918,BROADWAY,,,,NEW YORK,NY,10034,Manhattan,112,10,1082052,1022350020,MN01,40.86743155,-73.92191895
A0211733,INS-000829532,02/12/2025,2025,BA-1727176-2025,BA-1727176,LINA FOOD CORP.,C-Town Supermarket,Supermarket - 819,Scale,Scale,Scale Inspection,Pre-pack Scale - 01,6,6,0,,Complete Address,4918,BROADWAY,,,,NEW YORK,NY,10034,Manhattan,112,10,1082052,1022350020,MN01,40.86743155,-73.92191895
A0188208,INS-000783255,07/17/2024,2024,BA-1727176-2025,BA-1727176,LINA FOOD CORP.,C-Town Supermarket,Supermarket - 819,Scale,Scale,Scale Inspection,Computing Scale - 01,18,18,0,,Complete Address,4918,BROADWAY,,,,NEW YORK,NY,10034,Manhattan,112,10,1082052,1022350020,MN01,40.86743155,-73.92191895
A0211733,INS-000829532,02/12/2025,2025,BA-1727176-2025,BA-1727176,LINA FOOD CORP.,C-Town Supermarket,Supermarket - 819,Scale,Scale,Scale Inspection,Customer Scale - 01,1,1,0,,Complete Address,4918,BROADWAY,,,,NEW YORK,NY,10034,Manhattan,112,10,1082052,1022350020,MN01,40.86743155,-73.92191895
A0211733,INS-000829532,02/12/2025,2025,BA-1727176-2025,BA-1727176,LINA FOOD CORP.,C-Town Supermarket,Supermarket - 819,Scale,Scale,Scale Inspection,Computing Scale - 01,9,9,0,,Complete Address,4918,BROADWAY,,,,NEW YORK,NY,10034,Manhattan,112,10,1082052,1022350020,MN01,40.86743155,-73.92191895
A0177575,INS-000761002,07/11/2024,2024,BA-1317961-2022,BA-1317961,LYF MEAT & PRODUCE CORP.,C-TOWN SUPERMARKET,Supermarket - 819,Scale,Scale,Scale Inspection,Computing Scale - 01,8,8,0,,Complete Address,4012,28TH AVE,,,,ASTORIA,NY,11103,Queens,401,22,4010791,4006630021,QN70,40.76538508,-73.91351539
A0177575,INS-000761002,07/11/2024,2024,BA-1317961-2022,BA-1317961,LYF MEAT & PRODUCE CORP.,C-TOWN SUPERMARKET,Supermarket - 819,Scale,Scale,Scale Inspection,Customer Scale - 01,1,1,0,,Complete Address,4012,28TH AVE,,,,ASTORIA,NY,11103,Queens,401,22,4010791,4006630021,QN70,40.76538508,-73.91351539
A0177575,INS-000761002,07/11/2024,2024,BA-1317961-2022,BA-1317961,LYF MEAT & PRODUCE CORP.,C-TOWN SUPERMARKET,Supermarket - 819,Scale,Scale,Scale Inspection,Pre-pack Scale - 01,2,2,0,,Complete Address,4012,28TH AVE,,,,ASTORIA,NY,11103,Queens,401,22,4010791,4006630021,QN70,40.76538508,-73.91351539
A0217766,INS-000840130,03/25/2025,2025,BA-1424420-2022,BA-1424420,MASK GROCERY LLC,C-TOWN SUPERMARKET,Supermarket - 819,Scale,Scale,Scale Inspection,Computing Scale - 01,4,4,0,,Complete Address,5686,MOSHOLU AVE,,,,BRONX,NY,10471,Bronx,208,11,2084805,2058481761,BX22,40.90542115,-73.90094288
A0217766,INS-000840130,03/25/2025,2025,BA-1424420-2022,BA-1424420,MASK GROCERY LLC,C-TOWN SUPERMARKET,Supermarket - 819,Scale,Scale,Scale Inspection,Customer Scale - 01,1,1,0,,Complete Address,5686,MOSHOLU AVE,,,,BRONX,NY,10471,Bronx,208,11,2084805,2058481761,BX22,40.90542115,-73.90094288
A0150961,INS-000705999,01/22/2024,2024,BA-1249569-2022,BA-1249569,MR. SUPER FOOD CORP.,C-TOWN SUPERMARKET,Supermarket - 819,Scale,Scale,Scale Inspection,Computing Scale - 01,10,10,0,,Complete Address,30,E 198TH ST,,,,BRONX,NY,10468,Bronx,207,14,2017542,2033180123,BX28,40.87114632,-73.89266329
A0150961,INS-000705999,01/22/2024,2024,BA-1249569-2022,BA-1249569,MR. SUPER FOOD CORP.,C-TOWN SUPERMARKET,Supermarket - 819,Scale,Scale,Scale Inspection,Customer Scale - 01,1,1,0,,Complete Address,30,E 198TH ST,,,,BRONX,NY,10468,Bronx,207,14,2017542,2033180123,BX28,40.87114632,-73.89266329
A0160334,INS-000728390,03/26/2024,2024,BA-1265605-2022,BA-1265605,RANIA FOOD CORP.,C-TOWN SUPERMARKET,Supermarket - 819,Scale,Scale,Scale Inspection,Computing Scale - 01,1,1,0,,Complete Address,7924,FLATLANDS AVE,,,,BROOKLYN,NY,11236,Brooklyn,318,46,3224863,3080160038,BK50,40.63516531,-73.91379225
A0154385,INS-000716863,02/14/2024,2024,BA-1265605-2022,BA-1265605,RANIA FOOD CORP.,C-TOWN SUPERMARKET,Supermarket - 819,Scale,Scale,Scale Inspection,Computing Scale - 01,7,6,4,Confiscated,Complete Address,7924,FLATLANDS AVE,,,,BROOKLYN,NY,11236,Brooklyn,318,46,3224863,3080160038,BK50,40.63516531,-73.91379225
A0217227,INS-000838833,03/20/2025,2025,BA-1265605-2022,BA-1265605,RANIA FOOD CORP.,C-TOWN SUPERMARKET,Supermarket - 819,Scale,Scale,Scale Inspection,Pre-pack Scale - 01,2,2,0,,Complete Address,7924,FLATLANDS AVE,,,,BROOKLYN,NY,11236,Brooklyn,318,46,3224863,3080160038,BK50,40.63516531,-73.91379225
A0217227,INS-000838833,03/20/2025,2025,BA-1265605-2022,BA-1265605,RANIA FOOD CORP.,C-TOWN SUPERMARKET,Supermarket - 819,Scale,Scale,Scale Inspection,Computing Scale - 01,4,4,0,,Complete Address,7924,FLATLANDS AVE,,,,BROOKLYN,NY,11236,Brooklyn,318,46,3224863,3080160038,BK50,40.63516531,-73.91379225
A0156724,INS-000721792,03/04/2024,2024,BA-1724989-2025,BA-1724989,SALAT MEAT & GROCERY CORP.,C-Town Supermarkets,Supermarket - 819,Scale,Scale,Scale Inspection,Computing Scale - 01,3,3,0,,Complete Address,7543,METROPOLITAN AVE,,,,MIDDLE VILLAGE,NY,11379,Queens,405,30,4071772,4030660012,QN21,40.71309051,-73.87583429
A0156724,INS-000721792,03/04/2024,2024,BA-1724989-2025,BA-1724989,SALAT MEAT & GROCERY CORP.,C-Town Supermarkets,Supermarket - 819,Scale,Scale,Scale Inspection,Pre-pack Scale - 01,2,2,0,,Complete Address,7543,METROPOLITAN AVE,,,,MIDDLE VILLAGE,NY,11379,Queens,405,30,4071772,4030660012,QN21,40.71309051,-73.87583429
A0156724,INS-000721792,03/04/2024,2024,BA-1724989-2025,BA-1724989,SALAT MEAT & GROCERY CORP.,C-Town Supermarkets,Supermarket - 819,Scale,Scale,Scale Inspection,Customer Scale - 01,1,1,0,,Complete Address,7543,METROPOLITAN AVE,,,,MIDDLE VILLAGE,NY,11379,Queens,405,30,4071772,4030660012,QN21,40.71309051,-73.87583429
A0168706,INS-000743130,05/10/2024,2024,BA-1285890-2022,BA-1285890,GV MEAT & PRODUCE CORP,CARIBBEAN SUPERMARKET,Supermarket - 819,Scale,Scale,Scale Inspection,Computing Scale - 01,5,5,0,,Complete Address,741,UTICA AVE,,,,BROOKLYN,NY,11203,Brooklyn,317,41,3101420,3046560046,BK96,40.65502979,-73.9307235
A0168706,INS-000743130,05/10/2024,2024,BA-1285890-2022,BA-1285890,GV MEAT & PRODUCE CORP,CARIBBEAN SUPERMARKET,Supermarket - 819,Scale,Scale,Scale Inspection,Customer Scale - 01,1,1,0,,Complete Address,741,UTICA AVE,,,,BROOKLYN,NY,11203,Brooklyn,317,41,3101420,3046560046,BK96,40.65502979,-73.9307235
A0168706,INS-000743130,05/10/2024,2024,BA-1285890-2022,BA-1285890,GV MEAT & PRODUCE CORP,CARIBBEAN SUPERMARKET,Supermarket - 819,Scale,Scale,Scale Inspection,Pre-pack Scale - 01,2,2,0,,Complete Address,741,UTICA AVE,,,,BROOKLYN,NY,11203,Brooklyn,317,41,3101420,3046560046,BK96,40.65502979,-73.9307235
A0129493,INS-000655809,07/27/2023,2023,BA-1105487-2022,BA-1105487,BETTER FRUIT INC.,CENTRAL MARKET,Supermarket - 819,Scale,Scale,Scale Inspection,Computing Scale - 01,9,9,0,,Complete Address,220,MANHATTAN AVE,,,,NEW YORK,NY,10025,Manhattan,107,7,1076522,1018457501,MN09,40.80081214,-73.95988608
A0170751,INS-000747320,05/23/2024,2024,BA-1105487-2022,BA-1105487,BETTER FRUIT INC.,CENTRAL MARKET,Supermarket - 819,Scale,Scale,Scale Inspection,Computing Scale - 01,5,5,0,,Complete Address,220,MANHATTAN AVE,,,,NEW YORK,NY,10025,Manhattan,107,7,1076522,1018457501,MN09,40.80081214,-73.95988608
A0170751,INS-000747320,05/23/2024,2024,BA-1105487-2022,BA-1105487,BETTER FRUIT INC.,CENTRAL MARKET,Supermarket - 819,Scale,Scale,Scale Inspection,Pre-pack Scale - 01,3,3,0,,Complete Address,220,MANHATTAN AVE,,,,NEW YORK,NY,10025,Manhattan,107,7,1076522,1018457501,MN09,40.80081214,-73.95988608
A0170751,INS-000747320,05/23/2024,2024,BA-1105487-2022,BA-1105487,BETTER FRUIT INC.,CENTRAL MARKET,Supermarket - 819,Scale,Scale,Scale Inspection,Customer Scale - 01,1,1,0,,Complete Address,220,MANHATTAN AVE,,,,NEW YORK,NY,10025,Manhattan,107,7,1076522,1018457501,MN09,40.80081214,-73.95988608
A0207650,INS-000820486,01/15/2025,2025,BA-1639547-2023,BA-1639547,E&W FOOD CORP.,CENTRAL MARKET,Supermarket - 819,Scale,Scale,Scale Inspection,Computing Scale - 01,8,8,0,,Complete Address,50,DIVISION AVE,,,,BROOKLYN,NY,11249,Brooklyn,301,34,3323168,3021660001,BK72,40.70709223,-73.96673776
A0200515,INS-000806808,11/22/2024,2024,BA-1057343-2022,BA-1057343,EL VERDE MEAT & PRODUCE INC.,CHERRY VALLEY,Supermarket - 819,Scale,Scale,Scale Inspection,Computing Scale - 01,7,7,0,,Complete Address,925,CRESCENT ST,,,,BROOKLYN,NY,11208,Brooklyn,305,42,3098977,3045290049,BK82,40.6647538,-73.86733462
A0130539,INS-000657959,08/08/2023,2023,BA-1327250-2022,BA-1327250,LA JAVIELA MEAT CORP.,CHERRY VALLEY,Supermarket - 819,Scale,Scale,Scale Inspection,Computing Scale - 01,7,7,0,,Complete Address,2016,21ST AVE,,,,ASTORIA,NY,11105,Queens,401,22,4020252,4008920037,QN72,40.78265069,-73.91512872
A0160232,INS-000728220,03/26/2024,2024,BA-1327250-2022,BA-1327250,LA JAVIELA MEAT CORP.,CHERRY VALLEY,Supermarket - 819,Scale,Scale,Scale Inspection,Computing Scale - 01,6,6,0,,Complete Address,2016,21ST AVE,,,,ASTORIA,NY,11105,Queens,401,22,4020252,4008920037,QN72,40.78265069,-73.91512872
A0160232,INS-000728220,03/26/2024,2024,BA-1327250-2022,BA-1327250,LA JAVIELA MEAT CORP.,CHERRY VALLEY,Supermarket - 819,Scale,Scale,Scale Inspection,Customer Scale - 01,1,1,0,,Complete Address,2016,21ST AVE,,,,ASTORIA,NY,11105,Queens,401,22,4020252,4008920037,QN72,40.78265069,-73.91512872
A0160232,INS-000728220,03/26/2024,2024,BA-1327250-2022,BA-1327250,LA JAVIELA MEAT CORP.,CHERRY VALLEY,Supermarket - 819,Scale,Scale,Scale Inspection,Pre-pack Scale - 01,2,2,0,,Complete Address,2016,21ST AVE,,,,ASTORIA,NY,11105,Queens,401,22,4020252,4008920037,QN72,40.78265069,-73.91512872
A0148054,INS-000698460,12/22/2023,2023,BA-1541901-2022,BA-1541901,SANTIAGO MEAT & PRODUCE INC,CHERRY VALLEY MARKET PLACE,Supermarket - 819,Scale,Scale,Scale Inspection,Computing Scale - 01,6,6,0,,Complete Address,9453,CORONA AVE,,,,ELMHURST,NY,11373,Queens,404,25,4040165,4016040058,QN29,40.74230969,-73.86948979
A0148054,INS-000698460,12/22/2023,2023,BA-1541901-2022,BA-1541901,SANTIAGO MEAT & PRODUCE INC,CHERRY VALLEY MARKET PLACE,Supermarket - 819,Scale,Scale,Scale Inspection,Pre-pack Scale - 01,3,3,0,,Complete Address,9453,CORONA AVE,,,,ELMHURST,NY,11373,Queens,404,25,4040165,4016040058,QN29,40.74230969,-73.86948979
A0203095,INS-000811831,12/10/2024,2024,BA-1541901-2022,BA-1541901,SANTIAGO MEAT & PRODUCE INC,CHERRY VALLEY MARKET PLACE,Supermarket - 819,Scale,Scale,Scale Inspection,Computing Scale - 01,6,6,0,,Complete Address,9453,CORONA AVE,,,,ELMHURST,NY,11373,Queens,404,25,4040165,4016040058,QN29,40.74230969,-73.86948979
A0203095,INS-000811831,12/10/2024,2024,BA-1541901-2022,BA-1541901,SANTIAGO MEAT & PRODUCE INC,CHERRY VALLEY MARKET PLACE,Supermarket - 819,Scale,Scale,Scale Inspection,Pre-pack Scale - 01,2,2,0,,Complete Address,9453,CORONA AVE,,,,ELMHURST,NY,11373,Queens,404,25,4040165,4016040058,QN29,40.74230969,-73.86948979
A0203095,INS-000811831,12/10/2024,2024,BA-1541901-2022,BA-1541901,SANTIAGO MEAT & PRODUCE INC,CHERRY VALLEY MARKET PLACE,Supermarket - 819,Scale,Scale,Scale Inspection,Customer Scale - 01,1,1,0,,Complete Address,9453,CORONA AVE,,,,ELMHURST,NY,11373,Queens,404,25,4040165,4016040058,QN29,40.74230969,-73.86948979
A0179463,INS-000764879,07/24/2024,2024,BA-1466394-2022,BA-1466394,MEGA MART LLC,CHESTNUT,Supermarket - 819,Scale,Scale,Scale Inspection,Computing Scale - 01,14,14,0,,Complete Address,700,MYRTLE AVE,,,,BROOKLYN,NY,11205,Brooklyn,303,33,3048556,3017500024,BK75,40.69464366,-73.95550356
A0130345,INS-000657665,08/07/2023,2023,BA-1466394-2022,BA-1466394,MEGA MART LLC,CHESTNUT,Supermarket - 819,Scale,Scale,Scale Inspection,Computing Scale - 01,14,14,0,,Complete Address,700,MYRTLE AVE,,,,BROOKLYN,NY,11205,Brooklyn,303,33,3048556,3017500024,BK75,40.69464366,-73.95550356
A0200377,INS-000806565,11/21/2024,2024,BA-1712835-2024,BA-1712835,CITARELLA EAST LLC,Citarella,Supermarket - 819,Scale,Scale,Scale Inspection,Computing Scale - 01,19,19,0,,Complete Address,1313,3RD AVE,,,,NEW YORK,NY,10021,Manhattan,108,5,1044055,1014300002,MN31,40.77184394,-73.95906232
A0199406,INS-000804884,11/18/2024,2024,BA-1549913-2022,BA-1549913,VILLAGE ENTERPRISES LLC,CITARELLA,Supermarket - 819,Scale,Scale,Scale Inspection,Computing Scale - 01,3,3,0,,Complete Address,424,6TH AVE,,,,NEW YORK,NY,10011,Manhattan,102,2,1009504,1005737502,MN23,40.73433052,-73.99903297
A0201702,INS-000809344,12/03/2024,2024,BA-1097990-2022,BA-1097990,"70 CEDAR PEARL, LLC",CITY ACRES MARKET,Supermarket - 819,Scale,Scale,Scale Inspection,Computing Scale - 01,6,6,0,,Complete Address,70,PINE STREET,,,,NEW YORK,NY,10005,Manhattan,101,1,1001007,1000417504,MN25,40.7063145,-74.00789527
A0151714,INS-000708026,01/25/2024,2024,BA-1097990-2022,BA-1097990,"70 CEDAR PEARL, LLC",CITY ACRES MARKET,Supermarket - 819,Scale,Scale,Scale Inspection,Computing Scale - 01,13,13,0,,Complete Address,70,PINE STREET,,,,NEW YORK,NY,10005,Manhattan,101,1,1001007,1000417504,MN25,40.7063145,-74.00789527
A0196359,INS-000799026,10/29/2024,2024,BA-1123404-2022,BA-1123404,A & D SUPERMARKET CORP,CITY FRESH MARKET,Supermarket - 819,Scale,Scale,Scale Inspection,Computing Scale - 01,7,7,0,,Complete Address,57,KINGSLAND AVE,,,,BROOKLYN,NY,11211,Brooklyn,301,34,3070058,3028660043,BK90,40.71802771,-73.94038365
A0129624,INS-000656089,07/28/2023,2023,BA-1123404-2022,BA-1123404,A & D SUPERMARKET CORP,CITY FRESH MARKET,Supermarket - 819,Scale,Scale,Scale Inspection,Computing Scale - 01,6,6,0,,Complete Address,57,KINGSLAND AVE,,,,BROOKLYN,NY,11211,Brooklyn,301,34,3070058,3028660043,BK90,40.71802771,-73.94038365
A0163262,INS-000733470,04/11/2024,2024,BA-1446377-2022,BA-1446377,ME-ME SUPERMARKET INC.,CITY FRESH MARKET,Supermarket - 819,Scale,Scale,Scale Inspection,Computing Scale - 01,9,9,0,,Complete Address,2115,BROADWAY,,,,ASTORIA,NY,11106,Queens,401,22,4006383,4005540001,QN70,40.76511445,-73.93147539
A0163262,INS-000733470,04/11/2024,2024,BA-1446377-2022,BA-1446377,ME-ME SUPERMARKET INC.,CITY FRESH MARKET,Supermarket - 819,Scale,Scale,Scale Inspection,Customer Scale - 01,2,2,0,,Complete Address,2115,BROADWAY,,,,ASTORIA,NY,11106,Queens,401,22,4006383,4005540001,QN70,40.76511445,-73.93147539
A0163262,INS-000733470,04/11/2024,2024,BA-1446377-2022,BA-1446377,ME-ME SUPERMARKET INC.,CITY FRESH MARKET,Supermarket - 819,Scale,Scale,Scale Inspection,Pre-pack Scale - 01,6,6,0,,Complete Address,2115,BROADWAY,,,,ASTORIA,NY,11106,Queens,401,22,4006383,4005540001,QN70,40.76511445,-73.93147539
A0176559,INS-000759094,07/03/2024,2024,BA-1560223-2022,BA-1560223,"Villa Juana Produce, Inc.",City Fresh Market,Supermarket - 819,Scale,Scale,Scale Inspection,Computing Scale - 01,8,8,0,,Complete Address,2481,VALENTINE AVE,,,,BRONX,NY,10458,Bronx,205,15,2013601,2031530023,BX05,40.8617873,-73.8960984
A0184416,INS-000775857,08/22/2024,2024,BA-1621211-2023,BA-1621211,KDA FOOD CORP.,COMPARE FOOD,Supermarket - 819,Scale,Scale,Scale Inspection,Computing Scale - 01,5,5,0,,Complete Address,306,E 170TH ST,,,,BRONX,NY,10456,Bronx,204,16,2007197,2027830037,BX14,40.83737682,-73.91029578
A0184416,INS-000775857,08/22/2024,2024,BA-1621211-2023,BA-1621211,KDA FOOD CORP.,COMPARE FOOD,Supermarket - 819,Scale,Scale,Scale Inspection,Misc Scale - 01,1,1,0,,Complete Address,306,E 170TH ST,,,,BRONX,NY,10456,Bronx,204,16,2007197,2027830037,BX14,40.83737682,-73.91029578
A0184416,INS-000775857,08/22/2024,2024,BA-1621211-2023,BA-1621211,KDA FOOD CORP.,COMPARE FOOD,Supermarket - 819,Scale,Scale,Scale Inspection,Pre-pack Scale - 01,3,3,0,,Complete Address,306,E 170TH ST,,,,BRONX,NY,10456,Bronx,204,16,2007197,2027830037,BX14,40.83737682,-73.91029578
A0167253,INS-000740278,05/02/2024,2024,BA-1112070-2022,BA-1112070,ABC FIVE WINGS INC,COMPARE FOODS,Supermarket - 819,Scale,Scale,Scale Inspection,Computing Scale - 01,6,6,0,,Complete Address,126,FEATHERBED LN,,,,BRONX,NY,10452,Bronx,205,14,2008772,2028740093,BX36,40.84613963,-73.92006809
A0214314,INS-000833702,03/04/2025,2025,BA-1186122-2022,BA-1186122,D & A 724 FOOD CORP.,COMPARE FOODS,Supermarket - 819,Scale,Scale,Scale Inspection,Customer Scale - 01,1,1,0,,Complete Address,724,HUNTS POINT AVE,,,,BRONX,NY,10474,Bronx,202,17,2006564,2027630256,BX27,40.81524722,-73.88655766
A0214314,INS-000833702,03/04/2025,2025,BA-1186122-2022,BA-1186122,D & A 724 FOOD CORP.,COMPARE FOODS,Supermarket - 819,Scale,Scale,Scale Inspection,Computing Scale - 01,7,7,0,,Complete Address,724,HUNTS POINT AVE,,,,BRONX,NY,10474,Bronx,202,17,2006564,2027630256,BX27,40.81524722,-73.88655766
A0203828,INS-000813134,12/13/2024,2024,BA-1541784-2022,BA-1541784,THE BRANDS FOOD SELLERS INC,COMPARE FOODS,Supermarket - 819,Scale,Scale,Scale Inspection,Computing Scale - 01,7,7,0,,Complete Address,9609,LIBERTY AVE,,,,OZONE PARK,NY,11417,Queens,410,32,4440336,4091190037,QN56,40.68065365,-73.84284388
A0129925,INS-000656781,08/02/2023,2023,BA-1308009-2022,BA-1308009,JOAN FOOD CORP,CTOWN,Supermarket - 819,Scale,Scale,Scale Inspection,Computing Scale - 01,8,8,0,,Complete Address,2115,PITKIN AVE,,,,BROOKLYN,NY,11207,Brooklyn,305,42,3083839,3037220028,BK85,40.67212135,-73.89438231
A0203435,INS-000812464,12/12/2024,2024,BA-1308009-2022,BA-1308009,JOAN FOOD CORP,CTOWN,Supermarket - 819,Scale,Scale,Scale Inspection,Computing Scale - 01,10,10,0,,Complete Address,2115,PITKIN AVE,,,,BROOKLYN,NY,11207,Brooklyn,305,42,3083839,3037220028,BK85,40.67212135,-73.89438231
A0156547,INS-000721422,03/01/2024,2024,BA-1652740-2023,BA-1652740,PJ 37 FOOD CORP,CTOWN SUPERMARKETS,Supermarket - 819,Scale,Scale,Scale Inspection,Computing Scale - 01,8,8,0,,Complete Address,8508,37TH AVE,,,,JACKSON HTS,NY,11372,Queens,403,21,4036240,4014730001,QN28,40.75005445,-73.88132351
A0178985,INS-000763994,07/19/2024,2024,BA-1652740-2023,BA-1652740,PJ 37 FOOD CORP,CTOWN SUPERMARKETS,Supermarket - 819,Scale,Scale,Scale Inspection,Computing Scale - 01,1,1,0,,Complete Address,8508,37TH AVE,,,,JACKSON HTS,NY,11372,Queens,403,21,4036240,4014730001,QN28,40.75005445,-73.88132351
A0142386,INS-000687879,11/09/2023,2023,BA-1677663-2023,BA-1677663,NAMDOR INC,D’AGOSTINO SUPERMARKET #550,Supermarket - 819,Scale,Scale,Scale Inspection,Computing Scale - 01,9,9,0,,Complete Address,165,E 35TH ST,,,,NEW YORK,NY,10016,Manhattan,106,4,1018910,1008910039,MN20,40.74676774,-73.97850489
A0204554,INS-000814599,12/19/2024,2024,BA-1677663-2023,BA-1677663,NAMDOR INC,D’AGOSTINO SUPERMARKET #550,Supermarket - 819,Scale,Scale,Scale Inspection,Computing Scale - 01,9,9,0,,Complete Address,165,E 35TH ST,,,,NEW YORK,NY,10016,Manhattan,106,4,1018910,1008910039,MN20,40.74676774,-73.97850489
A0174768,INS-000755465,06/21/2024,2024,BA-1605280-2023,BA-1605280,A 602 FOOD CORP.,Dan’s supermarket,Supermarket - 819,Scale,Scale,Scale Inspection,Computing Scale - 01,12,12,0,,Complete Address,602,W 185TH ST,,,,NEW YORK,NY,10033,Manhattan,112,10,1063962,1021660016,MN35,40.85178504,-73.93222832
A0174768,INS-000755465,06/21/2024,2024,BA-1605280-2023,BA-1605280,A 602 FOOD CORP.,Dan’s supermarket,Supermarket - 819,Scale,Scale,Scale Inspection,Customer Scale - 01,1,1,0,,Complete Address,602,W 185TH ST,,,,NEW YORK,NY,10033,Manhattan,112,10,1063962,1021660016,MN35,40.85178504,-73.93222832
Certificate of Inspection,Inspection Number,Date of Occurance,Year (added),Business Unique ID,UniqueBusinessID_NoYear,Business Name,DBA Trade Name,Business Category,Inspection type,Device Category,Device Class,Device Type,Devices Inspected,Devices Approved,Devices Condemned/Confiscated,Confiscated,Address Type,Building Number,Street Name,Street Name 2,Unit Type,Unit,City,State,Postcode,Borough,Community Board,Council District,BIN,BBL,NTA,Latitude,Longitude
A0204393,INS-000814303,12/19/2024,2024,BA-1100810-2022,BA-1100810,Advanced domino inc,Domino,Supermarket - 819,Scale,Scale,Scale Inspection,Computing Scale - 01,18,18,0,,Complete Address,1824,KINGS HWY,,,,BROOKLYN,NY,11229,Brooklyn,315,48,3182483,3067810018,BK44,40.61003841,-73.95530064
A0216085,INS-000836801,03/13/2025,2025,BA-1100810-2022,BA-1100810,Advanced domino inc,Domino,Supermarket - 819,Scale,Scale,Scale Inspection,Computing Scale - 01,19,19,0,,Complete Address,1824,KINGS HWY,,,,BROOKLYN,NY,11229,Brooklyn,315,48,3182483,3067810018,BK44,40.61003841,-73.95530064
A0187582,INS-000782020,09/11/2024,2024,BA-1072750-2022,BA-1072750,16TH AVENUE GROCERY INC.,EINHORN GROCERY,Supermarket - 819,Scale,Scale,Scale Inspection,Computing Scale - 01,5,5,0,,Complete Address,5222,16TH AVE,,,,BROOKLYN,NY,11204,Brooklyn,312,44,3129895,3054710146,BK88,40.6291886,-73.98744485
A0217533,INS-000845633,03/21/2025,2025,BA-1708496-2024,BA-1708496,Markella Corp.,Euro Market,Supermarket - 819,Scale,Scale,Scale Inspection,Computing Scale - 01,2,2,0,,Complete Address,3042,31ST ST,,,,ASTORIA,NY,11102,Queens,401,22,4007661,4005930043,QN70,40.76592374,-73.92218597
A0214102,INS-000833295,02/28/2025,2025,BA-1708496-2024,BA-1708496,Markella Corp.,Euro Market,Supermarket - 819,Scale,Scale,Scale Inspection,Pre-pack Scale - 01,3,1,1,Confiscated,Complete Address,3042,31ST ST,,,,ASTORIA,NY,11102,Queens,401,22,4007661,4005930043,QN70,40.76592374,-73.92218597
A0214102,INS-000833295,02/28/2025,2025,BA-1708496-2024,BA-1708496,Markella Corp.,Euro Market,Supermarket - 819,Scale,Scale,Scale Inspection,Computing Scale - 01,3,3,0,,Complete Address,3042,31ST ST,,,,ASTORIA,NY,11102,Queens,401,22,4007661,4005930043,QN70,40.76592374,-73.92218597
A0138270,INS-000680942,10/05/2023,2023,BA-1412912-2022,BA-1412912,NATURAL FOOD LAND LLC,EXQUISITE FOOD LAND,Supermarket - 819,Scale,Scale,Scale Inspection,Computing Scale - 01,11,11,0,,Complete Address,409,BRIGHTON BEACH AVE,,,,BROOKLYN,NY,11235,Brooklyn,313,48,3244838,3086740071,BK19,40.57726279,-73.963091
A0205448,INS-000816202,12/27/2024,2024,BA-1412912-2022,BA-1412912,NATURAL FOOD LAND LLC,EXQUISITE FOOD LAND,Supermarket - 819,Scale,Scale,Scale Inspection,Computing Scale - 01,6,6,0,,Complete Address,409,BRIGHTON BEACH AVE,,,,BROOKLYN,NY,11235,Brooklyn,313,48,3244838,3086740071,BK19,40.57726279,-73.963091
A0162295,INS-000731771,04/05/2024,2024,BA-1623057-2023,BA-1623057,312  FOOD  CORP,EXTRA  JUMBO  MARKETPLACE,Supermarket - 819,Scale,Scale,Scale Inspection,Computing Scale - 01,8,8,0,,Complete Address,312,AUDUBON AVENUE,,,,NEW YORK,NY,10033,Manhattan,112,10,1081873,1021530072,,40.84847237,-73.93254255
A0153782,INS-000715445,02/08/2024,2024,BA-1722356-2025,BA-1722356,3788 Food Corp.,Extra Jumbo By Associated,Supermarket - 819,Scale,Scale,Scale Inspection,Pre-pack Scale - 01,2,2,0,,Complete Address,3788,BROADWAY,,,,NEW YORK,NY,10032,Manhattan,112,10,1084194,1021160001,MN36,40.83434357,-73.94465927
A0153782,INS-000715445,02/08/2024,2024,BA-1722356-2025,BA-1722356,3788 Food Corp.,Extra Jumbo By Associated,Supermarket - 819,Scale,Scale,Scale Inspection,Computing Scale - 01,8,8,0,,Complete Address,3788,BROADWAY,,,,NEW YORK,NY,10032,Manhattan,112,10,1084194,1021160001,MN36,40.83434357,-73.94465927
A0213011,INS-000831614,02/25/2025,2025,BA-1722356-2025,BA-1722356,3788 Food Corp.,Extra Jumbo By Associated,Supermarket - 819,Scale,Scale,Scale Inspection,Computing Scale - 02,1,0,1,Confiscated,Complete Address,3788,BROADWAY,,,,NEW YORK,NY,10032,Manhattan,112,10,1084194,1021160001,MN36,40.83434357,-73.94465927
A0213011,INS-000831614,02/25/2025,2025,BA-1722356-2025,BA-1722356,3788 Food Corp.,Extra Jumbo By Associated,Supermarket - 819,Scale,Scale,Scale Inspection,Computing Scale - 01,10,10,0,,Complete Address,3788,BROADWAY,,,,NEW YORK,NY,10032,Manhattan,112,10,1084194,1021160001,MN36,40.83434357,-73.94465927
A0213571,INS-000832117,02/27/2025,2025,BA-1722356-2025,BA-1722356,3788 Food Corp.,Extra Jumbo By Associated,Supermarket - 819,Scale,Scale,Scale Inspection,Computing Scale - 01,1,1,0,,Complete Address,3788,BROADWAY,,,,NEW YORK,NY,10032,Manhattan,112,10,1084194,1021160001,MN36,40.83434357,-73.94465927
A0190562,INS-000787306,09/26/2024,2024,BA-1095295-2022,BA-1095295,ALRA CORP.,EXTRA JUMBO MARKET PLACE,Supermarket - 819,Scale,Scale,Scale Inspection,Computing Scale - 01,11,11,0,,Complete Address,1384,NELSON AVE,,,,BRONX,NY,10452,Bronx,204,16,2098366,2025200032,BX26,40.84158788,-73.9225926
A0146973,INS-000693448,12/14/2023,2023,BA-1527531-2022,BA-1527531,VSM NY Holdings LLC,Fairway,Supermarket - 819,Scale,Scale,Scale Inspection,Computing Scale - 01,5,5,0,,Complete Address,2131,BROADWAY,,,,NEW YORK,NY,10023,Manhattan,107,6,1030725,1011660024,MN12,40.7807207,-73.98140787
A0177399,INS-000755848,07/10/2024,2024,BA-1527531-2022,BA-1527531,VSM NY Holdings LLC,Fairway,Supermarket - 819,Scale,Scale,Scale Inspection,Pre-pack Scale - 01,6,6,0,,Complete Address,2131,BROADWAY,,,,NEW YORK,NY,10023,Manhattan,107,6,1030725,1011660024,MN12,40.7807207,-73.98140787
A0183379,INS-000773556,08/15/2024,2024,BA-1527531-2022,BA-1527531,VSM NY Holdings LLC,Fairway,Supermarket - 819,Scale,Scale,Scale Inspection,Computing Scale - 01,4,4,0,,Complete Address,2131,BROADWAY,,,,NEW YORK,NY,10023,Manhattan,107,6,1030725,1011660024,MN12,40.7807207,-73.98140787
A0143208,INS-000686988,11/16/2023,2023,BA-1527531-2022,BA-1527531,VSM NY Holdings LLC,Fairway,Supermarket - 819,Scale,Scale,Scale Inspection,Computing Scale - 01,7,7,0,,Complete Address,2131,BROADWAY,,,,NEW YORK,NY,10023,Manhattan,107,6,1030725,1011660024,MN12,40.7807207,-73.98140787
A0177399,INS-000755848,07/10/2024,2024,BA-1527531-2022,BA-1527531,VSM NY Holdings LLC,Fairway,Supermarket - 819,Scale,Scale,Scale Inspection,Customer Scale - 01,2,2,0,,Complete Address,2131,BROADWAY,,,,NEW YORK,NY,10023,Manhattan,107,6,1030725,1011660024,MN12,40.7807207,-73.98140787
A0177399,INS-000755848,07/10/2024,2024,BA-1527531-2022,BA-1527531,VSM NY Holdings LLC,Fairway,Supermarket - 819,Scale,Scale,Scale Inspection,Computing Scale - 01,34,34,0,,Complete Address,2131,BROADWAY,,,,NEW YORK,NY,10023,Manhattan,107,6,1030725,1011660024,MN12,40.7807207,-73.98140787
A0160261,INS-000728270,03/26/2024,2024,BA-1552608-2022,BA-1552608,ROCKAWAY PRODUCE INC.,FARM BOY COUNTRY MARKET,Supermarket - 819,Scale,Scale,Scale Inspection,Computing Scale - 01,14,14,0,,Complete Address,12720,ROCKAWAY BLVD,,,,SOUTH OZONE PARK,NY,11420,Queens,410,28,4254803,4117490048,QN55,40.67516197,-73.81046125
A0195343,INS-000796951,10/23/2024,2024,BA-1672413-2023,BA-1672413,ASTORIA FARM FOOD CORP,FARM COUNTRY,Supermarket - 819,Scale,Scale,Scale Inspection,Computing Scale - 01,2,2,0,,Complete Address,3715,31ST AVE,,,,ASTORIA,NY,11103,Queens,401,22,4010550,4006590003,QN70,40.76198522,-73.91847969
A0205139,INS-000815629,12/24/2024,2024,BA-1310670-2022,BA-1310670,LINDEN FARMS FOOD CORP,FARM COUNTRY,Supermarket - 819,Scale,Scale,Scale Inspection,Computing Scale - 01,18,18,0,,Complete Address,2205,LINDEN BLVD,,,,BROOKLYN,NY,11207,Brooklyn,305,42,3097593,3043340007,BK82,40.66253497,-73.88145398
A0194284,INS-000794704,10/17/2024,2024,BA-1711875-2024,BA-1711875,ELMHURST FARMS FOOD CORP,FARM COUNTRY SUPERMARKET,Supermarket - 819,Scale,Scale,Scale Inspection,Computing Scale - 01,9,9,0,,Complete Address,7555,31ST AVE,,,,EAST ELMHURST,NY,11370,Queens,403,25,4439602,4011240001,QN28,40.75860939,-73.89203608
A0194284,INS-000794704,10/17/2024,2024,BA-1711875-2024,BA-1711875,ELMHURST FARMS FOOD CORP,FARM COUNTRY SUPERMARKET,Supermarket - 819,Scale,Scale,Scale Inspection,Pre-pack Scale - 01,2,2,0,,Complete Address,7555,31ST AVE,,,,EAST ELMHURST,NY,11370,Queens,403,25,4439602,4011240001,QN28,40.75860939,-73.89203608
A0150617,INS-000704248,01/18/2024,2024,BA-1116885-2022,BA-1116885,1221 FTELEY FOOD CORP.,FINE FARE,Supermarket - 819,Scale,Scale,Scale Inspection,Computing Scale - 01,17,17,0,,Complete Address,1221,FTELEY AVE,,,,BRONX,NY,10472,Bronx,209,18,2024027,2037470001,BX55,40.82991316,-73.87171371
A0158829,INS-000725618,03/18/2024,2024,BA-1097510-2022,BA-1097510,545 GRAND FOOD CORP.,FINE FARE,Supermarket - 819,Scale,Scale,Scale Inspection,Customer Scale - 01,10,10,0,,Complete Address,545,GRAND ST,,,,NEW YORK,NY,10002,Manhattan,103,1,1091052,1002660060,MN28,40.7142126,-73.98078433
A0190455,INS-000787139,09/26/2024,2024,BA-1285968-2022,BA-1285968,GREEN FOREST FOOD CORP,FINE FARE,Supermarket - 819,Scale,Scale,Scale Inspection,Computing Scale - 01,16,16,0,,Complete Address,1136,OGDEN AVE,,,,BRONX,NY,10452,Bronx,204,16,2003264,2025140040,BX26,40.83635138,-73.92743402
A0216472,INS-000837430,03/14/2025,2025,BA-1285968-2022,BA-1285968,GREEN FOREST FOOD CORP,FINE FARE,Supermarket - 819,Scale,Scale,Scale Inspection,Customer Scale - 01,1,1,0,,Complete Address,1136,OGDEN AVE,,,,BRONX,NY,10452,Bronx,204,16,2003264,2025140040,BX26,40.83635138,-73.92743402
A0216472,INS-000837430,03/14/2025,2025,BA-1285968-2022,BA-1285968,GREEN FOREST FOOD CORP,FINE FARE,Supermarket - 819,Scale,Scale,Scale Inspection,Computing Scale - 01,12,12,0,,Complete Address,1136,OGDEN AVE,,,,BRONX,NY,10452,Bronx,204,16,2003264,2025140040,BX26,40.83635138,-73.92743402
A0159769,INS-000727260,03/22/2024,2024,BA-1370936-2022,BA-1370936,"VARGAS AND RODRIGUEZ SUPERMARKETS, INC",FINE FARE,Supermarket - 819,Scale,Scale,Scale Inspection,Computing Scale - 01,7,7,0,,Complete Address,3131,GRAND CONCOURSE,,,,BRONX,NY,10468,Bronx,207,11,2017320,2033110001,BX05,40.87512005,-73.88630726
A0196565,INS-000799419,10/29/2024,2024,BA-1120808-2022,BA-1120808,261 FOOD CORP.,FINE FARE SUPERMARKET,Supermarket - 819,Scale,Scale,Scale Inspection,Computing Scale - 01,5,5,0,,Complete Address,261,KINGSTON AVENUE,,,,BROOKLYN,NY,11213,Brooklyn,308,35,3032487,3012580007,BK61,40.67082402,-73.94205164
A0129105,INS-000655053,07/21/2023,2023,BA-1120808-2022,BA-1120808,261 FOOD CORP.,FINE FARE SUPERMARKET,Supermarket - 819,Scale,Scale,Scale Inspection,Computing Scale - 01,5,5,0,,Complete Address,261,KINGSTON AVENUE,,,,BROOKLYN,NY,11213,Brooklyn,308,35,3032487,3012580007,BK61,40.67082402,-73.94205164
A0213298,INS-000832089,02/26/2025,2025,BA-1583284-2023,BA-1583284,ALMONTE GARDENS FOOD CORP.,Fine fare supermarket,Supermarket - 819,Scale,Scale,Scale Inspection,Computing Scale - 01,9,9,0,,Complete Address,14544,FARMERS BLVD,,,,JAMAICA,NY,11434,Queens,413,31,4285492,4133130033,QN03,40.66488469,-73.76806474
A0176975,INS-000759929,07/09/2024,2024,BA-1190413-2022,BA-1190413,CENTRAL PARK NORTH MEAT LLC,FINE FARE SUPERMARKET,Supermarket - 819,Scale,Scale,Scale Inspection,Customer Scale - 01,1,1,0,,Complete Address,37,LENOX AVE,,,,NEW YORK,NY,10026,Manhattan,110,9,1054959,1018210031,MN11,40.79929665,-73.95167008
A0176975,INS-000759929,07/09/2024,2024,BA-1190413-2022,BA-1190413,CENTRAL PARK NORTH MEAT LLC,FINE FARE SUPERMARKET,Supermarket - 819,Scale,Scale,Scale Inspection,Computing Scale - 01,5,5,0,,Complete Address,37,LENOX AVE,,,,NEW YORK,NY,10026,Manhattan,110,9,1054959,1018210031,MN11,40.79929665,-73.95167008
A0176975,INS-000759929,07/09/2024,2024,BA-1190413-2022,BA-1190413,CENTRAL PARK NORTH MEAT LLC,FINE FARE SUPERMARKET,Supermarket - 819,Scale,Scale,Scale Inspection,Pre-pack Scale - 01,2,2,0,,Complete Address,37,LENOX AVE,,,,NEW YORK,NY,10026,Manhattan,110,9,1054959,1018210031,MN11,40.79929665,-73.95167008
A0184442,INS-000775903,08/22/2024,2024,BA-1706938-2024,BA-1706938,FRANTON FOOD CORP.,Fine Fare Supermarket,Supermarket - 819,Scale,Scale,Scale Inspection,Computing Scale - 01,10,10,0,,Complete Address,1498,FLATBUSH AVE,,,,BROOKLYN,NY,11210,Brooklyn,314,45,3205861,3075570041,BK42,40.63423668,-73.94914869
A0212002,INS-000829958,02/14/2025,2025,BA-1706938-2024,BA-1706938,FRANTON FOOD CORP.,Fine Fare Supermarket,Supermarket - 819,Scale,Scale,Scale Inspection,Computing Scale - 01,8,8,0,,Complete Address,1498,FLATBUSH AVE,,,,BROOKLYN,NY,11210,Brooklyn,314,45,3205861,3075570041,BK42,40.63423668,-73.94914869
A0199765,INS-000802775,11/20/2024,2024,BA-1441088-2022,BA-1441088,PALERO FOOD CORP.,FINE FARE SUPERMARKET,Supermarket - 819,Scale,Scale,Scale Inspection,Computing Scale - 01,8,8,0,,Complete Address,3550,WHITE PLAINS RD,,,,BRONX,NY,10467,Bronx,212,12,2057682,2046570060,BX44,40.87837802,-73.86587416
A0199765,INS-000802775,11/20/2024,2024,BA-1441088-2022,BA-1441088,PALERO FOOD CORP.,FINE FARE SUPERMARKET,Supermarket - 819,Scale,Scale,Scale Inspection,Customer Scale - 01,1,1,0,,Complete Address,3550,WHITE PLAINS RD,,,,BRONX,NY,10467,Bronx,212,12,2057682,2046570060,BX44,40.87837802,-73.86587416
A0139311,INS-000682634,10/16/2023,2023,BA-1441088-2022,BA-1441088,PALERO FOOD CORP.,FINE FARE SUPERMARKET,Supermarket - 819,Scale,Scale,Scale Inspection,Computing Scale - 01,9,9,0,,Complete Address,3550,WHITE PLAINS RD,,,,BRONX,NY,10467,Bronx,212,12,2057682,2046570060,BX44,40.87837802,-73.86587416
A0162235,INS-000731668,04/04/2024,2024,BA-1379267-2022,BA-1379267,POLO GROUNDS MEAT CORP.,FINE FARE SUPERMARKETS,Supermarket - 819,Scale,Scale,Scale Inspection,Computing Scale - 01,8,8,0,,Complete Address,2927,FREDERICK DOUGLASS BLVD,,,,NEW YORK,NY,10039,Manhattan,110,9,1082089,1021060003,MN03,40.82932239,-73.93716551
A0152706,INS-000711028,02/01/2024,2024,BA-1272365-2022,BA-1272365,EDWARD FOOD INC,FINEFARE,Supermarket - 819,Scale,Scale,Scale Inspection,Computing Scale - 01,5,5,0,,Complete Address,4725,WHITE PLAINS RD,,,,BRONX,NY,10470,Bronx,212,11,2071768,2051070032,BX62,40.90399927,-73.84994151
A0152706,INS-000711028,02/01/2024,2024,BA-1272365-2022,BA-1272365,EDWARD FOOD INC,FINEFARE,Supermarket - 819,Scale,Scale,Scale Inspection,Customer Scale - 01,1,1,0,,Complete Address,4725,WHITE PLAINS RD,,,,BRONX,NY,10470,Bronx,212,11,2071768,2051070032,BX62,40.90399927,-73.84994151
A0213393,INS-000832217,02/26/2025,2025,BA-1272365-2022,BA-1272365,EDWARD FOOD INC,FINEFARE,Supermarket - 819,Scale,Scale,Scale Inspection,Computing Scale - 01,7,7,0,,Complete Address,4725,WHITE PLAINS RD,,,,BRONX,NY,10470,Bronx,212,11,2071768,2051070032,BX62,40.90399927,-73.84994151
A0178315,INS-000762631,07/16/2024,2024,BA-1102868-2022,BA-1102868,16TH STREET COOPERATIVE CORPORATION,FLATBUSH FOOD COOP,Supermarket - 819,Scale,Scale,Scale Inspection,Computing Scale - 01,12,12,0,,Complete Address,1415,CORTELYOU RD,,,,BROOKLYN,NY,11226,Brooklyn,314,40,3118399,3051450070,BK42,40.64092893,-73.96508802
A0129641,INS-000656121,07/31/2023,2023,BA-1102868-2022,BA-1102868,16TH STREET COOPERATIVE CORPORATION,FLATBUSH FOOD COOP,Supermarket - 819,Scale,Scale,Scale Inspection,Computing Scale - 01,10,10,0,,Complete Address,1415,CORTELYOU RD,,,,BROOKLYN,NY,11226,Brooklyn,314,40,3118399,3051450070,BK42,40.64092893,-73.96508802
A0201381,INS-000808666,11/29/2024,2024,BA-1715636-2024,BA-1715636,"AFS MARKET, INC",Food Bazaar,Supermarket - 819,Scale,Scale,Scale Inspection,Computing Scale - 01,29,29,0,,Complete Address,1102,MYRTLE AVE,,,,BROOKLYN,NY,11206,Brooklyn,303,36,3000000,3015867501,BK35,40.69681689,-73.9366052
A0173956,INS-000753802,06/14/2024,2024,BA-1643083-2023,BA-1643083,"BOGOPA 58-01, LLC",FOOD BAZAAR,Supermarket - 819,Scale,Scale,Scale Inspection,Computing Scale - 01,11,11,0,,Complete Address,5801,JUNCTION BLVD,,,,ELMHURST,NY,11373,Queens,404,21,4047313,4019180045,QN25,40.73589328,-73.8654393
A0173956,INS-000753802,06/14/2024,2024,BA-1643083-2023,BA-1643083,"BOGOPA 58-01, LLC",FOOD BAZAAR,Supermarket - 819,Scale,Scale,Scale Inspection,Customer Scale - 01,1,1,0,,Complete Address,5801,JUNCTION BLVD,,,,ELMHURST,NY,11373,Queens,404,21,4047313,4019180045,QN25,40.73589328,-73.8654393
A0173956,INS-000753802,06/14/2024,2024,BA-1643083-2023,BA-1643083,"BOGOPA 58-01, LLC",FOOD BAZAAR,Supermarket - 819,Scale,Scale,Scale Inspection,Pre-pack Scale - 01,5,5,0,,Complete Address,5801,JUNCTION BLVD,,,,ELMHURST,NY,11373,Queens,404,21,4047313,4019180045,QN25,40.73589328,-73.8654393
A0201410,INS-000808726,11/29/2024,2024,BA-1072162-2022,BA-1072162,"BOGOPA BG FLATLANDS, LLC",FOOD BAZAAR,Supermarket - 819,Scale,Scale,Scale Inspection,Computing Scale - 01,38,38,0,,Complete Address,11110,FLATLANDS AVE,,,,BROOKLYN,NY,11207,Brooklyn,318,42,3231522,3082350053,BK93,40.65026697,-73.89097171
A0152408,INS-000710405,01/30/2024,2024,BA-1568014-2023,BA-1568014,"Bogopa Flatbush,Inc",Food bazaar,Supermarket - 819,Scale,Scale,Scale Inspection,Computing Scale - 01,20,20,0,,Complete Address,1009,FLATBUSH AVE,,,,BROOKLYN,NY,11226,Brooklyn,314,40,3117671,3051260001,BK95,40.64670986,-73.95810127
A0156122,INS-000722885,02/28/2024,2024,BA-1568014-2023,BA-1568014,"Bogopa Flatbush,Inc",Food bazaar,Supermarket - 819,Scale,Scale,Scale Inspection,Computing Scale - 01,3,3,0,,Complete Address,1009,FLATBUSH AVE,,,,BROOKLYN,NY,11226,Brooklyn,314,40,3117671,3051260001,BK95,40.64670986,-73.95810127
A0189282,INS-000785028,09/20/2024,2024,BA-1115529-2022,BA-1115529,"BOGOPA LIC, INC.",FOOD BAZAAR,Supermarket - 819,Scale,Scale,Scale Inspection,Computing Scale - 01,22,22,0,,Complete Address,4202,NORTHERN BLVD,,,,LONG ISLAND CITY,NY,11101,Queens,401,26,4002366,4001830051,QN31,40.75307504,-73.92137805
A0189282,INS-000785028,09/20/2024,2024,BA-1115529-2022,BA-1115529,"BOGOPA LIC, INC.",FOOD BAZAAR,Supermarket - 819,Scale,Scale,Scale Inspection,Customer Scale - 01,1,1,0,,Complete Address,4202,NORTHERN BLVD,,,,LONG ISLAND CITY,NY,11101,Queens,401,26,4002366,4001830051,QN31,40.75307504,-73.92137805
A0189282,INS-000785028,09/20/2024,2024,BA-1115529-2022,BA-1115529,"BOGOPA LIC, INC.",FOOD BAZAAR,Supermarket - 819,Scale,Scale,Scale Inspection,Pre-pack Scale - 01,22,22,0,,Complete Address,4202,NORTHERN BLVD,,,,LONG ISLAND CITY,NY,11101,Queens,401,26,4002366,4001830051,QN31,40.75307504,-73.92137805
A0161491,INS-000726683,04/02/2024,2024,BA-943852-2022,BA-943852-,"BOGOPA-BRUCKNER, INC.",FOOD BAZAAR,Supermarket - 819,Scale,Scale,Scale Inspection,Computing Scale - 01,6,6,0,,Complete Address,1630,BRUCKNER BLVD,,,,BRONX,NY,10473,Bronx,209,18,2094828,2036530050,BX09,40.82401157,-73.87379182
A0155420,INS-000719066,02/22/2024,2024,BA-943852-2022,BA-943852-,"BOGOPA-BRUCKNER, INC.",FOOD BAZAAR,Supermarket - 819,Scale,Scale,Scale Inspection,Computing Scale - 01,24,24,0,,Complete Address,1630,BRUCKNER BLVD,,,,BRONX,NY,10473,Bronx,209,18,2094828,2036530050,BX09,40.82401157,-73.87379182
A0185322,INS-000777782,08/28/2024,2024,BA-943852-2022,BA-943852-,"BOGOPA-BRUCKNER, INC.",FOOD BAZAAR,Supermarket - 819,Scale,Scale,Scale Inspection,Computing Scale - 01,2,2,0,,Complete Address,1630,BRUCKNER BLVD,,,,BRONX,NY,10473,Bronx,209,18,2094828,2036530050,BX09,40.82401157,-73.87379182
A0157280,INS-000722763,03/06/2024,2024,BA-968582-2022,BA-968582-,"BOGOPA-JUNIUS, INC.",FOOD BAZAAR,Supermarket - 819,Scale,Scale,Scale Inspection,Computing Scale - 01,8,8,0,,Complete Address,417,JUNIUS ST,,,,BROOKLYN,NY,11212,Brooklyn,316,42,3084597,3037980025,BK81,40.66441495,-73.9016288
A0157280,INS-000722763,03/06/2024,2024,BA-968582-2022,BA-968582-,"BOGOPA-JUNIUS, INC.",FOOD BAZAAR,Supermarket - 819,Scale,Scale,Scale Inspection,Customer Scale - 01,1,1,0,,Complete Address,417,JUNIUS ST,,,,BROOKLYN,NY,11212,Brooklyn,316,42,3084597,3037980025,BK81,40.66441495,-73.9016288
A0157280,INS-000722763,03/06/2024,2024,BA-968582-2022,BA-968582-,"BOGOPA-JUNIUS, INC.",FOOD BAZAAR,Supermarket - 819,Scale,Scale,Scale Inspection,Misc Scale - 01,14,14,0,,Complete Address,417,JUNIUS ST,,,,BROOKLYN,NY,11212,Brooklyn,316,42,3084597,3037980025,BK81,40.66441495,-73.9016288
A0157280,INS-000722763,03/06/2024,2024,BA-968582-2022,BA-968582-,"BOGOPA-JUNIUS, INC.",FOOD BAZAAR,Supermarket - 819,Scale,Scale,Scale Inspection,Pre-pack Scale - 01,2,2,0,,Complete Address,417,JUNIUS ST,,,,BROOKLYN,NY,11212,Brooklyn,316,42,3084597,3037980025,BK81,40.66441495,-73.9016288
A0126932,INS-000651513,07/05/2023,2023,BA-1125609-2022,BA-1125609,"BOGOPA-MANHATTAN, INC.",FOOD BAZAAR,Supermarket - 819,Scale,Scale,Scale Inspection,Computing Scale - 01,42,42,0,,Complete Address,21,MANHATTAN AVE,,,,BROOKLYN,NY,11206,Brooklyn,301,34,3071500,3031040001,BK90,40.70293893,-73.94423458
A0203735,INS-000812958,12/13/2024,2024,BA-1125609-2022,BA-1125609,"BOGOPA-MANHATTAN, INC.",FOOD BAZAAR,Supermarket - 819,Scale,Scale,Scale Inspection,Computing Scale - 01,20,20,0,,Complete Address,21,MANHATTAN AVE,,,,BROOKLYN,NY,11206,Brooklyn,301,34,3071500,3031040001,BK90,40.70293893,-73.94423458
A0202927,INS-000811535,12/10/2024,2024,BA-1087129-2022,BA-1087129,"BOGOPA, INC",FOOD BAZAAR,Supermarket - 819,Scale,Scale,Scale Inspection,Computing Scale - 01,21,21,0,,Complete Address,454,WYCKOFF AVE,,,,BROOKLYN,NY,11237,Brooklyn,304,37,3076702,3033540029,BK77,40.69860752,-73.90942583
A0192962,INS-000791925,10/09/2024,2024,BA-1602859-2023,BA-1602859,BOGOPA RED HOOK LLC,Food Bazaar Supermarket,Supermarket - 819,Scale,Scale,Scale Inspection,Computing Scale - 01,2,2,0,,Complete Address,480,VAN BRUNT ST,,,,BROOKLYN,NY,11231,Brooklyn,306,38,3008873,3006110011,BK33,40.67443037,-74.01634538
A0128370,INS-000653811,07/14/2023,2023,BA-1602859-2023,BA-1602859,BOGOPA RED HOOK LLC,Food Bazaar Supermarket,Supermarket - 819,Scale,Scale,Scale Inspection,Computing Scale - 01,39,39,0,,Complete Address,480,VAN BRUNT ST,,,,BROOKLYN,NY,11231,Brooklyn,306,38,3008873,3006110011,BK33,40.67443037,-74.01634538
A0217186,INS-000838767,03/20/2025,2025,BA-1602859-2023,BA-1602859,BOGOPA RED HOOK LLC,Food Bazaar Supermarket,Supermarket - 819,Scale,Scale,Scale Inspection,Computing Scale - 01,36,36,0,,Complete Address,480,VAN BRUNT ST,,,,BROOKLYN,NY,11231,Brooklyn,306,38,3008873,3006110011,BK33,40.67443037,-74.01634538
A0217205,INS-000838798,03/20/2025,2025,BA-1602859-2023,BA-1602859,BOGOPA RED HOOK LLC,Food Bazaar Supermarket,Supermarket - 819,Scale,Scale,Scale Inspection,Computing Scale - 01,5,5,0,,Complete Address,480,VAN BRUNT ST,,,,BROOKLYN,NY,11231,Brooklyn,306,38,3008873,3006110011,BK33,40.67443037,-74.01634538
A0169086,INS-000743978,05/14/2024,2024,BA-1121195-2022,BA-1121195,37TH AVE. MARKET INC.,Food Bazaar Supermarket #17,Supermarket - 819,Scale,Scale,Scale Inspection,Computing Scale - 01,29,29,0,,Complete Address,3560,JUNCTION BLVD,,,,CORONA,NY,11368,Queens,403,21,4036187,4014690031,QN28,40.75298917,-73.87162363
A0126891,INS-000649322,07/05/2023,2023,BA-1638510-2023,BA-1638510,SIMPLY FOOD COURT SQUARE LLC,FOOD CELLAR & CO,Supermarket - 819,Scale,Scale,Scale Inspection,Computing Scale - 01,2,2,0,,Complete Address,4318,CRESCENT ST,,,,LONG ISLAND CITY,NY,11101,Queens,402,26,4539949,4004350013,QN31,40.74866018,-73.94236289
A0155739,INS-000719802,02/26/2024,2024,BA-1638510-2023,BA-1638510,SIMPLY FOOD COURT SQUARE LLC,FOOD CELLAR & CO,Supermarket - 819,Scale,Scale,Scale Inspection,Computing Scale - 01,10,10,0,,Complete Address,4318,CRESCENT ST,,,,LONG ISLAND CITY,NY,11101,Queens,402,26,4539949,4004350013,QN31,40.74866018,-73.94236289
A0155739,INS-000719802,02/26/2024,2024,BA-1638510-2023,BA-1638510,SIMPLY FOOD COURT SQUARE LLC,FOOD CELLAR & CO,Supermarket - 819,Scale,Scale,Scale Inspection,Customer Scale - 01,1,1,0,,Complete Address,4318,CRESCENT ST,,,,LONG ISLAND CITY,NY,11101,Queens,402,26,4539949,4004350013,QN31,40.74866018,-73.94236289
A0155739,INS-000719802,02/26/2024,2024,BA-1638510-2023,BA-1638510,SIMPLY FOOD COURT SQUARE LLC,FOOD CELLAR & CO,Supermarket - 819,Scale,Scale,Scale Inspection,Pre-pack Scale - 01,12,12,0,,Complete Address,4318,CRESCENT ST,,,,LONG ISLAND CITY,NY,11101,Queens,402,26,4539949,4004350013,QN31,40.74866018,-73.94236289
A0206362,INS-000818013,01/06/2025,2025,BA-1638510-2023,BA-1638510,SIMPLY FOOD COURT SQUARE LLC,FOOD CELLAR & CO,Supermarket - 819,Scale,Scale,Scale Inspection,Pre-pack Scale - 01,4,4,0,,Complete Address,4318,CRESCENT ST,,,,LONG ISLAND CITY,NY,11101,Queens,402,26,4539949,4004350013,QN31,40.74866018,-73.94236289
A0206362,INS-000818013,01/06/2025,2025,BA-1638510-2023,BA-1638510,SIMPLY FOOD COURT SQUARE LLC,FOOD CELLAR & CO,Supermarket - 819,Scale,Scale,Scale Inspection,Computing Scale - 01,15,15,0,,Complete Address,4318,CRESCENT ST,,,,LONG ISLAND CITY,NY,11101,Queens,402,26,4539949,4004350013,QN31,40.74866018,-73.94236289
A0206362,INS-000818013,01/06/2025,2025,BA-1638510-2023,BA-1638510,SIMPLY FOOD COURT SQUARE LLC,FOOD CELLAR & CO,Supermarket - 819,Scale,Scale,Scale Inspection,Customer Scale - 01,1,1,0,,Complete Address,4318,CRESCENT ST,,,,LONG ISLAND CITY,NY,11101,Queens,402,26,4539949,4004350013,QN31,40.74866018,-73.94236289
A0205288,INS-000815919,12/26/2024,2024,BA-1596321-2023,BA-1596321,ABC Eight Wings Inc.,Food City Market,Supermarket - 819,Scale,Scale,Scale Inspection,Computing Scale - 01,7,7,0,,Complete Address,85,AVENUE D,,,,NEW YORK,NY,10009,Manhattan,103,2,1090645,1003767501,MN28,40.72286057,-73.97664382
A0140367,INS-000683435,10/24/2023,2023,BA-941369-2022,BA-941369-,BOGOPA SERVICE CORP.,FOOD DIMENSIONS,Supermarket - 819,Scale,Scale,Scale Inspection,Computing Scale - 01,26,26,0,,Complete Address,1102,MYRTLE AVE,,,,BROOKLYN,NY,11206,Brooklyn,303,36,3000000,3015867501,BK35,40.69681689,-73.9366052
A0183851,INS-000774683,08/20/2024,2024,BA-1652983-2023,BA-1652983,AMANA FOOD LLC,FOOD DYNASTY,Supermarket - 819,Scale,Scale,Scale Inspection,Computing Scale - 01,8,8,0,,Complete Address,7507,37TH AVE,,,,JACKSON HEIGHTS,NY,11372,Queens,403,25,4029567,4012750035,QN28,40.74908929,-73.89064034
A0183851,INS-000774683,08/20/2024,2024,BA-1652983-2023,BA-1652983,AMANA FOOD LLC,FOOD DYNASTY,Supermarket - 819,Scale,Scale,Scale Inspection,Pre-pack Scale - 01,2,2,0,,Complete Address,7507,37TH AVE,,,,JACKSON HEIGHTS,NY,11372,Queens,403,25,4029567,4012750035,QN28,40.74908929,-73.89064034
A0136568,INS-000677994,09/22/2023,2023,BA-1652983-2023,BA-1652983,AMANA FOOD LLC,FOOD DYNASTY,Supermarket - 819,Scale,Scale,Scale Inspection,Computing Scale - 01,10,10,0,,Complete Address,7507,37TH AVE,,,,JACKSON HEIGHTS,NY,11372,Queens,403,25,4029567,4012750035,QN28,40.74908929,-73.89064034
A0212746,INS-000831169,02/21/2025,2025,BA-1652983-2023,BA-1652983,AMANA FOOD LLC,FOOD DYNASTY,Supermarket - 819,Scale,Scale,Scale Inspection,Pre-pack Scale - 01,3,3,0,,Complete Address,7507,37TH AVE,,,,JACKSON HEIGHTS,NY,11372,Queens,403,25,4029567,4012750035,QN28,40.74908929,-73.89064034
A0212746,INS-000831169,02/21/2025,2025,BA-1652983-2023,BA-1652983,AMANA FOOD LLC,FOOD DYNASTY,Supermarket - 819,Scale,Scale,Scale Inspection,Customer Scale - 01,1,1,0,,Complete Address,7507,37TH AVE,,,,JACKSON HEIGHTS,NY,11372,Queens,403,25,4029567,4012750035,QN28,40.74908929,-73.89064034
A0212746,INS-000831169,02/21/2025,2025,BA-1652983-2023,BA-1652983,AMANA FOOD LLC,FOOD DYNASTY,Supermarket - 819,Scale,Scale,Scale Inspection,Computing Scale - 01,6,6,0,,Complete Address,7507,37TH AVE,,,,JACKSON HEIGHTS,NY,11372,Queens,403,25,4029567,4012750035,QN28,40.74908929,-73.89064034
A0153574,INS-000712820,02/07/2024,2024,BA-1122304-2022,BA-1122304,4138 BROADWAY FOOD LLC,FOOD EMPORIUM,Supermarket - 819,Scale,Scale,Scale Inspection,Computing Scale - 01,8,8,0,,Complete Address,4138,BROADWAY,,,,NEW YORK,NY,10033,Manhattan,112,10,1063530,1021430033,MN36,40.84607955,-73.93847254
A0142360,INS-000687841,11/09/2023,2023,BA-1122304-2022,BA-1122304,4138 BROADWAY FOOD LLC,FOOD EMPORIUM,Supermarket - 819,Scale,Scale,Scale Inspection,Computing Scale - 01,6,6,0,,Complete Address,4138,BROADWAY,,,,NEW YORK,NY,10033,Manhattan,112,10,1063530,1021430033,MN36,40.84607955,-73.93847254
A0142360,INS-000687841,11/09/2023,2023,BA-1122304-2022,BA-1122304,4138 BROADWAY FOOD LLC,FOOD EMPORIUM,Supermarket - 819,Scale,Scale,Scale Inspection,Pre-pack Scale - 01,1,0,3,Confiscated,Complete Address,4138,BROADWAY,,,,NEW YORK,NY,10033,Manhattan,112,10,1063530,1021430033,MN36,40.84607955,-73.93847254
A0200381,INS-000806570,11/21/2024,2024,BA-1570434-2023,BA-1570434,FOOD EXPRESS SUPERMARKET INC,FOOD EXPRESS SUPERMARKET INC,Supermarket - 819,Scale,Scale,Scale Inspection,Computing Scale - 01,8,8,0,,Complete Address,3939,63RD ST,,,,WOODSIDE,NY,11377,Queens,402,26,4030060,4012950011,QN63,40.74554713,-73.90120947
A0146142,INS-000695170,12/08/2023,2023,BA-1570434-2023,BA-1570434,FOOD EXPRESS SUPERMARKET INC,FOOD EXPRESS SUPERMARKET INC,Supermarket - 819,Scale,Scale,Scale Inspection,Computing Scale - 01,3,3,0,,Complete Address,3939,63RD ST,,,,WOODSIDE,NY,11377,Queens,402,26,4030060,4012950011,QN63,40.74554713,-73.90120947
A0146142,INS-000695170,12/08/2023,2023,BA-1570434-2023,BA-1570434,FOOD EXPRESS SUPERMARKET INC,FOOD EXPRESS SUPERMARKET INC,Supermarket - 819,Scale,Scale,Scale Inspection,Customer Scale - 01,1,1,0,,Complete Address,3939,63RD ST,,,,WOODSIDE,NY,11377,Queens,402,26,4030060,4012950011,QN63,40.74554713,-73.90120947
A0146142,INS-000695170,12/08/2023,2023,BA-1570434-2023,BA-1570434,FOOD EXPRESS SUPERMARKET INC,FOOD EXPRESS SUPERMARKET INC,Supermarket - 819,Scale,Scale,Scale Inspection,Pre-pack Scale - 01,5,5,0,,Complete Address,3939,63RD ST,,,,WOODSIDE,NY,11377,Queens,402,26,4030060,4012950011,QN63,40.74554713,-73.90120947
A0204043,INS-000813654,12/17/2024,2024,BA-1596348-2023,BA-1596348,FGM 58 SAINT MARKS CORP.,FOOD GARDEN MARKET,Supermarket - 819,Scale,Scale,Scale Inspection,Computing Scale - 01,16,16,0,,Complete Address,58,SAINT MARKS PL,,,,BROOKLYN,NY,11217,Brooklyn,302,39,3006277,3003957503,,40.68211254,-73.98071787
A0177865,INS-000761493,07/12/2024,2024,BA-1702231-2024,BA-1702231,THE FOOD PYRAMID CORP,Food Pyramid,Supermarket - 819,Scale,Scale,Scale Inspection,Computing Scale - 01,6,6,0,,Complete Address,569,MARCY AVE,,STE,2,BROOKLYN,NY,11206,Brooklyn,303,36,3421430,3017477507,BK75,40.69562919,-73.94924612
A0153527,INS-000702160,02/07/2024,2024,BA-1682967-2024,BA-1682967,54 NOLL LLC,FOOD TOWN,Supermarket - 819,Scale,Scale,Scale Inspection,Computing Scale - 01,15,15,0,,Complete Address,54,NOLL ST,,,,BROOKLYN,NY,11206,Brooklyn,304,34,3418158,3031520001,BK78,40.70055392,-73.93421416
A0129918,INS-000656766,08/02/2023,2023,BA-1122512-2022,BA-1122512,1720 FOOD CORP.,FOOD UNIVERSE,Supermarket - 819,Scale,Scale,Scale Inspection,Computing Scale - 01,8,8,0,,Complete Address,1720,ATLANTIC AVE,,,,BROOKLYN,NY,11213,Brooklyn,308,36,3399179,3013350035,BK61,40.67759921,-73.93387628
A0210768,INS-000827683,02/06/2025,2025,BA-1114401-2022,BA-1114401,4118 MEAT & PRODUCE CORP.,FOOD UNIVERSE,Supermarket - 819,Scale,Scale,Scale Inspection,Pre-pack Scale - 01,2,2,0,,Complete Address,4118,3 AVENUE,,,,BROOKLYN,NY,11232,Brooklyn,307,38,3010664,3007170045,BK32,40.65257446,-74.00951427
A0210768,INS-000827683,02/06/2025,2025,BA-1114401-2022,BA-1114401,4118 MEAT & PRODUCE CORP.,FOOD UNIVERSE,Supermarket - 819,Scale,Scale,Scale Inspection,Computing Scale - 01,2,2,0,,Complete Address,4118,3 AVENUE,,,,BROOKLYN,NY,11232,Brooklyn,307,38,3010664,3007170045,BK32,40.65257446,-74.00951427
A0210768,INS-000827683,02/06/2025,2025,BA-1114401-2022,BA-1114401,4118 MEAT & PRODUCE CORP.,FOOD UNIVERSE,Supermarket - 819,Scale,Scale,Scale Inspection,Customer Scale - 01,1,1,0,,Complete Address,4118,3 AVENUE,,,,BROOKLYN,NY,11232,Brooklyn,307,38,3010664,3007170045,BK32,40.65257446,-74.00951427
A0181345,INS-000769421,08/02/2024,2024,BA-1368938-2022,BA-1368938,LOS PINOS FOOD CORP.,Food Universe,Supermarket - 819,Scale,Scale,Scale Inspection,Computing Scale - 01,9,9,0,,Complete Address,148,E BURNSIDE AVE,,,,BRONX,NY,10453,Bronx,205,14,2101575,2028080082,BX41,40.8524517,-73.90462926
A0181345,INS-000769421,08/02/2024,2024,BA-1368938-2022,BA-1368938,LOS PINOS FOOD CORP.,Food Universe,Supermarket - 819,Scale,Scale,Scale Inspection,Customer Scale - 01,1,1,0,,Complete Address,148,E BURNSIDE AVE,,,,BRONX,NY,10453,Bronx,205,14,2101575,2028080082,BX41,40.8524517,-73.90462926
A0205783,INS-000816962,12/31/2024,2024,BA-1514804-2022,BA-1514804,REMSEN MEAT & PRODUCE CORP,FOOD UNIVERSE,Supermarket - 819,Scale,Scale,Scale Inspection,Computing Scale - 01,6,6,0,,Complete Address,405,REMSEN AVE,,,,BROOKLYN,NY,11212,Brooklyn,317,41,3101678,3046650001,BK96,40.6557579,-73.92325153
A0182340,INS-000771387,08/09/2024,2024,BA-1671687-2023,BA-1671687,369 FLATBUSH FOOD LLC,FOOD UNIVERSE MARKETPLACE,Supermarket - 819,Scale,Scale,Scale Inspection,Computing Scale - 01,7,7,0,,Complete Address,369,FLATBUSH AVE,,,,BROOKLYN,NY,11238,Brooklyn,308,35,3029030,3011640003,BK64,40.67667062,-73.9720778
A0138582,INS-000681444,10/10/2023,2023,BA-1671687-2023,BA-1671687,369 FLATBUSH FOOD LLC,FOOD UNIVERSE MARKETPLACE,Supermarket - 819,Scale,Scale,Scale Inspection,Computing Scale - 01,5,5,0,,Complete Address,369,FLATBUSH AVE,,,,BROOKLYN,NY,11238,Brooklyn,308,35,3029030,3011640003,BK64,40.67667062,-73.9720778
A0203418,INS-000812438,12/12/2024,2024,BA-1329666-2022,BA-1329666,KF ENNIS 86 LLC,FOOD UNIVERSE MARKETPLACE,Supermarket - 819,Scale,Scale,Scale Inspection,Computing Scale - 01,7,7,0,,Complete Address,1982,86 STREET,,,,BROOKLYN,NY,11214,Brooklyn,311,47,3166867,3063740053,,40.60481003,-73.99860269
A0203418,INS-000812438,12/12/2024,2024,BA-1329666-2022,BA-1329666,KF ENNIS 86 LLC,FOOD UNIVERSE MARKETPLACE,Supermarket - 819,Scale,Scale,Scale Inspection,Pre-pack Scale - 01,2,2,0,,Complete Address,1982,86 STREET,,,,BROOKLYN,NY,11214,Brooklyn,311,47,3166867,3063740053,,40.60481003,-73.99860269
A0156750,INS-000721837,03/04/2024,2024,BA-1527293-2022,BA-1527293,"SEVEN SEAS GEORGETOWNE, LLC",FOOD WAY,Supermarket - 819,Scale,Scale,Scale Inspection,Computing Scale - 01,21,21,0,,Complete Address,2149,RALPH AVE,,,,BROOKLYN,NY,11234,Brooklyn,318,46,3326928,3083440001,BK45,40.62526508,-73.91785775
A0210440,INS-000827134,02/04/2025,2025,BA-1527293-2022,BA-1527293,"SEVEN SEAS GEORGETOWNE, LLC",FOOD WAY,Supermarket - 819,Scale,Scale,Scale Inspection,Computing Scale - 01,26,26,0,,Complete Address,2149,RALPH AVE,,,,BROOKLYN,NY,11234,Brooklyn,318,46,3326928,3083440001,BK45,40.62526508,-73.91785775
A0208074,INS-000821313,01/17/2025,2025,BA-1431879-2022,BA-1431879,"MARNOCK RETAIL, LLC",FOODSAVER NY RETAIL,Supermarket - 819,Scale,Scale,Scale Inspection,Computing Scale - 01,9,9,0,,Complete Address,402,E 83RD ST,,,,BROOKLYN,NY,11236,Brooklyn,318,42,3221975,3079180111,BK50,40.6431035,-73.91790425
A0201109,INS-000808144,11/27/2024,2024,BA-1666500-2023,BA-1666500,1291 FOOD CORP.,FoodTown,Supermarket - 819,Scale,Scale,Scale Inspection,Computing Scale - 01,9,9,0,,Complete Address,1291,BROADWAY,,,,BROOKLYN,NY,11221,Brooklyn,304,37,3326377,3032930029,BK78,40.69080941,-73.92433263
A0133039,INS-000662334,08/25/2023,2023,BA-1666500-2023,BA-1666500,1291 FOOD CORP.,FoodTown,Supermarket - 819,Scale,Scale,Scale Inspection,Computing Scale - 01,9,9,0,,Complete Address,1291,BROADWAY,,,,BROOKLYN,NY,11221,Brooklyn,304,37,3326377,3032930029,BK78,40.69080941,-73.92433263
A0129814,INS-000656461,08/01/2023,2023,BA-1088809-2022,BA-1088809,1949 FOOD CORP.,FOODTOWN,Supermarket - 819,Scale,Scale,Scale Inspection,Computing Scale - 01,15,15,0,,Complete Address,1949,STILLWELL AVE,,,,BROOKLYN,NY,11223,Brooklyn,311,43,3189706,3070750057,BK29,40.59918506,-73.98571121
A0205496,INS-000816293,12/27/2024,2024,BA-1088809-2022,BA-1088809,1949 FOOD CORP.,FOODTOWN,Supermarket - 819,Scale,Scale,Scale Inspection,Computing Scale - 01,16,16,0,,Complete Address,1949,STILLWELL AVE,,,,BROOKLYN,NY,11223,Brooklyn,311,43,3189706,3070750057,BK29,40.59918506,-73.98571121
A0152693,INS-000711005,02/01/2024,2024,BA-1103566-2022,BA-1103566,"2945 MEAT & PRODUCE, INC.",FOODTOWN,Supermarket - 819,Scale,Scale,Scale Inspection,Computing Scale - 01,13,13,0,,Complete Address,2945,BRUCKNER BLVD,,,,BRONX,NY,10461,Bronx,210,13,2072701,2053120001,BX52,40.83400739,-73.82691735
A0152693,INS-000711005,02/01/2024,2024,BA-1103566-2022,BA-1103566,"2945 MEAT & PRODUCE, INC.",FOODTOWN,Supermarket - 819,Scale,Scale,Scale Inspection,Customer Scale - 01,1,1,0,,Complete Address,2945,BRUCKNER BLVD,,,,BRONX,NY,10461,Bronx,210,13,2072701,2053120001,BX52,40.83400739,-73.82691735
A0152693,INS-000711005,02/01/2024,2024,BA-1103566-2022,BA-1103566,"2945 MEAT & PRODUCE, INC.",FOODTOWN,Supermarket - 819,Scale,Scale,Scale Inspection,Pre-pack Scale - 01,2,2,0,,Complete Address,2945,BRUCKNER BLVD,,,,BRONX,NY,10461,Bronx,210,13,2072701,2053120001,BX52,40.83400739,-73.82691735
A0173384,INS-000752785,06/12/2024,2024,BA-1101035-2022,BA-1101035,409 FOOD CORP.,Foodtown,Supermarket - 819,Scale,Scale,Scale Inspection,Computing Scale - 01,4,4,0,,Complete Address,409,5TH AVE,,,,BROOKLYN,NY,11215,Brooklyn,306,39,3021883,3009990006,BK37,40.67014876,-73.98547971
A0173384,INS-000752785,06/12/2024,2024,BA-1101035-2022,BA-1101035,409 FOOD CORP.,Foodtown,Supermarket - 819,Scale,Scale,Scale Inspection,Pre-pack Scale - 01,3,3,0,,Complete Address,409,5TH AVE,,,,BROOKLYN,NY,11215,Brooklyn,306,39,3021883,3009990006,BK37,40.67014876,-73.98547971
A0174743,INS-000755393,06/21/2024,2024,BA-1109388-2022,BA-1109388,A.J.C. FOOD MARKET CORP.,FOODTOWN,Supermarket - 819,Scale,Scale,Scale Inspection,Computing Scale - 01,13,13,0,,Complete Address,4332,WHITE PLAINS RD,,,,BRONX,NY,10466,Bronx,212,11,2069783,2050430008,BX62,40.89652727,-73.85563364
A0174743,INS-000755393,06/21/2024,2024,BA-1109388-2022,BA-1109388,A.J.C. FOOD MARKET CORP.,FOODTOWN,Supermarket - 819,Scale,Scale,Scale Inspection,Customer Scale - 01,1,1,0,,Complete Address,4332,WHITE PLAINS RD,,,,BRONX,NY,10466,Bronx,212,11,2069783,2050430008,BX62,40.89652727,-73.85563364
A0202558,INS-000810806,12/06/2024,2024,BA-1329864-2022,BA-1329864,Kingsbridge Marketplace Corp.,FOODTOWN,Supermarket - 819,Scale,Scale,Scale Inspection,Computing Scale - 01,15,15,0,,Complete Address,5555,BROADWAY,,,,BRONX,NY,10463,Bronx,208,11,2083143,2057010126,BX29,40.87844167,-73.90513802
A0196854,INS-000800021,10/30/2024,2024,BA-1409453-2022,BA-1409453,PALMA NUEVA FOODS CORP.,FOODTOWN SUPERMARKET,Supermarket - 819,Scale,Scale,Scale Inspection,Computing Scale - 01,14,14,0,,Complete Address,3471,BOSTON RD,,,,BRONX,NY,10469,Bronx,212,12,2060207,2047210042,BX03,40.87660984,-73.84770353
A0188442,INS-000783637,09/17/2024,2024,BA-1722982-2025,BA-1722982,VALEX INTERNATIONAL INC,FRESH FIRM HALAL SUPERMARKET,Supermarket - 819,Scale,Scale,Scale Inspection,Platform Scale - 01,2,2,0,,Complete Address,15711,LINDEN BLVD,,,,JAMAICA,NY,11434,Queens,412,28,4438909,4121750088,QN01,40.68780224,-73.79021841
A0188442,INS-000783637,09/17/2024,2024,BA-1722982-2025,BA-1722982,VALEX INTERNATIONAL INC,FRESH FIRM HALAL SUPERMARKET,Supermarket - 819,Scale,Scale,Scale Inspection,Computing Scale - 01,3,3,0,,Complete Address,15711,LINDEN BLVD,,,,JAMAICA,NY,11434,Queens,412,28,4438909,4121750088,QN01,40.68780224,-73.79021841
A0216034,INS-000836714,03/13/2025,2025,BA-1574937-2023,BA-1574937,NEW RENAISSANCE INC,FRESH MARKET,Supermarket - 819,Scale,Scale,Scale Inspection,Computing Scale - 01,10,10,0,,Complete Address,411,E TREMONT AVE,,,,BRONX,NY,10457,Bronx,206,15,2128937,2030277501,BX41,40.84760376,-73.90043983
A0136761,INS-000678281,09/25/2023,2023,BA-1111945-2022,BA-1111945,50-18 MEAT CORP.,FRESH N SAVE,Supermarket - 819,Scale,Scale,Scale Inspection,Computing Scale - 01,10,10,0,,Complete Address,5018,SKILLMAN AVE,,,,WOODSIDE,NY,11377,Queens,402,26,4000977,4001310017,QN31,40.74610089,-73.91404568
A0168711,INS-000743133,05/10/2024,2024,BA-1111945-2022,BA-1111945,50-18 MEAT CORP.,FRESH N SAVE,Supermarket - 819,Scale,Scale,Scale Inspection,Computing Scale - 01,10,10,0,,Complete Address,5018,SKILLMAN AVE,,,,WOODSIDE,NY,11377,Queens,402,26,4000977,4001310017,QN31,40.74610089,-73.91404568
A0210521,INS-000827274,02/05/2025,2025,BA-1111945-2022,BA-1111945,50-18 MEAT CORP.,FRESH N SAVE,Supermarket - 819,Scale,Scale,Scale Inspection,Customer Scale - 01,1,1,0,,Complete Address,5018,SKILLMAN AVE,,,,WOODSIDE,NY,11377,Queens,402,26,4000977,4001310017,QN31,40.74610089,-73.91404568
A0210521,INS-000827274,02/05/2025,2025,BA-1111945-2022,BA-1111945,50-18 MEAT CORP.,FRESH N SAVE,Supermarket - 819,Scale,Scale,Scale Inspection,Computing Scale - 01,5,5,0,,Complete Address,5018,SKILLMAN AVE,,,,WOODSIDE,NY,11377,Queens,402,26,4000977,4001310017,QN31,40.74610089,-73.91404568
A0210521,INS-000827274,02/05/2025,2025,BA-1111945-2022,BA-1111945,50-18 MEAT CORP.,FRESH N SAVE,Supermarket - 819,Scale,Scale,Scale Inspection,Pre-pack Scale - 01,4,4,0,,Complete Address,5018,SKILLMAN AVE,,,,WOODSIDE,NY,11377,Queens,402,26,4000977,4001310017,QN31,40.74610089,-73.91404568
A0155495,INS-000719264,02/23/2024,2024,BA-1685007-2024,BA-1685007,DYNASTY MEAT CORP.,FRESH N SAVE MARKET,Supermarket - 819,Scale,Scale,Scale Inspection,Computing Scale - 01,9,9,0,,Complete Address,4602,QUEENS BLVD,,,,SUNNYSIDE,NY,11104,Queens,402,26,4533708,4001520007,QN31,40.74312885,-73.91854607
A0155495,INS-000719264,02/23/2024,2024,BA-1685007-2024,BA-1685007,DYNASTY MEAT CORP.,FRESH N SAVE MARKET,Supermarket - 819,Scale,Scale,Scale Inspection,Customer Scale - 01,1,1,0,,Complete Address,4602,QUEENS BLVD,,,,SUNNYSIDE,NY,11104,Queens,402,26,4533708,4001520007,QN31,40.74312885,-73.91854607
A0155495,INS-000719264,02/23/2024,2024,BA-1685007-2024,BA-1685007,DYNASTY MEAT CORP.,FRESH N SAVE MARKET,Supermarket - 819,Scale,Scale,Scale Inspection,Pre-pack Scale - 01,7,7,0,,Complete Address,4602,QUEENS BLVD,,,,SUNNYSIDE,NY,11104,Queens,402,26,4533708,4001520007,QN31,40.74312885,-73.91854607
A0141945,INS-000686580,11/03/2023,2023,BA-1225375-2022,BA-1225375,DYNASTY VI FOOD CORP.,FRESH-N-SAVE MARKET,Supermarket - 819,Scale - Condemned Follow-up,Scale,Scale Inspection,Computing Scale - 01,14,14,0,,Complete Address,6016,MYRTLE AVE,,,,RIDGEWOOD,NY,11385,Queens,405,34,4086710,4035880025,QN20,40.70055445,-73.89740999
A0156052,INS-000720331,02/27/2024,2024,BA-1675326-2023,BA-1675326,DYNASTY VI FOOD CORP.,FRESH-N-SAVE MARKET,Supermarket - 819,Scale,Scale,Scale Inspection,Computing Scale - 01,13,13,0,,Complete Address,6016,MYRTLE AVE,,,,RIDGEWOOD,NY,11385,Queens,405,34,4086710,4035880025,QN20,40.70055445,-73.89740999
A0175945,INS-000757940,06/26/2024,2024,BA-1557411-2022,BA-1557411,VILLAS MARKET PLACE INC,GARDEN GOURMET MARKET,Supermarket - 819,Scale,Scale,Scale Inspection,Computing Scale - 01,24,24,0,,Complete Address,5675,BROADWAY,,,,BRONX,NY,10463,Bronx,208,11,2083561,2057550041,BX29,40.88117926,-73.90319578
A0175945,INS-000757940,06/26/2024,2024,BA-1557411-2022,BA-1557411,VILLAS MARKET PLACE INC,GARDEN GOURMET MARKET,Supermarket - 819,Scale,Scale,Scale Inspection,Customer Scale - 01,1,1,0,,Complete Address,5675,BROADWAY,,,,BRONX,NY,10463,Bronx,208,11,2083561,2057550041,BX29,40.88117926,-73.90319578
A0167756,INS-000741427,05/07/2024,2024,BA-1644621-2023,BA-1644621,"GARDEN OF EDEN GOURMET, INC",GARDEN OF EDEN,Supermarket - 819,Scale,Scale,Scale Inspection,Pre-pack Scale - 01,1,1,0,,Complete Address,7,E 14TH ST,,,,NEW YORK,NY,10003,Manhattan,105,2,1016062,1008420007,MN13,40.73585916,-73.99324509
A0167756,INS-000741427,05/07/2024,2024,BA-1644621-2023,BA-1644621,"GARDEN OF EDEN GOURMET, INC",GARDEN OF EDEN,Supermarket - 819,Scale,Scale,Scale Inspection,Customer Scale - 01,2,2,0,,Complete Address,7,E 14TH ST,,,,NEW YORK,NY,10003,Manhattan,105,2,1016062,1008420007,MN13,40.73585916,-73.99324509
A0167756,INS-000741427,05/07/2024,2024,BA-1644621-2023,BA-1644621,"GARDEN OF EDEN GOURMET, INC",GARDEN OF EDEN,Supermarket - 819,Scale,Scale,Scale Inspection,Computing Scale - 01,11,11,0,,Complete Address,7,E 14TH ST,,,,NEW YORK,NY,10003,Manhattan,105,2,1016062,1008420007,MN13,40.73585916,-73.99324509
A0207315,INS-000819891,01/14/2025,2025,BA-1644621-2023,BA-1644621,"GARDEN OF EDEN GOURMET, INC",GARDEN OF EDEN,Supermarket - 819,Scale,Scale,Scale Inspection,Computing Scale - 01,3,3,0,,Complete Address,7,E 14TH ST,,,,NEW YORK,NY,10003,Manhattan,105,2,1016062,1008420007,MN13,40.73585916,-73.99324509
A0207315,INS-000819891,01/14/2025,2025,BA-1644621-2023,BA-1644621,"GARDEN OF EDEN GOURMET, INC",GARDEN OF EDEN,Supermarket - 819,Scale,Scale,Scale Inspection,Customer Scale - 01,1,1,0,,Complete Address,7,E 14TH ST,,,,NEW YORK,NY,10003,Manhattan,105,2,1016062,1008420007,MN13,40.73585916,-73.99324509
A0207315,INS-000819891,01/14/2025,2025,BA-1644621-2023,BA-1644621,"GARDEN OF EDEN GOURMET, INC",GARDEN OF EDEN,Supermarket - 819,Scale,Scale,Scale Inspection,Pre-pack Scale - 01,8,8,0,,Complete Address,7,E 14TH ST,,,,NEW YORK,NY,10003,Manhattan,105,2,1016062,1008420007,MN13,40.73585916,-73.99324509
A0207315,INS-000819891,01/14/2025,2025,BA-1644621-2023,BA-1644621,"GARDEN OF EDEN GOURMET, INC",GARDEN OF EDEN,Supermarket - 819,Scale,Scale,Scale Inspection,Misc Scale - 01,1,1,0,,Complete Address,7,E 14TH ST,,,,NEW YORK,NY,10003,Manhattan,105,2,1016062,1008420007,MN13,40.73585916,-73.99324509
A0190206,INS-000786708,09/25/2024,2024,BA-1234108-2022,BA-1234108,FAD OZONE FOOD CORP,GOLDEN FARMS,Supermarket - 819,Scale,Scale,Scale Inspection,Computing Scale - 01,12,12,0,,Complete Address,10116,77TH ST,,,,OZONE PARK,NY,11416,Queens,409,32,4188714,4090770025,QN56,40.67997118,-73.86064522
A0203728,INS-000812948,12/13/2024,2024,BA-1552645-2022,BA-1552645,"TEGS MANAGEMENT, LLC",GOURMANOFF,Supermarket - 819,Scale,Scale,Scale Inspection,Computing Scale - 01,15,15,0,,Complete Address,1029,BRIGHTON BEACH AVE,,,,BROOKLYN,NY,11235,Brooklyn,313,48,3245415,3087090060,BK19,40.57820822,-73.95860863
A0156429,INS-000721094,02/29/2024,2024,BA-1559480-2022,BA-1559480,VSM GOURMET LLC,Gourmet Garage of Hudson St.,Supermarket - 819,Scale,Scale,Scale Inspection,Computing Scale - 01,17,17,0,,Complete Address,585,HUDSON ST,,,,NEW YORK,NY,10014,Manhattan,102,3,1011368,1006240001,MN23,40.7365948,-74.00580236
A0197837,INS-000801943,11/07/2024,2024,BA-1713610-2024,BA-1713610,SUNHAI CORP,GREAT WALL SUPERMARKET,Supermarket - 819,Scale,Scale,Scale Inspection,Computing Scale - 01,13,13,0,,Complete Address,14450,NORTHERN BLVD,,,,FLUSHING,NY,11354,Queens,407,20,4113423,4050140023,QN51,40.76470514,-73.82297126
A0197837,INS-000801943,11/07/2024,2024,BA-1713610-2024,BA-1713610,SUNHAI CORP,GREAT WALL SUPERMARKET,Supermarket - 819,Scale,Scale,Scale Inspection,Customer Scale - 01,1,1,0,,Complete Address,14450,NORTHERN BLVD,,,,FLUSHING,NY,11354,Queens,407,20,4113423,4050140023,QN51,40.76470514,-73.82297126
A0197837,INS-000801943,11/07/2024,2024,BA-1713610-2024,BA-1713610,SUNHAI CORP,GREAT WALL SUPERMARKET,Supermarket - 819,Scale,Scale,Scale Inspection,Pre-pack Scale - 01,1,1,0,,Complete Address,14450,NORTHERN BLVD,,,,FLUSHING,NY,11354,Queens,407,20,4113423,4050140023,QN51,40.76470514,-73.82297126
A0162296,INS-000731775,04/05/2024,2024,BA-1349410-2022,BA-1349410,"NAMDOR, INC.",GRISTEDE'S # 597,Supermarket - 819,Scale,Scale,Scale Inspection,Computing Scale - 01,9,9,0,,Complete Address,225,8 AVENUE,,,,NEW YORK,NY,10011,Manhattan,104,3,1087948,1007457503,MN13,40.74429672,-73.99922049
A0205233,INS-000815808,12/26/2024,2024,BA-1336193-2022,BA-1336193,"GRISTEDE'S FOODS, INC.",GRISTEDE'S #508,Supermarket - 819,Scale,Scale,Scale Inspection,Computing Scale - 01,9,9,0,,Complete Address,101,CLARK ST,,,,BROOKLYN,NY,11201,Brooklyn,302,33,3001727,3002320001,BK09,40.69728424,-73.99230414
A0160937,INS-000729398,03/28/2024,2024,BA-1468736-2022,BA-1468736,"NAMDOR, INC.",GRISTEDE'S STORE,Supermarket - 819,Scale,Scale,Scale Inspection,Computing Scale - 01,9,8,2,Confiscated,Complete Address,25,WATERSIDE PLZ,,,,NEW YORK,NY,10010,Manhattan,106,4,1083708,1009910060,MN20,40.7373688,-73.97407672
A0168619,INS-000743017,05/10/2024,2024,BA-1468736-2022,BA-1468736,"NAMDOR, INC.",GRISTEDE'S STORE,Supermarket - 819,Scale,Scale,Scale Inspection,Computing Scale - 01,1,1,0,,Complete Address,25,WATERSIDE PLZ,,,,NEW YORK,NY,10010,Manhattan,106,4,1083708,1009910060,MN20,40.7373688,-73.97407672
A0169170,INS-000744168,05/15/2024,2024,BA-1428845-2022,BA-1428845,"NAMDOR, INC.",GRISTEDE'S STORE,Supermarket - 819,Scale,Scale,Scale Inspection,Computing Scale - 01,9,9,0,,Complete Address,1365,3RD AVE,,,,NEW YORK,NY,10075,Manhattan,108,5,1044129,1014320045,MN31,40.77350133,-73.95785542
A0205653,INS-000816733,12/31/2024,2024,BA-1442880-2022,BA-1442880,"NAMDOR, INC.",GRISTEDE'S STORE,Supermarket - 819,Scale,Scale,Scale Inspection,Computing Scale - 01,8,8,0,,Complete Address,1208,1ST AVE,,,,NEW YORK,NY,10065,Manhattan,108,5,1045391,1014600001,MN31,40.76356306,-73.95908185
A0205653,INS-000816733,12/31/2024,2024,BA-1442880-2022,BA-1442880,"NAMDOR, INC.",GRISTEDE'S STORE,Supermarket - 819,Scale,Scale,Scale Inspection,Pre-pack Scale - 01,2,2,0,,Complete Address,1208,1ST AVE,,,,NEW YORK,NY,10065,Manhattan,108,5,1045391,1014600001,MN31,40.76356306,-73.95908185
A0178691,INS-000763341,07/18/2024,2024,BA-1418608-2022,BA-1418608,"NAMDOR, INC.",GRISTEDES,Supermarket - 819,Scale,Scale,Scale Inspection,Computing Scale - 01,6,6,0,,Complete Address,1446,2ND AVE,,,,NEW YORK,NY,10021,Manhattan,108,5,1045135,1014500001,MN31,40.77103339,-73.95672335
A0135290,INS-000666076,09/13/2023,2023,BA-1402553-2022,BA-1402553,"NAMDOR, INC.",GRISTEDES #517,Supermarket - 819,Scale,Scale,Scale Inspection,Computing Scale - 01,7,6,2,Confiscated,Complete Address,355,1ST AVE,,,,NEW YORK,NY,10010,Manhattan,106,2,1020541,1009260038,MN21,40.73538269,-73.97948282
A0150670,INS-000704771,01/19/2024,2024,BA-1402553-2022,BA-1402553,"NAMDOR, INC.",GRISTEDES #517,Supermarket - 819,Scale,Scale,Scale Inspection,Computing Scale - 01,1,0,2,Confiscated,Complete Address,355,1ST AVE,,,,NEW YORK,NY,10010,Manhattan,106,2,1020541,1009260038,MN21,40.73538269,-73.97948282
A0152549,INS-000710713,01/31/2024,2024,BA-1402553-2022,BA-1402553,"NAMDOR, INC.",GRISTEDES #517,Supermarket - 819,Scale,Scale,Scale Inspection,Pre-pack Scale - 01,3,2,1,Confiscated,Complete Address,355,1ST AVE,,,,NEW YORK,NY,10010,Manhattan,106,2,1020541,1009260038,MN21,40.73538269,-73.97948282
A0159789,INS-000727281,03/22/2024,2024,BA-1397980-2022,BA-1397980,"NAMDOR, INC.",GRISTEDES #517,Supermarket - 819,Scale,Scale,Scale Inspection,Pre-pack Scale - 01,3,3,0,,Complete Address,25,UNIVERSITY PL,,,,NEW YORK,NY,10003,Manhattan,102,2,1009090,1005607501,MN23,40.73177778,-73.99462022
A0159789,INS-000727281,03/22/2024,2024,BA-1397980-2022,BA-1397980,"NAMDOR, INC.",GRISTEDES #517,Supermarket - 819,Scale,Scale,Scale Inspection,Customer Scale - 01,1,1,0,,Complete Address,25,UNIVERSITY PL,,,,NEW YORK,NY,10003,Manhattan,102,2,1009090,1005607501,MN23,40.73177778,-73.99462022
A0128710,INS-000654373,07/19/2023,2023,BA-1661676-2023,BA-1661676,"NAMDOR, INC.",GRISTEDES #517,Supermarket - 819,Scale,Scale,Scale Inspection,Computing Scale - 01,9,9,0,,Complete Address,229,8TH AVE,,,,NEW YORK,NY,10011,Manhattan,104,3,,,MN13,40.74439279,-73.99915192
A0130051,INS-000655500,08/03/2023,2023,BA-1468748-2022,BA-1468748,"NAMDOR, INC.",GRISTEDES #517,Supermarket - 819,Scale,Scale,Scale Inspection,Computing Scale - 01,3,3,0,,Complete Address,907,8TH AVE,,,,NEW YORK,NY,10019,Manhattan,104,3,1025400,1010447501,MN15,40.76465345,-73.98439417
A0159789,INS-000727281,03/22/2024,2024,BA-1397980-2022,BA-1397980,"NAMDOR, INC.",GRISTEDES #517,Supermarket - 819,Scale,Scale,Scale Inspection,Computing Scale - 01,4,4,0,,Complete Address,25,UNIVERSITY PL,,,,NEW YORK,NY,10003,Manhattan,102,2,1009090,1005607501,MN23,40.73177778,-73.99462022
A0129073,INS-000654268,07/21/2023,2023,BA-1378287-2022,BA-1378287,"NAMDOR, INC.",GRISTEDES #517,Supermarket - 819,Scale,Scale,Scale Inspection,Computing Scale - 01,1,1,0,,Complete Address,1644,YORK AVE,,,,NEW YORK,NY,10028,Manhattan,108,5,1051311,1015837501,MN32,40.77618391,-73.9469245
A0152549,INS-000710713,01/31/2024,2024,BA-1402553-2022,BA-1402553,"NAMDOR, INC.",GRISTEDES #517,Supermarket - 819,Scale,Scale,Scale Inspection,Customer Scale - 01,1,1,0,,Complete Address,355,1ST AVE,,,,NEW YORK,NY,10010,Manhattan,106,2,1020541,1009260038,MN21,40.73538269,-73.97948282
A0176040,INS-000758148,06/26/2024,2024,BA-1378287-2022,BA-1378287,"NAMDOR, INC.",GRISTEDES #517,Supermarket - 819,Scale,Scale,Scale Inspection,Computing Scale - 01,6,6,0,,Complete Address,1644,YORK AVE,,,,NEW YORK,NY,10028,Manhattan,108,5,1051311,1015837501,MN32,40.77618391,-73.9469245
A0136703,INS-000666444,09/25/2023,2023,BA-1402553-2022,BA-1402553,"NAMDOR, INC.",GRISTEDES #517,Supermarket - 819,Scale,Scale,Scale Inspection,Computing Scale - 01,1,1,0,,Complete Address,355,1ST AVE,,,,NEW YORK,NY,10010,Manhattan,106,2,1020541,1009260038,MN21,40.73538269,-73.97948282
A0162324,INS-000731818,04/05/2024,2024,BA-1419496-2022,BA-1419496,"NAMDOR, INC.",GRISTEDES #517,Supermarket - 819,Scale,Scale,Scale Inspection,Computing Scale - 01,8,8,0,,Complete Address,225,9TH AVE,,,,NEW YORK,NY,10011,Manhattan,104,3,1077236,1007217501,MN13,40.74688502,-74.00105022
A0152549,INS-000710713,01/31/2024,2024,BA-1402553-2022,BA-1402553,"NAMDOR, INC.",GRISTEDES #517,Supermarket - 819,Scale,Scale,Scale Inspection,Computing Scale - 01,4,4,0,,Complete Address,355,1ST AVE,,,,NEW YORK,NY,10010,Manhattan,106,2,1020541,1009260038,MN21,40.73538269,-73.97948282
A0204049,INS-000813663,12/17/2024,2024,BA-1468748-2022,BA-1468748,"NAMDOR, INC.",GRISTEDES #517,Supermarket - 819,Scale,Scale,Scale Inspection,Computing Scale - 01,9,9,0,,Complete Address,907,8TH AVE,,,,NEW YORK,NY,10019,Manhattan,104,3,1025400,1010447501,MN15,40.76465345,-73.98439417
A0207659,INS-000820499,01/15/2025,2025,BA-1433942-2022,BA-1433942,"NAMDOR, INC.",GRISTEDES #517,Supermarket - 819,Scale,Scale,Scale Inspection,Computing Scale - 01,10,10,0,,Complete Address,3,SHERIDAN SQ,,,,NEW YORK,NY,10014,Manhattan,102,3,1010188,1005910026,MN23,40.73291696,-74.00220102
A0209435,INS-000823859,01/29/2025,2025,BA-1661676-2023,BA-1661676,"NAMDOR, INC.",GRISTEDES #517,Supermarket - 819,Scale,Scale,Scale Inspection,Customer Scale - 01,1,1,0,,Complete Address,229,8TH AVE,,,,NEW YORK,NY,10011,Manhattan,104,3,,,MN13,40.74439279,-73.99915192
A0209435,INS-000823859,01/29/2025,2025,BA-1661676-2023,BA-1661676,"NAMDOR, INC.",GRISTEDES #517,Supermarket - 819,Scale,Scale,Scale Inspection,Computing Scale - 01,5,5,0,,Complete Address,229,8TH AVE,,,,NEW YORK,NY,10011,Manhattan,104,3,,,MN13,40.74439279,-73.99915192
A0209435,INS-000823859,01/29/2025,2025,BA-1661676-2023,BA-1661676,"NAMDOR, INC.",GRISTEDES #517,Supermarket - 819,Scale,Scale,Scale Inspection,Pre-pack Scale - 01,3,3,0,,Complete Address,229,8TH AVE,,,,NEW YORK,NY,10011,Manhattan,104,3,,,MN13,40.74439279,-73.99915192
A0216329,INS-000837206,03/14/2025,2025,BA-1397980-2022,BA-1397980,"NAMDOR, INC.",GRISTEDES #517,Supermarket - 819,Scale,Scale,Scale Inspection,Customer Scale - 01,1,1,0,,Complete Address,25,UNIVERSITY PL,,,,NEW YORK,NY,10003,Manhattan,102,2,1009090,1005607501,MN23,40.73177778,-73.99462022
A0216329,INS-000837206,03/14/2025,2025,BA-1397980-2022,BA-1397980,"NAMDOR, INC.",GRISTEDES #517,Supermarket - 819,Scale,Scale,Scale Inspection,Pre-pack Scale - 01,4,4,0,,Complete Address,25,UNIVERSITY PL,,,,NEW YORK,NY,10003,Manhattan,102,2,1009090,1005607501,MN23,40.73177778,-73.99462022
A0216329,INS-000837206,03/14/2025,2025,BA-1397980-2022,BA-1397980,"NAMDOR, INC.",GRISTEDES #517,Supermarket - 819,Scale,Scale,Scale Inspection,Computing Scale - 01,4,4,0,,Complete Address,25,UNIVERSITY PL,,,,NEW YORK,NY,10003,Manhattan,102,2,1009090,1005607501,MN23,40.73177778,-73.99462022
A0157741,INS-000723583,03/08/2024,2024,BA-1672559-2023,BA-1672559,H MART WOODSIDE LLC,H MART WOODSIDE LLC,Supermarket - 819,Scale,Scale,Scale Inspection,Computing Scale - 01,4,4,0,,Complete Address,59-18,WOODSIDE AVENUE,,,,FLUSHING,NY,11377,Queens,402,26,4031220,4013310046,QN63,40.74530901,-73.90528067
A0166280,INS-000738672,04/30/2024,2024,BA-1293671-2022,BA-1293671,H MART NORTHERN BLVD LLC,H-Mart,Supermarket - 819,Scale,Scale,Scale Inspection,Computing Scale - 01,13,13,0,,Complete Address,14468,NORTHERN BLVD,,,,FLUSHING,NY,11354,Queens,407,20,4000000,4050147502,QN51,40.76470783,-73.82293876
A0215621,INS-000836021,03/11/2025,2025,BA-1722999-2025,BA-1722999,REID ORGANIC LLC,Halsey Traders Market,Supermarket - 819,Scale,Scale,Scale Inspection,Computing Scale - 01,6,6,0,,Complete Address,245,MALCOLM X BLVD,,,,BROOKLYN,NY,11233,Brooklyn,303,36,3046201,3016620001,BK35,40.68435414,-73.92933372
A0129674,INS-000656181,07/31/2023,2023,BA-1708423-2024,BA-1708423,"Har Northern, Inc.",HANAHREUM SUPERMARKET,Supermarket - 819,Scale,Scale,Scale Inspection,Computing Scale - 01,14,14,0,,Complete Address,15640,NORTHERN BLVD,,,,FLUSHING,NY,11354,Queens,407,20,4445001,4052750001,QN51,40.76394406,-73.80874658
A0205664,INS-000816751,12/31/2024,2024,BA-1708423-2024,BA-1708423,"Har Northern, Inc.",HANAHREUM SUPERMARKET,Supermarket - 819,Scale,Scale,Scale Inspection,Computing Scale - 01,15,15,0,,Complete Address,15640,NORTHERN BLVD,,,,FLUSHING,NY,11354,Queens,407,20,4445001,4052750001,QN51,40.76394406,-73.80874658
A0143327,INS-000689546,11/17/2023,2023,BA-1678428-2023,BA-1678428,"SEOUL SHOPPING, INC.",Hanyang supermarket,Supermarket - 819,Scale,Scale,Scale Inspection,Computing Scale - 01,2,2,0,,Complete Address,15051,NORTHERN BLVD,,,,FLUSHING,NY,11354,Queens,407,20,4113286,4050090034,QN51,40.76514335,-73.81366716
A0158913,INS-000725749,03/18/2024,2024,BA-1307998-2022,BA-1307998,HONG KONG SUPERMARKET OF HESTER STREET CORP.,Hong Kong Supermarket of Hester Street,Supermarket - 819,Scale,Scale,Scale Inspection,Computing Scale - 01,14,14,0,,Complete Address,157,HESTER ST,,,,NEW YORK,NY,10013,Manhattan,102,1,1003115,1002397501,MN24,40.71750236,-73.99603186
A0162923,INS-000732880,04/10/2024,2024,BA-1212420-2022,BA-1212420,CHLOE 89 FOOD CORP.,IDEAL FOOD BASKET,Supermarket - 819,Scale,Scale,Scale Inspection,Computing Scale - 01,13,13,0,,Complete Address,8930,SUTPHIN BLVD,,,,JAMAICA,NY,11435,Queens,412,27,4206749,4096760013,QN61,40.70353176,-73.80867104
A0162923,INS-000732880,04/10/2024,2024,BA-1212420-2022,BA-1212420,CHLOE 89 FOOD CORP.,IDEAL FOOD BASKET,Supermarket - 819,Scale,Scale,Scale Inspection,Pre-pack Scale - 01,2,2,0,,Complete Address,8930,SUTPHIN BLVD,,,,JAMAICA,NY,11435,Queens,412,27,4206749,4096760013,QN61,40.70353176,-73.80867104
A0150724,INS-000704851,01/19/2024,2024,BA-1213410-2022,BA-1213410,GALLINA MEAT CORP.,IDEAL FOOD BASKET,Supermarket - 819,Scale,Scale,Scale Inspection,Computing Scale - 01,9,9,0,,Complete Address,2036,BEDFORD AVE,,,,BROOKLYN,NY,11226,Brooklyn,314,40,3116207,3050640053,BK60,40.6548557,-73.95629055
A0178232,INS-000762437,07/16/2024,2024,BA-1331953-2022,BA-1331953,JD 710 FOOD CORP.,IDEAL FOOD BASKET,Supermarket - 819,Scale,Scale,Scale Inspection,Computing Scale - 01,11,11,0,,Complete Address,710,CONEY ISLAND AVE,,,,BROOKLYN,NY,11218,Brooklyn,312,39,3126322,3053780020,BK41,40.64029877,-73.96908793
A0155480,INS-000719243,02/23/2024,2024,BA-1599787-2023,BA-1599787,S L PRODUCE & MEAT CORP.,Ideal food basket,Supermarket - 819,Scale,Scale,Scale Inspection,Computing Scale - 01,8,8,0,,Complete Address,760,4TH AVE,,,,BROOKLYN,NY,11232,Brooklyn,307,38,3009605,3006540031,BK32,40.66039198,-73.99811134
A0201441,INS-000808779,11/29/2024,2024,BA-1543543-2022,BA-1543543,VACA MEAT CORP.,IDEAL FOOD BASKET,Supermarket - 819,Scale,Scale,Scale Inspection,Computing Scale - 01,10,10,0,,Complete Address,830,LAFAYETTE AVENUE,,,,BROOKLYN,NY,11221,Brooklyn,303,36,3043507,3016090005,BK35,40.6912629,-73.93923924
A0185492,INS-000778041,08/28/2024,2024,BA-1370588-2022,BA-1370588,VECERRO FOOD CORP.,IDEAL FOOD BASKET,Supermarket - 819,Scale,Scale,Scale Inspection,Computing Scale - 01,12,12,0,,Complete Address,4806,CHURCH AVE,,,,BROOKLYN,NY,11203,Brooklyn,317,45,3102784,3046960001,BK91,40.65164632,-73.93214332
A0202624,INS-000810917,12/06/2024,2024,BA-1091470-2022,BA-1091470,BRA CORP,IDEAL FRESH MARKET,Supermarket - 819,Scale,Scale,Scale Inspection,Computing Scale - 01,5,5,0,,Complete Address,1301,CHURCH AVE,,,,BROOKLYN,NY,11226,Brooklyn,314,40,3116430,3050740039,BK42,40.64774217,-73.9674196
A0177279,INS-000760508,07/10/2024,2024,BA-1693404-2024,BA-1693404,Garrido Food Corp.,Ideal Supermarket,Supermarket - 819,Scale,Scale,Scale Inspection,Computing Scale - 01,8,8,0,,Complete Address,1086,BROOKLYN AVE,,,,BROOKLYN,NY,11203,Brooklyn,317,45,3327789,3049060028,BK91,40.64733487,-73.94340898
A0177279,INS-000760508,07/10/2024,2024,BA-1693404-2024,BA-1693404,Garrido Food Corp.,Ideal Supermarket,Supermarket - 819,Scale,Scale,Scale Inspection,Pre-pack Scale - 01,4,4,0,,Complete Address,1086,BROOKLYN AVE,,,,BROOKLYN,NY,11203,Brooklyn,317,45,3327789,3049060028,BK91,40.64733487,-73.94340898
A0154378,INS-000716852,02/14/2024,2024,BA-1331207-2022,BA-1331207,J & H FARMERS MARKET CORP,John’s Farm Market,Supermarket - 819,Scale,Scale,Scale Inspection,Computing Scale - 01,6,6,0,,Complete Address,11255,FARMERS BLVD,,,,SAINT ALBANS,NY,11412,Queens,412,27,4235080,4109690092,QN08,40.69954949,-73.76314036
A0154378,INS-000716852,02/14/2024,2024,BA-1331207-2022,BA-1331207,J & H FARMERS MARKET CORP,John’s Farm Market,Supermarket - 819,Scale,Scale,Scale Inspection,Customer Scale - 01,1,1,0,,Complete Address,11255,FARMERS BLVD,,,,SAINT ALBANS,NY,11412,Queens,412,27,4235080,4109690092,QN08,40.69954949,-73.76314036
A0154378,INS-000716852,02/14/2024,2024,BA-1331207-2022,BA-1331207,J & H FARMERS MARKET CORP,John’s Farm Market,Supermarket - 819,Scale,Scale,Scale Inspection,Pre-pack Scale - 01,4,4,0,,Complete Address,11255,FARMERS BLVD,,,,SAINT ALBANS,NY,11412,Queens,412,27,4235080,4109690092,QN08,40.69954949,-73.76314036
A0143178,INS-000688043,11/16/2023,2023,BA-1123065-2022,BA-1123065,"180 MARKETPLACE, INC.",JUBILEE MARKET,Supermarket - 819,Scale,Scale,Scale Inspection,Computing Scale - 01,12,12,0,,Complete Address,180,RIVERSIDE BLVD,,,,NEW YORK,NY,10069,Manhattan,107,6,1085805,1011710129,MN14,40.77839684,-73.98850354
A0170087,INS-000746115,05/21/2024,2024,BA-1123065-2022,BA-1123065,"180 MARKETPLACE, INC.",JUBILEE MARKET,Supermarket - 819,Scale,Scale,Scale Inspection,Pre-pack Scale - 01,3,3,0,,Complete Address,180,RIVERSIDE BLVD,,,,NEW YORK,NY,10069,Manhattan,107,6,1085805,1011710129,MN14,40.77839684,-73.98850354
A0170087,INS-000746115,05/21/2024,2024,BA-1123065-2022,BA-1123065,"180 MARKETPLACE, INC.",JUBILEE MARKET,Supermarket - 819,Scale,Scale,Scale Inspection,Customer Scale - 01,1,1,0,,Complete Address,180,RIVERSIDE BLVD,,,,NEW YORK,NY,10069,Manhattan,107,6,1085805,1011710129,MN14,40.77839684,-73.98850354
A0170087,INS-000746115,05/21/2024,2024,BA-1123065-2022,BA-1123065,"180 MARKETPLACE, INC.",JUBILEE MARKET,Supermarket - 819,Scale,Scale,Scale Inspection,Computing Scale - 01,8,8,0,,Complete Address,180,RIVERSIDE BLVD,,,,NEW YORK,NY,10069,Manhattan,107,6,1085805,1011710129,MN14,40.77839684,-73.98850354
A0162577,INS-000732312,04/09/2024,2024,BA-1690454-2024,BA-1690454,"99 JOHN'S MARKET PLACE, INC.",JUBILEE MARKET PLACE,Supermarket - 819,Scale,Scale,Scale Inspection,Computing Scale - 01,12,12,0,,Complete Address,99,JOHN ST,,,,NEW YORK,NY,10038,Manhattan,101,1,1087867,1000767502,MN25,40.70800538,-74.00616417
A0213610,INS-000832553,02/27/2025,2025,BA-1690454-2024,BA-1690454,"99 JOHN'S MARKET PLACE, INC.",JUBILEE MARKET PLACE,Supermarket - 819,Scale,Scale,Scale Inspection,Computing Scale - 01,11,11,0,,Complete Address,99,JOHN ST,,,,NEW YORK,NY,10038,Manhattan,101,1,1087867,1000767502,MN25,40.70800538,-74.00616417
A0205146,INS-000815640,12/24/2024,2024,BA-1622877-2023,BA-1622877,356 BEDFORD MARKETPLACE CORP.,jubilee marketplace,Supermarket - 819,Scale,Scale,Scale Inspection,Computing Scale - 01,3,3,0,,Complete Address,356,BEDFORD AVE,,,,BROOKLYN,NY,11249,Brooklyn,301,34,3397101,3024307501,BK73,40.71216334,-73.96278905
A0205146,INS-000815640,12/24/2024,2024,BA-1622877-2023,BA-1622877,356 BEDFORD MARKETPLACE CORP.,jubilee marketplace,Supermarket - 819,Scale,Scale,Scale Inspection,Customer Scale - 01,1,1,0,,Complete Address,356,BEDFORD AVE,,,,BROOKLYN,NY,11249,Brooklyn,301,34,3397101,3024307501,BK73,40.71216334,-73.96278905
A0201357,INS-000808631,11/29/2024,2024,BA-1546556-2022,BA-1546556,WESTERN BEEF RETAIL INC,JUNIOR'S FOOD OUTLET,Supermarket - 819,Scale,Scale,Scale Inspection,Computing Scale - 01,10,10,0,,Complete Address,994,MYRTLE AVE,,,,BROOKLYN,NY,11206,Brooklyn,303,36,3393664,3017570027,BK35,40.69622674,-73.94175188
A0201932,INS-000809030,12/04/2024,2024,BA-1546556-2022,BA-1546556,WESTERN BEEF RETAIL INC,JUNIOR'S FOOD OUTLET,Supermarket - 819,Scale,Scale,Scale Inspection,Computing Scale - 01,2,2,0,,Complete Address,994,MYRTLE AVE,,,,BROOKLYN,NY,11206,Brooklyn,303,36,3393664,3017570027,BK35,40.69622674,-73.94175188
A0205142,INS-000815636,12/24/2024,2024,BA-1623761-2023,BA-1623761,2014  CROPSEY  LLC,KEY  FOOD  FRESH  SUPERMARKET,Supermarket - 819,Scale,Scale,Scale Inspection,Pre-pack Scale - 01,3,3,0,,Complete Address,2014,CROPSEY AVE,,,,BROOKLYN,NY,11214,Brooklyn,311,47,3169978,3064670001,BK27,40.59995446,-74.00246672
A0205142,INS-000815636,12/24/2024,2024,BA-1623761-2023,BA-1623761,2014  CROPSEY  LLC,KEY  FOOD  FRESH  SUPERMARKET,Supermarket - 819,Scale,Scale,Scale Inspection,Computing Scale - 01,6,6,0,,Complete Address,2014,CROPSEY AVE,,,,BROOKLYN,NY,11214,Brooklyn,311,47,3169978,3064670001,BK27,40.59995446,-74.00246672
A0149670,INS-000701674,01/10/2024,2024,BA-1618274-2023,BA-1618274,102-14 FOOD CORP.,KEY FOOD,Supermarket - 819,Scale,Scale,Scale Inspection,Computing Scale - 01,5,5,0,,Complete Address,10214,37TH AVE,,,,CORONA,NY,11368,Queens,403,21,4044220,4017680009,QN26,40.75306412,-73.86515918
A0207824,INS-000820761,01/16/2025,2025,BA-1618274-2023,BA-1618274,102-14 FOOD CORP.,KEY FOOD,Supermarket - 819,Scale,Scale,Scale Inspection,Pre-pack Scale - 01,1,1,0,,Complete Address,10214,37TH AVE,,,,CORONA,NY,11368,Queens,403,21,4044220,4017680009,QN26,40.75306412,-73.86515918
A0207824,INS-000820761,01/16/2025,2025,BA-1618274-2023,BA-1618274,102-14 FOOD CORP.,KEY FOOD,Supermarket - 819,Scale,Scale,Scale Inspection,Computing Scale - 01,4,4,0,,Complete Address,10214,37TH AVE,,,,CORONA,NY,11368,Queens,403,21,4044220,4017680009,QN26,40.75306412,-73.86515918
A0176030,INS-000758126,06/26/2024,2024,BA-1114052-2022,BA-1114052,1533 SUPERMARKET INC.,KEY FOOD,Supermarket - 819,Scale,Scale,Scale Inspection,Computing Scale - 01,9,9,0,,Complete Address,1533,BROADWAY,,,,BROOKLYN,NY,11221,Brooklyn,304,37,3078145,3033940006,BK78,40.68645093,-73.91669706
A0130624,INS-000658091,08/08/2023,2023,BA-1114052-2022,BA-1114052,1533 SUPERMARKET INC.,KEY FOOD,Supermarket - 819,Scale,Scale,Scale Inspection,Computing Scale - 01,10,10,0,,Complete Address,1533,BROADWAY,,,,BROOKLYN,NY,11221,Brooklyn,304,37,3078145,3033940006,BK78,40.68645093,-73.91669706
A0168330,INS-000742522,05/09/2024,2024,BA-1114955-2022,BA-1114955,1769 CENTRAL FOODS LLC,KEY FOOD,Supermarket - 819,Scale,Scale,Scale Inspection,Computing Scale - 01,14,14,0,,Complete Address,1769,2ND AVE,,,,NEW YORK,NY,10128,Manhattan,108,5,1078601,1015380021,MN32,40.78187461,-73.94884096
A0160019,INS-000727861,03/25/2024,2024,BA-1726479-2025,BA-1726479,3151 WESTCHESTER AVE. FOOD CORP.,KEY FOOD,Supermarket - 819,Scale,Scale,Scale Inspection,Computing Scale - 01,20,20,0,,Complete Address,3151,WESTCHESTER AVE,,,,BRONX,NY,10461,Bronx,210,13,2047388,2042350045,BX10,40.85031034,-73.83017506
A0216327,INS-000837201,03/14/2025,2025,BA-1726479-2025,BA-1726479,3151 WESTCHESTER AVE. FOOD CORP.,KEY FOOD,Supermarket - 819,Scale,Scale,Scale Inspection,Computing Scale - 01,20,20,0,,Complete Address,3151,WESTCHESTER AVE,,,,BRONX,NY,10461,Bronx,210,13,2047388,2042350045,BX10,40.85031034,-73.83017506
A0170096,INS-000746126,05/21/2024,2024,BA-1696458-2024,BA-1696458,476 MARCUS GARVEY MEAT LLC,Key food,Supermarket - 819,Scale,Scale,Scale Inspection,Computing Scale - 01,4,4,0,,Complete Address,476,MARCUS GARVEY BLVD,,,,BROOKLYN,NY,11216,Brooklyn,303,36,3053697,3018590024,BK35,40.68049152,-73.93756173
A0170096,INS-000746126,05/21/2024,2024,BA-1696458-2024,BA-1696458,476 MARCUS GARVEY MEAT LLC,Key food,Supermarket - 819,Scale,Scale,Scale Inspection,Pre-pack Scale - 01,2,2,0,,Complete Address,476,MARCUS GARVEY BLVD,,,,BROOKLYN,NY,11216,Brooklyn,303,36,3053697,3018590024,BK35,40.68049152,-73.93756173
A0173922,INS-000753720,06/14/2024,2024,BA-1117099-2022,BA-1117099,530 FOOD CORP.,KEY FOOD,Supermarket - 819,Scale,Scale,Scale Inspection,Computing Scale - 01,10,10,0,,Complete Address,530,AMSTERDAM AVE,,,,NEW YORK,NY,10024,Manhattan,107,6,1033140,1012330033,MN12,40.78740846,-73.97522726
A0193786,INS-000793527,10/11/2024,2024,BA-1126481-2022,BA-1126481,66-56 MEAT CORP,KEY FOOD,Supermarket - 819,Scale,Scale,Scale Inspection,Computing Scale - 01,14,14,0,,Complete Address,6656,GRAND AVE,,,,MASPETH,NY,11378,Queens,405,30,4062170,4027740035,QN30,40.72473045,-73.89753873
A0149651,INS-000701631,01/10/2024,2024,BA-954012-2022,BA-954012-,"7414 3RD AVE. MEAT, LLC",KEY FOOD,Supermarket - 819,Scale,Scale,Scale Inspection,Computing Scale - 01,13,13,0,,Complete Address,7414,3RD AVE,,,,BROOKLYN,NY,11209,Brooklyn,310,47,3148231,3059280045,BK31,40.63198566,-74.02759006
A0202559,INS-000810808,12/06/2024,2024,BA-1118664-2022,BA-1118664,AF FOOD CORP.,KEY FOOD,Supermarket - 819,Scale,Scale,Scale Inspection,Computing Scale - 01,4,4,0,,Complete Address,3013,36TH AVE,,,,ASTORIA,NY,11106,Queens,401,22,4007998,4006030046,QN70,40.75687681,-73.93035769
A0202559,INS-000810808,12/06/2024,2024,BA-1118664-2022,BA-1118664,AF FOOD CORP.,KEY FOOD,Supermarket - 819,Scale,Scale,Scale Inspection,Pre-pack Scale - 01,2,2,0,,Complete Address,3013,36TH AVE,,,,ASTORIA,NY,11106,Queens,401,22,4007998,4006030046,QN70,40.75687681,-73.93035769
A0141387,INS-000686205,10/31/2023,2023,BA-1073208-2022,BA-1073208,ALMONTE MILL FOOD CORP.,KEY FOOD,Supermarket - 819,Scale,Scale,Scale Inspection,Computing Scale - 01,15,15,0,,Complete Address,6620,AVENUE U,,,,BROOKLYN,NY,11234,Brooklyn,318,46,3243428,3086310001,BK45,40.61753858,-73.91061283
A0158249,INS-000724461,03/13/2024,2024,BA-1073208-2022,BA-1073208,ALMONTE MILL FOOD CORP.,KEY FOOD,Supermarket - 819,Scale,Scale,Scale Inspection,Computing Scale - 01,12,12,0,,Complete Address,6620,AVENUE U,,,,BROOKLYN,NY,11234,Brooklyn,318,46,3243428,3086310001,BK45,40.61753858,-73.91061283
A0158249,INS-000724461,03/13/2024,2024,BA-1073208-2022,BA-1073208,ALMONTE MILL FOOD CORP.,KEY FOOD,Supermarket - 819,Scale,Scale,Scale Inspection,Customer Scale - 01,1,1,0,,Complete Address,6620,AVENUE U,,,,BROOKLYN,NY,11234,Brooklyn,318,46,3243428,3086310001,BK45,40.61753858,-73.91061283
A0158249,INS-000724461,03/13/2024,2024,BA-1073208-2022,BA-1073208,ALMONTE MILL FOOD CORP.,KEY FOOD,Supermarket - 819,Scale,Scale,Scale Inspection,Pre-pack Scale - 01,1,1,0,,Complete Address,6620,AVENUE U,,,,BROOKLYN,NY,11234,Brooklyn,318,46,3243428,3086310001,BK45,40.61753858,-73.91061283
A0184280,INS-000761833,08/21/2024,2024,BA-1107965-2022,BA-1107965,B & ME FOOD CORP.,KEY FOOD,Supermarket - 819,Scale,Scale,Scale Inspection,Computing Scale - 01,1,1,0,,Complete Address,1050,WESTCHESTER AVE,,,,BRONX,NY,10459,Bronx,202,17,2006022,2027430025,BX27,40.82472975,-73.89176982
A0193375,INS-000790940,10/10/2024,2024,BA-1107965-2022,BA-1107965,B & ME FOOD CORP.,KEY FOOD,Supermarket - 819,Scale,Scale,Scale Inspection,Computing Scale - 01,4,4,0,,Complete Address,1050,WESTCHESTER AVE,,,,BRONX,NY,10459,Bronx,202,17,2006022,2027430025,BX27,40.82472975,-73.89176982
A0152867,INS-000711305,02/02/2024,2024,BA-1107965-2022,BA-1107965,B & ME FOOD CORP.,KEY FOOD,Supermarket - 819,Scale,Scale,Scale Inspection,Computing Scale - 01,7,7,0,,Complete Address,1050,WESTCHESTER AVE,,,,BRONX,NY,10459,Bronx,202,17,2006022,2027430025,BX27,40.82472975,-73.89176982
A0173077,INS-000752249,06/11/2024,2024,BA-1221801-2022,BA-1221801,CP FAMILY MARKET CORP,KEY FOOD,Supermarket - 819,Scale,Scale,Scale Inspection,Computing Scale - 01,8,8,0,,Complete Address,1519,COLLEGE POINT BLVD,,,,COLLEGE POINT,NY,11356,Queens,407,19,4098327,4040840008,QN23,40.78403899,-73.84580644
A0204474,INS-000814460,12/19/2024,2024,BA-1221801-2022,BA-1221801,CP FAMILY MARKET CORP,KEY FOOD,Supermarket - 819,Scale,Scale,Scale Inspection,Computing Scale - 01,1,1,0,,Complete Address,1519,COLLEGE POINT BLVD,,,,COLLEGE POINT,NY,11356,Queens,407,19,4098327,4040840008,QN23,40.78403899,-73.84580644
A0205670,INS-000816759,12/31/2024,2024,BA-1191323-2022,BA-1191323,DHY SONAMOO LLC,KEY FOOD,Supermarket - 819,Scale,Scale,Scale Inspection,Computing Scale - 01,10,10,0,,Complete Address,9530,CHURCH AVE,,,,BROOKLYN,NY,11212,Brooklyn,317,42,3103566,3047160050,BK96,40.65533289,-73.91600429
A0179743,INS-000766106,07/25/2024,2024,BA-1224050-2022,BA-1224050,DOLCO FOOD CORP.,KEY FOOD,Supermarket - 819,Scale,Scale,Scale Inspection,Computing Scale - 01,3,3,0,,Complete Address,10202,101ST AVE,,,,OZONE PARK,NY,11416,Queens,409,29,4198343,4094200001,QN54,40.68578608,-73.84062511
A0151915,INS-000702151,01/26/2024,2024,BA-1224050-2022,BA-1224050,DOLCO FOOD CORP.,KEY FOOD,Supermarket - 819,Scale,Scale,Scale Inspection,Computing Scale - 01,9,9,0,,Complete Address,10202,101ST AVE,,,,OZONE PARK,NY,11416,Queens,409,29,4198343,4094200001,QN54,40.68578608,-73.84062511
A0205417,INS-000816163,12/27/2024,2024,BA-1161621-2022,BA-1161621,DOLEH 919 FOOD CORP,KEY FOOD,Supermarket - 819,Scale,Scale,Scale Inspection,Computing Scale - 01,14,14,0,,Complete Address,3485,NEPTUNE AVE,,,,BROOKLYN,NY,11224,Brooklyn,313,47,3426147,3069790100,BK21,40.57703813,-74.0019331
A0130728,INS-000658269,08/09/2023,2023,BA-1249349-2022,BA-1249349,EMPIRE SUPERMARKET INC .,KEY FOOD,Supermarket - 819,Scale,Scale,Scale Inspection,Computing Scale - 01,13,13,0,,Complete Address,2066,ROCKAWAY PKWY,,,,BROOKLYN,NY,11236,Brooklyn,318,46,3235257,3083280001,BK50,40.63258528,-73.88835253
A0202975,INS-000811622,12/10/2024,2024,BA-1249349-2022,BA-1249349,EMPIRE SUPERMARKET INC .,KEY FOOD,Supermarket - 819,Scale,Scale,Scale Inspection,Computing Scale - 01,13,13,0,,Complete Address,2066,ROCKAWAY PKWY,,,,BROOKLYN,NY,11236,Brooklyn,318,46,3235257,3083280001,BK50,40.63258528,-73.88835253
A0209143,INS-000823347,01/28/2025,2025,BA-1197071-2022,BA-1197071,GEMSTONE SUPERMARKETS INC.,KEY FOOD,Supermarket - 819,Scale,Scale,Scale Inspection,Computing Scale - 01,11,11,0,,Complete Address,18314,HILLSIDE AVE,,,,JAMAICA,NY,11432,Queens,412,23,4212730,4099300031,QN61,40.71389161,-73.77865093
A0149958,INS-000702374,01/11/2024,2024,BA-1723417-2025,BA-1723417,GREAT WAY FOODS INC.,Key Food,Supermarket - 819,Scale,Scale,Scale Inspection,Customer Scale - 01,1,1,0,,Complete Address,4365,BROADWAY,,,,NEW YORK,NY,10033,Manhattan,112,10,1064429,1021800145,MN35,40.85368813,-73.93395787
A0149958,INS-000702374,01/11/2024,2024,BA-1723417-2025,BA-1723417,GREAT WAY FOODS INC.,Key Food,Supermarket - 819,Scale,Scale,Scale Inspection,Computing Scale - 01,7,7,0,,Complete Address,4365,BROADWAY,,,,NEW YORK,NY,10033,Manhattan,112,10,1064429,1021800145,MN35,40.85368813,-73.93395787
A0149958,INS-000702374,01/11/2024,2024,BA-1723417-2025,BA-1723417,GREAT WAY FOODS INC.,Key Food,Supermarket - 819,Scale,Scale,Scale Inspection,Pre-pack Scale - 01,2,2,0,,Complete Address,4365,BROADWAY,,,,NEW YORK,NY,10033,Manhattan,112,10,1064429,1021800145,MN35,40.85368813,-73.93395787
A0217122,INS-000838665,03/19/2025,2025,BA-1723417-2025,BA-1723417,GREAT WAY FOODS INC.,Key Food,Supermarket - 819,Scale,Scale,Scale Inspection,Pre-pack Scale - 01,6,6,0,,Complete Address,4365,BROADWAY,,,,NEW YORK,NY,10033,Manhattan,112,10,1064429,1021800145,MN35,40.85368813,-73.93395787
A0217122,INS-000838665,03/19/2025,2025,BA-1723417-2025,BA-1723417,GREAT WAY FOODS INC.,Key Food,Supermarket - 819,Scale,Scale,Scale Inspection,Computing Scale - 01,8,8,0,,Complete Address,4365,BROADWAY,,,,NEW YORK,NY,10033,Manhattan,112,10,1064429,1021800145,MN35,40.85368813,-73.93395787
A0217122,INS-000838665,03/19/2025,2025,BA-1723417-2025,BA-1723417,GREAT WAY FOODS INC.,Key Food,Supermarket - 819,Scale,Scale,Scale Inspection,Customer Scale - 01,1,1,0,,Complete Address,4365,BROADWAY,,,,NEW YORK,NY,10033,Manhattan,112,10,1064429,1021800145,MN35,40.85368813,-73.93395787
A0129115,INS-000655070,07/21/2023,2023,BA-1613280-2023,BA-1613280,HARLEM 421 FOODS CORP,Key Food,Supermarket - 819,Scale,Scale,Scale Inspection,Computing Scale - 01,8,8,0,,Complete Address,421,W 125TH ST,,,,NEW YORK,NY,10027,Manhattan,109,7,1059546,1019660059,MN09,40.81202257,-73.95507828
A0144195,INS-000690918,11/24/2023,2023,BA-1354842-2022,BA-1354842,JK & K SUPERMARKETS INC.,key food,Supermarket - 819,Scale,Scale,Scale Inspection,Computing Scale - 01,9,9,0,,Complete Address,1610,CORTELYOU RD,,,,BROOKLYN,NY,11226,Brooklyn,314,40,3118752,3051590001,BK42,40.64169144,-73.96335083
A0182732,INS-000772196,08/13/2024,2024,BA-1407447-2022,BA-1407447,MAN-DELL FOOD STORES INC.,KEY FOOD,Supermarket - 819,Scale,Scale,Scale Inspection,Computing Scale - 01,24,24,0,,Complete Address,3215,NEWTOWN AVE,,,,ASTORIA,NY,11102,Queens,401,22,4008605,4006190001,QN71,40.76669912,-73.92015621
A0201160,INS-000808253,11/27/2024,2024,BA-1443221-2022,BA-1443221,MAN-DELL FOOD STORES INC.,KEY FOOD,Supermarket - 819,Scale,Scale,Scale Inspection,Computing Scale - 01,22,22,0,,Complete Address,130,7TH AVE,,,,BROOKLYN,NY,11215,Brooklyn,306,39,3020538,3009630047,BK37,40.6730732,-73.97644135
A0199728,INS-000805424,11/19/2024,2024,BA-1439944-2022,BA-1439944,MAN-DELL FOOD STORES INC.,KEY FOOD,Supermarket - 819,Scale,Scale,Scale Inspection,Computing Scale - 01,21,21,0,,Complete Address,52,AVENUE A,,,,NEW YORK,NY,10009,Manhattan,103,2,1004989,1003990008,MN22,40.72403946,-73.98498814
A0205207,INS-000815767,12/26/2024,2024,BA-1421522-2022,BA-1421522,MARIAM FOOD CORP.,KEY FOOD,Supermarket - 819,Scale,Scale,Scale Inspection,Computing Scale - 01,9,9,0,,Complete Address,43,COLUMBIA ST,,,,NEW YORK,NY,10002,Manhattan,103,2,1082667,1003330001,MN28,40.71648522,-73.98057445
A0204738,INS-000814916,12/20/2024,2024,BA-1546718-2022,BA-1546718,RED APPLE TREE INC.,KEY FOOD,Supermarket - 819,Scale,Scale,Scale Inspection,Computing Scale - 01,10,10,0,,Complete Address,169,ATLANTIC AVE,,,,BROOKLYN,NY,11201,Brooklyn,302,33,3002774,3002760016,BK09,40.69016441,-73.99405744
A0159341,INS-000726500,03/20/2024,2024,BA-1560183-2022,BA-1560183,RL FOOD CORP,KEY FOOD,Supermarket - 819,Scale,Scale,Scale Inspection,Computing Scale - 01,5,5,0,,Complete Address,11634,QUEENS BLVD,,,,FOREST HILLS,NY,11375,Queens,406,29,4079981,4033460016,QN17,40.71596001,-73.83334553
A0159341,INS-000726500,03/20/2024,2024,BA-1560183-2022,BA-1560183,RL FOOD CORP,KEY FOOD,Supermarket - 819,Scale,Scale,Scale Inspection,Pre-pack Scale - 01,2,2,0,,Complete Address,11634,QUEENS BLVD,,,,FOREST HILLS,NY,11375,Queens,406,29,4079981,4033460016,QN17,40.71596001,-73.83334553
A0208819,INS-000822743,01/24/2025,2025,BA-1560183-2022,BA-1560183,RL FOOD CORP,KEY FOOD,Supermarket - 819,Scale,Scale,Scale Inspection,Computing Scale - 01,7,7,0,,Complete Address,11634,QUEENS BLVD,,,,FOREST HILLS,NY,11375,Queens,406,29,4079981,4033460016,QN17,40.71596001,-73.83334553
A0127318,INS-000652160,07/07/2023,2023,BA-1482803-2022,BA-1482803,ROSANNA FOOD CORP,KEY FOOD,Supermarket - 819,Scale,Scale,Scale Inspection,Computing Scale - 01,10,10,0,,Complete Address,592,LENOX AVE,,,,NEW YORK,NY,10037,Manhattan,110,9,1053937,1017370011,MN03,40.81708725,-73.93866915
A0197907,INS-000802082,11/07/2024,2024,BA-1535570-2022,BA-1535570,ROSANNA FOOD CORP,KEY FOOD,Supermarket - 819,Scale,Scale,Scale Inspection,Computing Scale - 01,10,10,0,,Complete Address,592,MALCOLM X BLVD,,,,NEW YORK,NY,10037,Manhattan,110,9,1053937,1017370011,MN03,40.81708725,-73.93866915
A0215017,INS-000834950,03/07/2025,2025,BA-1535570-2022,BA-1535570,ROSANNA FOOD CORP,KEY FOOD,Supermarket - 819,Scale,Scale,Scale Inspection,Computing Scale - 01,10,10,0,,Complete Address,592,MALCOLM X BLVD,,,,NEW YORK,NY,10037,Manhattan,110,9,1053937,1017370011,MN03,40.81708725,-73.93866915
A0140220,INS-000684203,10/23/2023,2023,BA-1603033-2023,BA-1603033,SUN KEY FOOD LLC,KEY FOOD,Supermarket - 819,Scale,Scale,Scale Inspection,Computing Scale - 01,7,7,0,,Complete Address,10816,LIBERTY AVE,,,,SOUTH RICHMOND HILL,NY,11419,Queens,410,28,4202274,4095310004,QN55,40.68384626,-73.83339694
A0203255,INS-000812110,12/11/2024,2024,BA-1603033-2023,BA-1603033,SUN KEY FOOD LLC,KEY FOOD,Supermarket - 819,Scale,Scale,Scale Inspection,Computing Scale - 01,9,9,0,,Complete Address,10816,LIBERTY AVE,,,,SOUTH RICHMOND HILL,NY,11419,Queens,410,28,4202274,4095310004,QN55,40.68384626,-73.83339694
A0135420,INS-000666354,09/14/2023,2023,BA-1538309-2022,BA-1538309,TEAMS MARKET INC.,KEY FOOD,Supermarket - 819,Scale,Scale,Scale Inspection,Computing Scale - 01,9,9,0,,Complete Address,1791,WALTON AVE,,,,BRONX,NY,10453,Bronx,205,14,2114111,2028500052,BX41,40.84801503,-73.90992722
A0178276,INS-000762545,07/16/2024,2024,BA-1702630-2024,BA-1702630,YOUNG RYAN CORP.,Key Food,Supermarket - 819,Scale,Scale,Scale Inspection,Computing Scale - 01,9,9,0,,Complete Address,10535,64TH RD,,,,FOREST HILLS,NY,11375,Queens,406,29,4442643,4021490001,QN17,40.73246007,-73.85027009
A0178276,INS-000762545,07/16/2024,2024,BA-1702630-2024,BA-1702630,YOUNG RYAN CORP.,Key Food,Supermarket - 819,Scale,Scale,Scale Inspection,Pre-pack Scale - 01,2,2,0,,Complete Address,10535,64TH RD,,,,FOREST HILLS,NY,11375,Queens,406,29,4442643,4021490001,QN17,40.73246007,-73.85027009
A0182287,INS-000771279,08/08/2024,2024,BA-1470140-2022,BA-1470140,"PICK QUICK FOODS, INC.",Key Food # 432,Supermarket - 819,Scale,Scale,Scale Inspection,Computing Scale - 01,11,11,0,,Complete Address,4320,5TH AVE,,,,BROOKLYN,NY,11232,Brooklyn,307,38,3010978,3007290038,BK32,40.64886373,-74.00642177
A0206121,INS-000817530,01/03/2025,2025,BA-1545739-2022,BA-1545739,TREMONT FOOD CORP.,KEY FOOD #1327,Supermarket - 819,Scale,Scale,Scale Inspection,Computing Scale - 01,9,9,0,,Complete Address,2722,E TREMONT AVE,,,,BRONX,NY,10461,Bronx,210,18,2041966,2039880034,BX37,40.84242939,-73.84515066
A0141726,INS-000686726,11/01/2023,2023,BA-1677003-2023,BA-1677003,"RALPH AVENUE MEAT, INC.",Key Food #2641,Supermarket - 819,Scale,Scale,Scale Inspection,Computing Scale - 01,10,10,0,,Complete Address,1804,RALPH AVE,,,,BROOKLYN,NY,11236,Brooklyn,318,46,3223371,3079790146,BK58,40.6328413,-73.91869149
A0191910,INS-000789810,10/03/2024,2024,BA-1710719-2024,BA-1710719,"HOPE VALLEY FOOD, INC.",Key Food Fresh,Supermarket - 819,Scale,Scale,Scale Inspection,Computing Scale - 01,15,15,0,,Complete Address,492,SAINT MARKS AVE,,,,BROOKLYN,NY,11238,Brooklyn,308,35,3388322,3011560020,BK61,40.67638648,-73.95829173
A0188635,INS-000783931,09/18/2024,2024,BA-1432896-2022,BA-1432896,MATLYN FOODS INC.,KEY FOOD MANTAQUE,Supermarket - 819,Scale,Scale,Scale Inspection,Computing Scale - 01,14,14,0,,Complete Address,102,MONTAGUE ST,,,,BROOKLYN,NY,11201,Brooklyn,302,33,3002056,3002480025,BK09,40.69502819,-73.99518935
A0203504,INS-000812571,12/12/2024,2024,BA-1119367-2022,BA-1119367,AGUILAR MEAT & PRODUCE INC,KEY FOOD MARKET PLACE,Supermarket - 819,Scale,Scale,Scale Inspection,Pre-pack Scale - 01,1,1,0,,Complete Address,15515,AGUILAR AVE,,,,FLUSHING,NY,11367,Queens,408,24,4146999,4067930380,QN38,40.72800668,-73.81358699
A0203504,INS-000812571,12/12/2024,2024,BA-1119367-2022,BA-1119367,AGUILAR MEAT & PRODUCE INC,KEY FOOD MARKET PLACE,Supermarket - 819,Scale,Scale,Scale Inspection,Computing Scale - 01,15,15,0,,Complete Address,15515,AGUILAR AVE,,,,FLUSHING,NY,11367,Queens,408,24,4146999,4067930380,QN38,40.72800668,-73.81358699
A0208746,INS-000822613,01/24/2025,2025,BA-1119367-2022,BA-1119367,AGUILAR MEAT & PRODUCE INC,KEY FOOD MARKET PLACE,Supermarket - 819,Scale,Scale,Scale Inspection,Customer Scale - 01,1,1,0,,Complete Address,15515,AGUILAR AVE,,,,FLUSHING,NY,11367,Queens,408,24,4146999,4067930380,QN38,40.72800668,-73.81358699
A0208746,INS-000822613,01/24/2025,2025,BA-1119367-2022,BA-1119367,AGUILAR MEAT & PRODUCE INC,KEY FOOD MARKET PLACE,Supermarket - 819,Scale,Scale,Scale Inspection,Computing Scale - 01,14,14,0,,Complete Address,15515,AGUILAR AVE,,,,FLUSHING,NY,11367,Queens,408,24,4146999,4067930380,QN38,40.72800668,-73.81358699
A0205414,INS-000816160,12/27/2024,2024,BA-1119367-2022,BA-1119367,AGUILAR MEAT & PRODUCE INC,KEY FOOD MARKET PLACE,Supermarket - 819,Scale,Scale,Scale Inspection,Computing Scale - 01,1,1,0,,Complete Address,15515,AGUILAR AVE,,,,FLUSHING,NY,11367,Queens,408,24,4146999,4067930380,QN38,40.72800668,-73.81358699
A0208746,INS-000822613,01/24/2025,2025,BA-1119367-2022,BA-1119367,AGUILAR MEAT & PRODUCE INC,KEY FOOD MARKET PLACE,Supermarket - 819,Scale,Scale,Scale Inspection,Pre-pack Scale - 01,2,2,0,,Complete Address,15515,AGUILAR AVE,,,,FLUSHING,NY,11367,Queens,408,24,4146999,4067930380,QN38,40.72800668,-73.81358699
A0212347,INS-000830568,02/19/2025,2025,BA-958271-2022,BA-958271-,319 MEAT MARKET CORP.,KEY FOOD SUPERMARKET,Supermarket - 819,Scale,Scale,Scale Inspection,Computing Scale - 01,14,14,0,,Complete Address,319,KINGS HWY,,,,BROOKLYN,NY,11223,Brooklyn,311,43,3176862,3066510019,BK29,40.60499743,-73.97856854
A0181001,INS-000768788,08/01/2024,2024,BA-1121358-2022,BA-1121358,42-15 FOOD CORP.,KEY FOOD SUPERMARKET,Supermarket - 819,Scale,Scale,Scale Inspection,Pre-pack Scale - 01,2,2,0,,Complete Address,4215,30TH AVE,,,,ASTORIA,NY,11103,Queens,401,22,4012073,4006980041,QN70,40.7630518,-73.91318993
A0181001,INS-000768788,08/01/2024,2024,BA-1121358-2022,BA-1121358,42-15 FOOD CORP.,KEY FOOD SUPERMARKET,Supermarket - 819,Scale,Scale,Scale Inspection,Customer Scale - 01,1,1,0,,Complete Address,4215,30TH AVE,,,,ASTORIA,NY,11103,Queens,401,22,4012073,4006980041,QN70,40.7630518,-73.91318993
A0181001,INS-000768788,08/01/2024,2024,BA-1121358-2022,BA-1121358,42-15 FOOD CORP.,KEY FOOD SUPERMARKET,Supermarket - 819,Scale,Scale,Scale Inspection,Computing Scale - 01,7,7,0,,Complete Address,4215,30TH AVE,,,,ASTORIA,NY,11103,Queens,401,22,4012073,4006980041,QN70,40.7630518,-73.91318993
A0135554,INS-000666699,09/15/2023,2023,BA-1263728-2022,BA-1263728,FORBELL MEAT CORP.,KEY FOOD SUPERMARKET,Supermarket - 819,Scale,Scale,Scale Inspection,Computing Scale - 01,8,8,0,,Complete Address,1232,NOSTRAND AVE,,,,BROOKLYN,NY,11225,Brooklyn,309,40,3115890,3050500043,BK60,40.65696947,-73.95024504
A0178383,INS-000762750,07/16/2024,2024,BA-1255784-2022,BA-1255784,JK & K SUPERMARKET INC.,KEY FOOD SUPERMARKET,Supermarket - 819,Scale,Scale,Scale Inspection,Computing Scale - 01,9,9,0,,Complete Address,1610,CORTELYOU RD,,,,BROOKLYN,NY,11226,Brooklyn,314,40,3118752,3051590001,BK42,40.64169144,-73.96335083
A0166788,INS-000739509,05/01/2024,2024,BA-1126555-2022,BA-1126555,138-37 FOOD CORP,KEY FOOD SUPERMARKETS,Supermarket - 819,Scale,Scale,Scale Inspection,Computing Scale - 01,7,7,0,,Complete Address,13837,QUEENS BLVD,,,,JAMAICA,NY,11435,Queens,408,24,4206512,4096490025,QN35,40.70811409,-73.81793844
A0190381,INS-000787037,09/26/2024,2024,BA-1126555-2022,BA-1126555,138-37 FOOD CORP,KEY FOOD SUPERMARKETS,Supermarket - 819,Scale,Scale,Scale Inspection,Computing Scale - 01,1,1,0,,Complete Address,13837,QUEENS BLVD,,,,JAMAICA,NY,11435,Queens,408,24,4206512,4096490025,QN35,40.70811409,-73.81793844
A0129369,INS-000655512,07/26/2023,2023,BA-1126555-2022,BA-1126555,138-37 FOOD CORP,KEY FOOD SUPERMARKETS,Supermarket - 819,Scale,Scale,Scale Inspection,Computing Scale - 01,9,9,0,,Complete Address,13837,QUEENS BLVD,,,,JAMAICA,NY,11435,Queens,408,24,4206512,4096490025,QN35,40.70811409,-73.81793844
A0151242,INS-000706345,01/23/2024,2024,BA-1126555-2022,BA-1126555,138-37 FOOD CORP,KEY FOOD SUPERMARKETS,Supermarket - 819,Scale,Scale,Scale Inspection,Computing Scale - 01,3,3,0,,Complete Address,13837,QUEENS BLVD,,,,JAMAICA,NY,11435,Queens,408,24,4206512,4096490025,QN35,40.70811409,-73.81793844
A0166788,INS-000739509,05/01/2024,2024,BA-1126555-2022,BA-1126555,138-37 FOOD CORP,KEY FOOD SUPERMARKETS,Supermarket - 819,Scale,Scale,Scale Inspection,Pre-pack Scale - 01,1,0,4,Confiscated,Complete Address,13837,QUEENS BLVD,,,,JAMAICA,NY,11435,Queens,408,24,4206512,4096490025,QN35,40.70811409,-73.81793844
A0180840,INS-000768468,07/31/2024,2024,BA-1453865-2022,BA-1453865,"PICK QUICK FOODS, INC",KEY FOOD SUPERMARKETS,Supermarket - 819,Scale,Scale,Scale Inspection,Computing Scale - 01,18,18,0,,Complete Address,224,MCGUINNESS BLVD,,,,BROOKLYN,NY,11222,Brooklyn,301,33,3337670,3025770001,BK76,40.72981875,-73.95111071
A0216539,INS-000837681,03/17/2025,2025,BA-1453865-2022,BA-1453865,"PICK QUICK FOODS, INC",KEY FOOD SUPERMARKETS,Supermarket - 819,Scale,Scale,Scale Inspection,Customer Scale - 01,1,1,0,,Complete Address,224,MCGUINNESS BLVD,,,,BROOKLYN,NY,11222,Brooklyn,301,33,3337670,3025770001,BK76,40.72981875,-73.95111071
A0216539,INS-000837681,03/17/2025,2025,BA-1453865-2022,BA-1453865,"PICK QUICK FOODS, INC",KEY FOOD SUPERMARKETS,Supermarket - 819,Scale,Scale,Scale Inspection,Pre-pack Scale - 01,4,4,0,,Complete Address,224,MCGUINNESS BLVD,,,,BROOKLYN,NY,11222,Brooklyn,301,33,3337670,3025770001,BK76,40.72981875,-73.95111071
A0216539,INS-000837681,03/17/2025,2025,BA-1453865-2022,BA-1453865,"PICK QUICK FOODS, INC",KEY FOOD SUPERMARKETS,Supermarket - 819,Scale,Scale,Scale Inspection,Computing Scale - 01,13,13,0,,Complete Address,224,MCGUINNESS BLVD,,,,BROOKLYN,NY,11222,Brooklyn,301,33,3337670,3025770001,BK76,40.72981875,-73.95111071
A0156572,INS-000735293,03/01/2024,2024,BA-1686754-2024,BA-1686754,1239 FOOD CORP.,Key Foods,Supermarket - 819,Scale,Scale,,Pre-pack Scale - 01,1,1,0,,Complete Address,1239,SAINT NICHOLAS AVE,,,,NEW YORK,NY,10032,Manhattan,112,10,1063462,1021410021,MN36,40.84337307,-73.93808833
A0156572,INS-000735293,03/01/2024,2024,BA-1686754-2024,BA-1686754,1239 FOOD CORP.,Key Foods,Supermarket - 819,Scale,Scale,Scale Inspection,Computing Scale - 01,8,8,0,,Complete Address,1239,SAINT NICHOLAS AVE,,,,NEW YORK,NY,10032,Manhattan,112,10,1063462,1021410021,MN36,40.84337307,-73.93808833
A0156572,INS-000735293,03/01/2024,2024,BA-1686754-2024,BA-1686754,1239 FOOD CORP.,Key Foods,Supermarket - 819,Scale,Scale,Scale Inspection,Customer Scale - 01,2,2,0,,Complete Address,1239,SAINT NICHOLAS AVE,,,,NEW YORK,NY,10032,Manhattan,112,10,1063462,1021410021,MN36,40.84337307,-73.93808833
A0200881,INS-000807726,11/26/2024,2024,BA-1100643-2022,BA-1100643,"7915 PRODUCE & MEAT, INC.",KEYFOOD,Supermarket - 819,Scale,Scale,Scale Inspection,Computing Scale - 01,18,18,0,,Complete Address,7915,MAIN ST,,,,FLUSHING,NY,11367,Queens,408,24,4144378,4066720001,QN37,40.71845296,-73.81751338
A0173571,INS-000753077,06/12/2024,2024,BA-1102665-2022,BA-1102665,8772 Meat Corp.,KEYFOOD,Supermarket - 819,Scale,Scale,Scale Inspection,Computing Scale - 01,10,10,0,,Complete Address,8772,18TH AVE,,,,BROOKLYN,NY,11214,Brooklyn,311,47,3168630,3064350036,BK27,40.60370645,-74.00637421
A0173076,INS-000752245,06/11/2024,2024,BA-976767-2022,BA-976767-,991 FULTON STREET MEAT CORP,KEYFOOD,Supermarket - 819,Scale,Scale,Scale Inspection,Computing Scale - 01,9,9,0,,Complete Address,991,FULTON ST,,,,BROOKLYN,NY,11238,Brooklyn,302,35,3056732,3019800064,BK69,40.6827231,-73.96322372
A0211370,INS-000828816,02/11/2025,2025,BA-976767-2022,BA-976767-,991 FULTON STREET MEAT CORP,KEYFOOD,Supermarket - 819,Scale,Scale,Scale Inspection,Customer Scale - 01,1,1,0,,Complete Address,991,FULTON ST,,,,BROOKLYN,NY,11238,Brooklyn,302,35,3056732,3019800064,BK69,40.6827231,-73.96322372
A0211370,INS-000828816,02/11/2025,2025,BA-976767-2022,BA-976767-,991 FULTON STREET MEAT CORP,KEYFOOD,Supermarket - 819,Scale,Scale,Scale Inspection,Computing Scale - 01,6,6,0,,Complete Address,991,FULTON ST,,,,BROOKLYN,NY,11238,Brooklyn,302,35,3056732,3019800064,BK69,40.6827231,-73.96322372
A0211370,INS-000828816,02/11/2025,2025,BA-976767-2022,BA-976767-,991 FULTON STREET MEAT CORP,KEYFOOD,Supermarket - 819,Scale,Scale,Scale Inspection,Pre-pack Scale - 01,2,2,0,,Complete Address,991,FULTON ST,,,,BROOKLYN,NY,11238,Brooklyn,302,35,3056732,3019800064,BK69,40.6827231,-73.96322372
A0196474,INS-000799241,10/29/2024,2024,BA-1114426-2022,BA-1114426,"ARDEN MARKET PLACE, INC",KEYFOOD,Supermarket - 819,Scale,Scale,Scale Inspection,Computing Scale - 01,20,20,0,,Complete Address,244,ARDEN AVE,,,,STATEN ISLAND,NY,10312,Staten Island,503,51,5107724,5060250035,SI48,40.55332999,-74.19198561
A0174550,INS-000755043,06/20/2024,2024,BA-1699967-2024,BA-1699967,KNA MEAT & PRODUCE CORP,KeyFood Marketplace,Supermarket - 819,Scale,Scale,Scale Inspection,Computing Scale - 01,9,9,0,,Complete Address,3509,FRANCIS LEWIS BLVD,,,,FLUSHING,NY,11358,Queens,411,19,4135977,4061420050,QN46,40.76362312,-73.7869581
A0174550,INS-000755043,06/20/2024,2024,BA-1699967-2024,BA-1699967,KNA MEAT & PRODUCE CORP,KeyFood Marketplace,Supermarket - 819,Scale,Scale,Scale Inspection,Customer Scale - 01,1,1,0,,Complete Address,3509,FRANCIS LEWIS BLVD,,,,FLUSHING,NY,11358,Queens,411,19,4135977,4061420050,QN46,40.76362312,-73.7869581
A0174550,INS-000755043,06/20/2024,2024,BA-1699967-2024,BA-1699967,KNA MEAT & PRODUCE CORP,KeyFood Marketplace,Supermarket - 819,Scale,Scale,Scale Inspection,Pre-pack Scale - 01,3,3,0,,Complete Address,3509,FRANCIS LEWIS BLVD,,,,FLUSHING,NY,11358,Queens,411,19,4135977,4061420050,QN46,40.76362312,-73.7869581
A0176694,INS-000759345,07/05/2024,2024,BA-1306519-2022,BA-1306519,LYDIG FOOD CORP.,KEYFOOD SUPERMARKET,Supermarket - 819,Scale,Scale,Scale Inspection,Computing Scale - 01,15,15,0,,Complete Address,751,LYDIG AVE,,,,BRONX,NY,10462,Bronx,211,13,2049411,2043200001,BX49,40.85446589,-73.86561151
A0206956,INS-000819215,01/10/2025,2025,BA-1306519-2022,BA-1306519,LYDIG FOOD CORP.,KEYFOOD SUPERMARKET,Supermarket - 819,Scale,Scale,Scale Inspection,Computing Scale - 01,15,15,0,,Complete Address,751,LYDIG AVE,,,,BRONX,NY,10462,Bronx,211,13,2049411,2043200001,BX49,40.85446589,-73.86561151
A0195912,INS-000798067,10/25/2024,2024,BA-1046398-2022,BA-1046398,ERNST KLEIN 6TH AVENUE FOOD CORP,KLEIN SUPERMARKET,Supermarket - 819,Scale,Scale,Scale Inspection,Pre-pack Scale - 01,1,1,0,,Complete Address,1366,AVENUE OF THE AMERICAS,,,,NEW YORK,NY,10019,Manhattan,105,4,1034856,1012717501,MN17,40.76325806,-73.97795448
A0163159,INS-000733289,04/11/2024,2024,BA-1046398-2022,BA-1046398,ERNST KLEIN 6TH AVENUE FOOD CORP,KLEIN SUPERMARKET,Supermarket - 819,Scale,Scale,Scale Inspection,Computing Scale - 01,10,10,0,,Complete Address,1366,AVENUE OF THE AMERICAS,,,,NEW YORK,NY,10019,Manhattan,105,4,1034856,1012717501,MN17,40.76325806,-73.97795448
A0203214,INS-000812045,12/11/2024,2024,BA-1274846-2022,BA-1274846,"KOSHER PALACE SUPERMARKET, INC.",KOSHER PALACE,Supermarket - 819,Scale,Scale,Scale Inspection,Computing Scale - 01,8,8,0,,Complete Address,2818,AVENUE U,,,,BROOKLYN,NY,11229,Brooklyn,315,46,3200185,3073610001,BK44,40.60023707,-73.94355693
A0203214,INS-000812045,12/11/2024,2024,BA-1274846-2022,BA-1274846,"KOSHER PALACE SUPERMARKET, INC.",KOSHER PALACE,Supermarket - 819,Scale,Scale,Scale Inspection,Customer Scale - 01,1,1,0,,Complete Address,2818,AVENUE U,,,,BROOKLYN,NY,11229,Brooklyn,315,46,3200185,3073610001,BK44,40.60023707,-73.94355693
A0203214,INS-000812045,12/11/2024,2024,BA-1274846-2022,BA-1274846,"KOSHER PALACE SUPERMARKET, INC.",KOSHER PALACE,Supermarket - 819,Scale,Scale,Scale Inspection,Pre-pack Scale - 01,1,1,0,,Complete Address,2818,AVENUE U,,,,BROOKLYN,NY,11229,Brooklyn,315,46,3200185,3073610001,BK44,40.60023707,-73.94355693
A0158133,INS-000724260,03/12/2024,2024,BA-1466139-2022,BA-1466139,NEHORAI MEIR CORP,KOSHERTOWN,Supermarket - 819,Scale,Scale,Scale Inspection,Computing Scale - 01,2,2,0,,Complete Address,459,ALBANY AVENUE,,,,BROOKLYN,NY,11213,Brooklyn,309,35,3038330,3014220001,BK63,40.66426015,-73.93988382
A0200491,INS-000806773,11/22/2024,2024,BA-1191682-2022,BA-1191682,"FPL FOODS, INC.",LA BELLA MARKETPLACE,Supermarket - 819,Scale,Scale,Scale Inspection,Computing Scale - 01,20,20,0,,Complete Address,7907,13TH AVE,,,,BROOKLYN,NY,11228,Brooklyn,310,38,3162542,3062680006,BK30,40.61791051,-74.00990555
A0155019,INS-000708251,02/21/2024,2024,BA-1684252-2024,BA-1684252,"LUS LICENSING, LLC",Lidl,Supermarket - 819,Scale,Scale,Scale Inspection,Computing Scale - 01,22,22,0,,Complete Address,8801,QUEENS BLVD,,,,ELMHURST,NY,11373,Queens,404,25,4437281,4018437501,QN29,40.73514955,-73.8752844
A0159016,INS-000725925,03/18/2024,2024,BA-1300489-2022,BA-1300489,"LUS LICENSING, LLC",Lidl-8015,Supermarket - 819,Scale,Scale,Scale Inspection,Computing Scale - 01,6,6,0,,Complete Address,1930,37TH ST,,,,ASTORIA,NY,11105,Queens,401,22,4458169,4008260006,QN72,40.77862172,-73.90169117
A0143830,INS-000690365,11/21/2023,2023,BA-1678845-2023,BA-1678845,JAY SUSHI INC,Lincoln Market,Supermarket - 819,Scale,Scale,Scale Inspection,Computing Scale - 01,1,1,0,,Complete Address,1134,FULTON ST,,,,BROOKLYN,NY,11216,Brooklyn,303,36,3057751,3020170008,BK69,40.68108723,-73.95548016
A0158209,INS-000724415,03/13/2024,2024,BA-1678840-2023,BA-1678840,LM III INC.,Lincoln Market,Supermarket - 819,Scale,Scale,Scale Inspection,Computing Scale - 01,13,13,0,,Complete Address,1134,FULTON ST,,,,BROOKLYN,NY,11216,Brooklyn,303,36,3057751,3020170008,BK69,40.68108723,-73.95548016
A0143809,INS-000690332,11/21/2023,2023,BA-1678840-2023,BA-1678840,LM III INC.,Lincoln Market,Supermarket - 819,Scale,Scale,Scale Inspection,Computing Scale - 01,12,12,0,,Complete Address,1134,FULTON ST,,,,BROOKLYN,NY,11216,Brooklyn,303,36,3057751,3020170008,BK69,40.68108723,-73.95548016
A0174192,INS-000754388,06/18/2024,2024,BA-1699700-2024,BA-1699700,POM GROUP II INC.,Lincoln Market,Supermarket - 819,Scale,Scale,Scale Inspection,Computing Scale - 01,2,2,0,,Complete Address,31,LINCOLN RD,,,,BROOKLYN,NY,11225,Brooklyn,309,40,3000000,3050240074,BK60,40.66077532,-73.96152737
A0154313,INS-000716732,02/14/2024,2024,BA-1453537-2022,BA-1453537,PROSPECT HEIGHTS MARKET CORP.,Mahfood Market,Supermarket - 819,Scale,Scale,Scale Inspection,Computing Scale - 01,2,2,0,,Complete Address,648,WASHINGTON AVE,,,,BROOKLYN,NY,11238,Brooklyn,308,35,3027946,3011390020,BK64,40.67891635,-73.96399014
A0174480,INS-000754929,06/20/2024,2024,BA-1643916-2023,BA-1643916,"NOKIB, INC.",MANNAN SUPERMARKET,Supermarket - 819,Scale,Scale,Scale Inspection,Computing Scale - 01,6,6,0,,Complete Address,16611,HILLSIDE AVE,,,,JAMAICA,NY,11432,Queens,408,24,4210455,4098380062,QN35,40.70959007,-73.796224
A0190021,INS-000786420,09/25/2024,2024,BA-1543103-2022,BA-1543103,SYED AND BABUL INC,MANNAN SUPERMARKET,Supermarket - 819,Scale,Scale,Scale Inspection,Computing Scale - 01,5,5,0,,Complete Address,7519,101ST AVE,,,,OZONE PARK,NY,11416,Queens,409,32,4187903,4090470032,QN53,40.67985424,-73.8615432
A0144633,INS-000692571,11/28/2023,2023,BA-1543103-2022,BA-1543103,SYED AND BABUL INC,MANNAN SUPERMARKET,Supermarket - 819,Scale,Scale,Scale Inspection,Computing Scale - 01,6,6,0,,Complete Address,7519,101ST AVE,,,,OZONE PARK,NY,11416,Queens,409,32,4187903,4090470032,QN53,40.67985424,-73.8615432
A0196794,INS-000799912,10/30/2024,2024,BA-1598242-2023,BA-1598242,PIGGY MEAT CORP.,Marcus Market,Supermarket - 819,Scale,Scale,Scale Inspection,Computing Scale - 01,2,2,0,,Complete Address,301,MARCUS GARVEY BLVD,,,,BROOKLYN,NY,11221,Brooklyn,303,36,3325019,3016340001,BK35,40.68719221,-73.93886795
A0192151,INS-000790304,10/04/2024,2024,BA-1470739-2022,BA-1470739,OTTATI FOODS LTD.,MARINO BROS SUPERMARKET,Supermarket - 819,Scale,Scale,Scale Inspection,Computing Scale - 01,13,13,0,,Complete Address,16307,29 AVENUE,,,,FLUSHING,NY,11358,Queens,407,19,4110984,4049040001,QN51,40.77112012,-73.80139704
A0129806,INS-000656441,08/01/2023,2023,BA-1418673-2022,BA-1418673,MAYAH FOOD MARKET CORP,MARKET FRESH SUPERMARKET,Supermarket - 819,Scale,Scale,Scale Inspection,Computing Scale - 01,7,7,0,,Complete Address,10910,SUTPHIN BLVD,,,,JAMAICA,NY,11435,Queens,412,28,4258306,4119470282,QN01,40.69156554,-73.79800636
A0162283,INS-000731753,04/05/2024,2024,BA-1418673-2022,BA-1418673,MAYAH FOOD MARKET CORP,MARKET FRESH SUPERMARKET,Supermarket - 819,Scale,Scale,Scale Inspection,Computing Scale - 01,3,3,0,,Complete Address,10910,SUTPHIN BLVD,,,,JAMAICA,NY,11435,Queens,412,28,4258306,4119470282,QN01,40.69156554,-73.79800636
A0180045,INS-000766737,07/26/2024,2024,BA-1110677-2022,BA-1110677,103-09 LIBERTY FOOD CORP,Market Place Supermarket,Supermarket - 819,Scale,Scale,Scale Inspection,Computing Scale - 01,7,7,0,,Complete Address,10309,LIBERTY AVE,,,,OZONE PARK,NY,11417,Queens,410,29,4201413,4095070039,QN54,40.68174433,-73.83763141
A0203145,INS-000811932,12/11/2024,2024,BA-1110677-2022,BA-1110677,103-09 LIBERTY FOOD CORP,Market Place Supermarket,Supermarket - 819,Scale,Scale,Scale Inspection,Computing Scale - 01,2,2,0,,Complete Address,10309,LIBERTY AVE,,,,OZONE PARK,NY,11417,Queens,410,29,4201413,4095070039,QN54,40.68174433,-73.83763141
A0157624,INS-000723393,03/08/2024,2024,BA-1333798-2022,BA-1333798,HB & SON MEAT CORP.,Marketplace of Bushwick,Supermarket - 819,Scale,Scale,Scale Inspection,Computing Scale - 01,6,6,0,,Complete Address,1781,BROADWAY,,,,BROOKLYN,NY,11207,Brooklyn,304,37,3080181,3034500001,BK78,40.68233652,-73.90943712
A0157624,INS-000723393,03/08/2024,2024,BA-1333798-2022,BA-1333798,HB & SON MEAT CORP.,Marketplace of Bushwick,Supermarket - 819,Scale,Scale,Scale Inspection,Customer Scale - 01,1,1,0,,Complete Address,1781,BROADWAY,,,,BROOKLYN,NY,11207,Brooklyn,304,37,3080181,3034500001,BK78,40.68233652,-73.90943712
A0157624,INS-000723393,03/08/2024,2024,BA-1333798-2022,BA-1333798,HB & SON MEAT CORP.,Marketplace of Bushwick,Supermarket - 819,Scale,Scale,Scale Inspection,Pre-pack Scale - 01,2,2,0,,Complete Address,1781,BROADWAY,,,,BROOKLYN,NY,11207,Brooklyn,304,37,3080181,3034500001,BK78,40.68233652,-73.90943712
A0191243,INS-000788559,10/01/2024,2024,BA-1445994-2022,BA-1445994,MEDITERRANEAN FOODS III INC,Mediterranean Foods,Supermarket - 819,Scale,Scale,Scale Inspection,Computing Scale - 01,7,7,0,,Complete Address,2278,35TH ST,,,,ASTORIA,NY,11105,Queens,401,22,4017039,4008320086,QN72,40.77359776,-73.91046474
A0135852,INS-000667248,09/18/2023,2023,BA-1445994-2022,BA-1445994,MEDITERRANEAN FOODS III INC,Mediterranean Foods,Supermarket - 819,Scale,Scale,Scale Inspection,Computing Scale - 01,8,8,0,,Complete Address,2278,35TH ST,,,,ASTORIA,NY,11105,Queens,401,22,4017039,4008320086,QN72,40.77359776,-73.91046474
A0208756,INS-000822624,01/24/2025,2025,BA-1445994-2022,BA-1445994,MEDITERRANEAN FOODS III INC,Mediterranean Foods,Supermarket - 819,Scale,Scale,Scale Inspection,Computing Scale - 01,9,9,0,,Complete Address,2278,35TH ST,,,,ASTORIA,NY,11105,Queens,401,22,4017039,4008320086,QN72,40.77359776,-73.91046474
A0150086,INS-000703071,01/12/2024,2024,BA-1258026-2022,BA-1258026,"CRITICS CHOICE DELI NY, INC.",MET FOOD,Supermarket - 819,Scale,Scale,Scale Inspection,Computing Scale - 01,5,5,0,,Complete Address,8210,5TH AVE,,,,BROOKLYN,NY,11209,Brooklyn,310,47,3328851,3060080041,BK31,40.62416089,-74.02482742
A0202547,INS-000810791,12/06/2024,2024,BA-1333372-2022,BA-1333372,Jca Food Corp.,Met Food,Supermarket - 819,Scale,Scale,Scale Inspection,Computing Scale - 01,12,12,0,,Complete Address,8405,PARSONS BLVD,,,,JAMAICA,NY,11432,Queens,408,24,4209467,4097890011,QN35,40.71408574,-73.80723032
A0139435,INS-000681410,10/17/2023,2023,BA-1333372-2022,BA-1333372,Jca Food Corp.,Met Food,Supermarket - 819,Scale,Scale,Scale Inspection,Computing Scale - 01,13,13,0,,Complete Address,8405,PARSONS BLVD,,,,JAMAICA,NY,11432,Queens,408,24,4209467,4097890011,QN35,40.71408574,-73.80723032
A0197546,INS-000801411,11/06/2024,2024,BA-1419509-2022,BA-1419509,"MET-SUNNYSIDE, INC.",MET FOOD,Supermarket - 819,Scale,Scale,Scale Inspection,Computing Scale - 01,6,6,0,,Complete Address,4407,43RD AVE,,,,SUNNYSIDE,NY,11104,Queens,402,26,4001748,4001570001,QN31,40.74510336,-73.9200233
A0197546,INS-000801411,11/06/2024,2024,BA-1419509-2022,BA-1419509,"MET-SUNNYSIDE, INC.",MET FOOD,Supermarket - 819,Scale,Scale,Scale Inspection,Customer Scale - 01,1,1,0,,Complete Address,4407,43RD AVE,,,,SUNNYSIDE,NY,11104,Queens,402,26,4001748,4001570001,QN31,40.74510336,-73.9200233
A0197546,INS-000801411,11/06/2024,2024,BA-1419509-2022,BA-1419509,"MET-SUNNYSIDE, INC.",MET FOOD,Supermarket - 819,Scale,Scale,Scale Inspection,Pre-pack Scale - 01,2,2,0,,Complete Address,4407,43RD AVE,,,,SUNNYSIDE,NY,11104,Queens,402,26,4001748,4001570001,QN31,40.74510336,-73.9200233
A0129343,INS-000655475,07/26/2023,2023,BA-1419509-2022,BA-1419509,"MET-SUNNYSIDE, INC.",MET FOOD,Supermarket - 819,Scale,Scale,Scale Inspection,Computing Scale - 01,9,9,0,,Complete Address,4407,43RD AVE,,,,SUNNYSIDE,NY,11104,Queens,402,26,4001748,4001570001,QN31,40.74510336,-73.9200233
A0184664,INS-000772157,08/23/2024,2024,BA-1681549-2023,BA-1681549,SWF FOOD CORP.,Met Food,Supermarket - 819,Scale,Scale,Scale Inspection,Computing Scale - 01,1,1,0,,Complete Address,7610,37TH AVE,,,,JACKSON HEIGHTS,NY,11372,Queens,403,25,4029863,4012870001,QN28,40.74917622,-73.88969822
A0159779,INS-000727272,03/22/2024,2024,BA-1681549-2023,BA-1681549,SWF FOOD CORP.,Met Food,Supermarket - 819,Scale,Scale,Scale Inspection,Computing Scale - 01,6,6,0,,Complete Address,7610,37TH AVE,,,,JACKSON HEIGHTS,NY,11372,Queens,403,25,4029863,4012870001,QN28,40.74917622,-73.88969822
A0159779,INS-000727272,03/22/2024,2024,BA-1681549-2023,BA-1681549,SWF FOOD CORP.,Met Food,Supermarket - 819,Scale,Scale,Scale Inspection,Customer Scale - 01,8,8,0,,Complete Address,7610,37TH AVE,,,,JACKSON HEIGHTS,NY,11372,Queens,403,25,4029863,4012870001,QN28,40.74917622,-73.88969822
A0159779,INS-000727272,03/22/2024,2024,BA-1681549-2023,BA-1681549,SWF FOOD CORP.,Met Food,Supermarket - 819,Scale,Scale,Scale Inspection,Misc Scale - 01,2,2,0,,Complete Address,7610,37TH AVE,,,,JACKSON HEIGHTS,NY,11372,Queens,403,25,4029863,4012870001,QN28,40.74917622,-73.88969822
A0159779,INS-000727272,03/22/2024,2024,BA-1681549-2023,BA-1681549,SWF FOOD CORP.,Met Food,Supermarket - 819,Scale,Scale,Scale Inspection,Pre-pack Scale - 01,3,3,0,,Complete Address,7610,37TH AVE,,,,JACKSON HEIGHTS,NY,11372,Queens,403,25,4029863,4012870001,QN28,40.74917622,-73.88969822
A0142455,INS-000687998,11/13/2023,2023,BA-1681549-2023,BA-1681549,SWF FOOD CORP.,Met Food,Supermarket - 819,Scale,Scale,Scale Inspection,Computing Scale - 01,19,19,0,,Complete Address,7610,37TH AVE,,,,JACKSON HEIGHTS,NY,11372,Queens,403,25,4029863,4012870001,QN28,40.74917622,-73.88969822
A0208801,INS-000822706,01/24/2025,2025,BA-1681549-2023,BA-1681549,SWF FOOD CORP.,Met Food,Supermarket - 819,Scale,Scale,Scale Inspection,Customer Scale - 01,1,1,0,,Complete Address,7610,37TH AVE,,,,JACKSON HEIGHTS,NY,11372,Queens,403,25,4029863,4012870001,QN28,40.74917622,-73.88969822
A0208801,INS-000822706,01/24/2025,2025,BA-1681549-2023,BA-1681549,SWF FOOD CORP.,Met Food,Supermarket - 819,Scale,Scale,Scale Inspection,Computing Scale - 01,18,17,1,Confiscated,Complete Address,7610,37TH AVE,,,,JACKSON HEIGHTS,NY,11372,Queens,403,25,4029863,4012870001,QN28,40.74917622,-73.88969822
A0187716,INS-000782275,09/12/2024,2024,BA-1708982-2024,BA-1708982,BUSHWICK MARKET INC.,Met Fresh,Supermarket - 819,Scale,Scale,Scale Inspection,Computing Scale - 02,0,0,0,,Complete Address,1381,MYRTLE AVE,,,,BROOKLYN,NY,11237,Brooklyn,304,37,3074775,3032780008,BK77,40.69851465,-73.92124044
A0187716,INS-000782275,09/12/2024,2024,BA-1708982-2024,BA-1708982,BUSHWICK MARKET INC.,Met Fresh,Supermarket - 819,Scale,Scale,,Computing Scale - 01,6,6,0,,Complete Address,1381,MYRTLE AVE,,,,BROOKLYN,NY,11237,Brooklyn,304,37,3074775,3032780008,BK77,40.69851465,-73.92124044
A0172764,INS-000751796,06/07/2024,2024,BA-1685294-2024,BA-1685294,302 Meat Corp.,Met Fresh Supermarket,Supermarket - 819,Scale,Scale,Scale Inspection,Computing Scale - 01,9,9,0,,Complete Address,302,CHURCH AVE,,,,BROOKLYN,NY,11218,Brooklyn,312,39,3124629,3053360069,BK41,40.64368775,-73.97730573
A0129662,INS-000656160,07/31/2023,2023,BA-1423266-2022,BA-1423266,"NASEB FOODS, INC.",MET FRESH SUPERMARKET,Supermarket - 819,Scale,Scale,Scale Inspection,Computing Scale - 01,14,14,0,,Complete Address,9606,3RD AVE,,,,BROOKLYN,NY,11209,Brooklyn,310,47,3155727,3061210024,BK31,40.61639903,-74.03395905
A0203020,INS-000811699,12/10/2024,2024,BA-1423266-2022,BA-1423266,"NASEB FOODS, INC.",MET FRESH SUPERMARKET,Supermarket - 819,Scale,Scale,Scale Inspection,Computing Scale - 01,8,8,0,,Complete Address,9606,3RD AVE,,,,BROOKLYN,NY,11209,Brooklyn,310,47,3155727,3061210024,BK31,40.61639903,-74.03395905
A0164660,INS-000735888,04/19/2024,2024,BA-1469602-2022,BA-1469602,PWP EQUITIES CORP.,MET FRESH SUPERMARKET,Supermarket - 819,Scale,Scale,Scale Inspection,Computing Scale - 01,7,7,0,,Complete Address,1188,WEBSTER AVE,,,,BRONX,NY,10456,Bronx,203,16,2001643,2023940005,BX01,40.83154135,-73.91002541
A0164660,INS-000735888,04/19/2024,2024,BA-1469602-2022,BA-1469602,PWP EQUITIES CORP.,MET FRESH SUPERMARKET,Supermarket - 819,Scale,Scale,Scale Inspection,Customer Scale - 01,1,1,0,,Complete Address,1188,WEBSTER AVE,,,,BRONX,NY,10456,Bronx,203,16,2001643,2023940005,BX01,40.83154135,-73.91002541
A0164660,INS-000735888,04/19/2024,2024,BA-1469602-2022,BA-1469602,PWP EQUITIES CORP.,MET FRESH SUPERMARKET,Supermarket - 819,Scale,Scale,Scale Inspection,Pre-pack Scale - 01,4,4,0,,Complete Address,1188,WEBSTER AVE,,,,BRONX,NY,10456,Bronx,203,16,2001643,2023940005,BX01,40.83154135,-73.91002541
A0210544,INS-000827311,02/05/2025,2025,BA-1528235-2022,BA-1528235,WHITESTONE MARKET INC,MET FRESH SUPERMARKET,Supermarket - 819,Scale,Scale,Scale Inspection,Computing Scale - 01,10,10,0,,Complete Address,2411,150TH ST,,,,WHITESTONE,NY,11357,Queens,407,19,4106619,4046950001,QN49,40.77682956,-73.81480069
A0164084,INS-000734991,04/17/2024,2024,BA-1124703-2022,BA-1124703,175 CLINTON LLC,METRO ACBES MARKET,Supermarket - 819,Scale,Scale,Scale Inspection,Platform Scale - 01,1,1,0,,Complete Address,175,CLINTON ST,,,,NEW YORK,NY,10002,Manhattan,103,1,1077606,1003110013,MN28,40.71564073,-73.98691272
A0164084,INS-000734991,04/17/2024,2024,BA-1124703-2022,BA-1124703,175 CLINTON LLC,METRO ACBES MARKET,Supermarket - 819,Scale,Scale,Scale Inspection,Computing Scale - 01,6,6,0,,Complete Address,175,CLINTON ST,,,,NEW YORK,NY,10002,Manhattan,103,1,1077606,1003110013,MN28,40.71564073,-73.98691272
A0164084,INS-000734991,04/17/2024,2024,BA-1124703-2022,BA-1124703,175 CLINTON LLC,METRO ACBES MARKET,Supermarket - 819,Scale,Scale,Scale Inspection,Customer Scale - 01,1,1,0,,Complete Address,175,CLINTON ST,,,,NEW YORK,NY,10002,Manhattan,103,1,1077606,1003110013,MN28,40.71564073,-73.98691272
A0164084,INS-000734991,04/17/2024,2024,BA-1124703-2022,BA-1124703,175 CLINTON LLC,METRO ACBES MARKET,Supermarket - 819,Scale,Scale,Scale Inspection,Pre-pack Scale - 01,5,5,0,,Complete Address,175,CLINTON ST,,,,NEW YORK,NY,10002,Manhattan,103,1,1077606,1003110013,MN28,40.71564073,-73.98691272
A0132634,INS-000661711,08/23/2023,2023,BA-1124703-2022,BA-1124703,175 CLINTON LLC,METRO ACBES MARKET,Supermarket - 819,Scale,Scale,Scale Inspection,Computing Scale - 01,14,14,0,,Complete Address,175,CLINTON ST,,,,NEW YORK,NY,10002,Manhattan,103,1,1077606,1003110013,MN28,40.71564073,-73.98691272
A0184686,INS-000776398,08/23/2024,2024,BA-1616569-2023,BA-1616569,KISMA CORP.,METROPOLITAN CIRTYMARKET,Supermarket - 819,Scale,Scale,Scale Inspection,Computing Scale - 01,5,5,0,,Complete Address,9310,4 AVENUE,,,,BROOKLYN,NY,11209,Brooklyn,310,47,3155259,3061070036,BK31,40.61739085,-74.03057368
A0158487,INS-000724914,03/14/2024,2024,BA-1019300-2022,BA-1019300,AMBER & WHITE MARKETS INC,MORTON WILLIAMS,Supermarket - 819,Scale,Scale,Scale Inspection,Computing Scale - 01,16,16,0,,Complete Address,1066,3RD AVE,,,,NEW YORK,NY,10065,Manhattan,108,4,1042137,1013987501,MN40,40.76415504,-73.96469853
A0168630,INS-000743028,05/10/2024,2024,BA-1653454-2023,BA-1653454,CRIMSON & WHITE MARKETS INC.,MORTON WILLIAMS,Supermarket - 819,Scale,Scale,Scale Inspection,Computing Scale - 01,15,15,0,,Complete Address,140,W 57TH ST,,,,NEW YORK,NY,10019,Manhattan,105,6,1023462,1010090050,MN17,40.76495171,-73.97871923
A0172989,INS-000752068,06/11/2024,2024,BA-1617911-2023,BA-1617911,RED &  WHITE MARKETS INC,MORTON WILLIAMS,Supermarket - 819,Scale,Scale,Scale Inspection,Computing Scale - 01,2,2,0,,Complete Address,15,E KINGSBRIDGE RD,,,,BRONX,NY,10468,Bronx,207,14,2017485,2033170006,BX28,40.86731592,-73.89697918
A0167082,INS-000740015,05/02/2024,2024,BA-1617911-2023,BA-1617911,RED &  WHITE MARKETS INC,MORTON WILLIAMS,Supermarket - 819,Scale,Scale,Scale Inspection,Computing Scale - 01,14,13,3,Confiscated,Complete Address,15,E KINGSBRIDGE RD,,,,BRONX,NY,10468,Bronx,207,14,2017485,2033170006,BX28,40.86731592,-73.89697918
A0176025,INS-000758118,06/26/2024,2024,BA-1245344-2022,BA-1245344,BURGUNDY & WHITE MARKETS INC,MORTON WILLIAMS SUPERMARKET,Supermarket - 819,Scale,Scale,Scale Inspection,Computing Scale - 01,12,12,0,,Complete Address,1211,MADISON AVE,,,,NEW YORK,NY,10128,Manhattan,108,4,1046916,1014990020,MN40,40.78182071,-73.95810292
A0185437,INS-000777956,08/28/2024,2024,BA-1707466-2024,BA-1707466,SCARLET & WHITE MARKETS INC.,MORTON WILLIAMS SUPERMARKET,Supermarket - 819,Scale,Scale,Scale Inspection,Computing Scale - 01,12,12,0,,Complete Address,1031,1ST AVE,,,,NEW YORK,NY,10022,Manhattan,106,4,1071989,1013497501,MN19,40.75795145,-73.96319662
A0212160,INS-000830250,02/18/2025,2025,BA-984300-2022,BA-984300-,BLUE & WHITE MARKET INC,MORTON WILLIAMS SUPERMARKETS,Supermarket - 819,Scale,Scale,Scale Inspection,Computing Scale - 01,11,11,0,,Complete Address,2943,BROADWAY,,,,NEW YORK,NY,10025,Manhattan,109,7,1057379,1018960065,MN09,40.8076095,-73.96420228
A0132376,INS-000661268,08/22/2023,2023,BA-1428071-2022,BA-1428071,MOUNTAIN FRUITS OF AVE M INC,MOUNTAIN FRUIT,Supermarket - 819,Scale,Scale,Scale Inspection,Computing Scale - 01,9,9,0,,Complete Address,1523,AVENUE M,,,,BROOKLYN,NY,11230,Brooklyn,314,44,3406670,3067350044,BK43,40.61807944,-73.95942678
A0161938,INS-000731170,04/04/2024,2024,BA-1620481-2023,BA-1620481,NET COST 18TH AVE LLC,Net Cost Market,Supermarket - 819,Scale,Scale,Scale Inspection,Computing Scale - 01,16,16,0,,Complete Address,8671,18TH AVE,,,,BROOKLYN,NY,11214,Brooklyn,311,38,3416630,3063690015,BK28,40.60605885,-74.00389309
A0173071,INS-000752235,06/11/2024,2024,BA-1381063-2022,BA-1381063,NGP MARKETS CORP,NEW AGE MARKETS,Supermarket - 819,Scale,Scale,Scale Inspection,Computing Scale - 01,10,10,0,,Complete Address,16006,NORTHERN BLVD,,,,FLUSHING,NY,11358,Queens,407,20,4120445,4053350048,QN51,40.76282402,-73.80535653
A0190912,INS-000787939,09/27/2024,2024,BA-1208436-2022,BA-1208436,CONEJO MEAT CORP.,NSA SUPERMARKETS,Supermarket - 819,Scale,Scale,Scale Inspection,Computing Scale - 01,4,4,0,,Complete Address,6716,MYRTLE AVE,,,,GLENDALE,NY,11385,Queens,405,30,4090270,4037010028,QN19,40.70155051,-73.88545639
A0190912,INS-000787939,09/27/2024,2024,BA-1208436-2022,BA-1208436,CONEJO MEAT CORP.,NSA SUPERMARKETS,Supermarket - 819,Scale,Scale,Scale Inspection,Pre-pack Scale - 01,3,3,0,,Complete Address,6716,MYRTLE AVE,,,,GLENDALE,NY,11385,Queens,405,30,4090270,4037010028,QN19,40.70155051,-73.88545639
A0203747,INS-000812984,12/13/2024,2024,BA-1445937-2022,BA-1445937,ORCHARD SUPERMARKET CORP,ORCHARD FINE FOODS,Supermarket - 819,Scale,Scale,Scale Inspection,Computing Scale - 01,10,8,1,Confiscated,Complete Address,11044,QUEENS BLVD,,,,FOREST HILLS,NY,11375,Queens,406,29,4078798,4032920015,QN17,40.71943534,-73.83945878
A0188092,INS-000782957,09/13/2024,2024,BA-1541314-2022,BA-1541314,SIN & SIN MANAGEMENT INC.,PALM TREE MARKET PLACE,Supermarket - 819,Scale,Scale,Scale Inspection,Computing Scale - 01,10,10,0,,Complete Address,3717,BOSTON RD,,,,BRONX,NY,10466,Bronx,212,12,2065624,2048920001,BX03,40.88049255,-73.840831
A0140201,INS-000684176,10/23/2023,2023,BA-1541314-2022,BA-1541314,SIN & SIN MANAGEMENT INC.,PALM TREE MARKET PLACE,Supermarket - 819,Scale,Scale,Scale Inspection,Computing Scale - 01,9,9,0,,Complete Address,3717,BOSTON RD,,,,BRONX,NY,10466,Bronx,212,12,2065624,2048920001,BX03,40.88049255,-73.840831
A0164533,INS-000735720,04/19/2024,2024,BA-1330174-2022,BA-1330174,JAY JAHAL INC.,PATEL BROTHERS,Supermarket - 819,Scale,Scale,Scale Inspection,Computing Scale - 01,6,6,0,,Complete Address,25108,HILLSIDE AVE,,,,BELLEROSE,NY,11426,Queens,413,23,4175549,4086050091,QN43,40.7356006,-73.71634845
A0202588,INS-000810852,12/06/2024,2024,BA-1101354-2022,BA-1101354,1525 K FOOD CORP,PATHMARK,Supermarket - 819,Scale,Scale,Scale Inspection,Computing Scale - 01,25,25,0,,Complete Address,1525,ALBANY AVE,,,,BROOKLYN,NY,11210,Brooklyn,317,45,3114503,3050160013,BK91,40.63600402,-73.93740159
A0139239,INS-000682525,10/16/2023,2023,BA-1199922-2022,BA-1199922,FERNANDEZ 224 FOOD CORP.,Pioneer,Supermarket - 819,Scale,Scale,Scale Inspection,Computing Scale - 01,9,9,0,,Complete Address,3942,WHITE PLAINS RD,,,,BRONX,NY,10466,Bronx,212,12,2063371,2048370051,BX44,40.88685607,-73.86098189
A0178427,INS-000762855,07/17/2024,2024,BA-1308388-2022,BA-1308388,H. M. S. M. SUPERMARKETS INC.,PIONEER,Supermarket - 819,Scale,Scale,Scale Inspection,Computing Scale - 01,5,5,0,,Complete Address,10221,QUEENS BLVD,,,,FOREST HILLS,NY,11375,Queens,406,29,4051269,4021360001,QN17,40.72576958,-73.85121955
A0178427,INS-000762855,07/17/2024,2024,BA-1308388-2022,BA-1308388,H. M. S. M. SUPERMARKETS INC.,PIONEER,Supermarket - 819,Scale,Scale,Scale Inspection,Customer Scale - 01,1,1,0,,Complete Address,10221,QUEENS BLVD,,,,FOREST HILLS,NY,11375,Queens,406,29,4051269,4021360001,QN17,40.72576958,-73.85121955
A0178427,INS-000762855,07/17/2024,2024,BA-1308388-2022,BA-1308388,H. M. S. M. SUPERMARKETS INC.,PIONEER,Supermarket - 819,Scale,Scale,Scale Inspection,Pre-pack Scale - 01,2,2,0,,Complete Address,10221,QUEENS BLVD,,,,FOREST HILLS,NY,11375,Queens,406,29,4051269,4021360001,QN17,40.72576958,-73.85121955
A0178435,INS-000762871,07/17/2024,2024,BA-1442537-2022,BA-1442537,MADONNA SUPERMARKET LLC,PIONEER,Supermarket - 819,Scale,Scale,Scale Inspection,Computing Scale - 01,9,9,0,,Complete Address,3461,FULTON ST,,,,BROOKLYN,NY,11208,Brooklyn,305,37,3092520,3041350061,BK83,40.68485731,-73.86798691
A0130194,INS-000657445,08/04/2023,2023,BA-1442537-2022,BA-1442537,MADONNA SUPERMARKET LLC,PIONEER,Supermarket - 819,Scale,Scale,Scale Inspection,Computing Scale - 01,8,8,0,,Complete Address,3461,FULTON ST,,,,BROOKLYN,NY,11208,Brooklyn,305,37,3092520,3041350061,BK83,40.68485731,-73.86798691
A0193683,INS-000793314,10/11/2024,2024,BA-1449200-2022,BA-1449200,Murad Food Corp.,PIONEER,Supermarket - 819,Scale,Scale,Scale Inspection,Computing Scale - 01,9,9,0,,Complete Address,5612,5TH AVE,,,,BROOKLYN,NY,11220,Brooklyn,307,38,3015342,3008390041,BK32,40.64161958,-74.01395917
A0203175,INS-000811978,12/11/2024,2024,BA-1126907-2022,BA-1126907,380 LENOX MEAT CORP.,PIONEER SUPERMARKET,Supermarket - 819,Scale,Scale,Scale Inspection,Customer Scale - 01,1,1,0,,Complete Address,380,LENOX AVE,,,,NEW YORK,NY,10027,Manhattan,110,9,1081375,1017277501,MN03,40.81037891,-73.94357018
A0203175,INS-000811978,12/11/2024,2024,BA-1126907-2022,BA-1126907,380 LENOX MEAT CORP.,PIONEER SUPERMARKET,Supermarket - 819,Scale,Scale,Scale Inspection,Computing Scale - 01,7,7,0,,Complete Address,380,LENOX AVE,,,,NEW YORK,NY,10027,Manhattan,110,9,1081375,1017277501,MN03,40.81037891,-73.94357018
A0133092,INS-000662401,08/25/2023,2023,BA-1119225-2022,BA-1119225,ALV SUPERMARKET LLC,PIONEER SUPERMARKET,Supermarket - 819,Scale,Scale,Scale Inspection,Computing Scale - 01,7,7,0,,Complete Address,119,AVENUE D,,,,NEW YORK,NY,10009,Manhattan,103,2,1004536,1003780035,MN28,40.72390342,-73.97588944
A0205339,INS-000816015,12/26/2024,2024,BA-1119225-2022,BA-1119225,ALV SUPERMARKET LLC,PIONEER SUPERMARKET,Supermarket - 819,Scale,Scale,Scale Inspection,Computing Scale - 01,7,7,0,,Complete Address,119,AVENUE D,,,,NEW YORK,NY,10009,Manhattan,103,2,1004536,1003780035,MN28,40.72390342,-73.97588944
A0157713,INS-000723543,03/11/2024,2024,BA-1203818-2022,BA-1203818,COLUMBUS FOODS INC.,pioneer supermarket,Supermarket - 819,Scale,Scale,Scale Inspection,Customer Scale - 01,1,1,0,,Complete Address,289,COLUMBUS AVE,,,,NEW YORK,NY,10023,Manhattan,107,6,1028688,1011267502,MN14,40.77840904,-73.97805417
A0157713,INS-000723543,03/11/2024,2024,BA-1203818-2022,BA-1203818,COLUMBUS FOODS INC.,pioneer supermarket,Supermarket - 819,Scale,Scale,Scale Inspection,Pre-pack Scale - 01,3,3,0,,Complete Address,289,COLUMBUS AVE,,,,NEW YORK,NY,10023,Manhattan,107,6,1028688,1011267502,MN14,40.77840904,-73.97805417
A0157713,INS-000723543,03/11/2024,2024,BA-1203818-2022,BA-1203818,COLUMBUS FOODS INC.,pioneer supermarket,Supermarket - 819,Scale,Scale,Scale Inspection,Computing Scale - 01,6,6,0,,Complete Address,289,COLUMBUS AVE,,,,NEW YORK,NY,10023,Manhattan,107,6,1028688,1011267502,MN14,40.77840904,-73.97805417
A0142841,INS-000688612,11/15/2023,2023,BA-1214000-2022,BA-1214000,CRUZ MEAT CORP.,PIONEER SUPERMARKET,Supermarket - 819,Scale,Scale,Scale Inspection,Computing Scale - 01,8,8,0,,Complete Address,2262,JEROME AVE,,,,BRONX,NY,10453,Bronx,205,14,2014063,2031860055,BX40,40.85814921,-73.90402461
A0169772,INS-000745394,05/17/2024,2024,BA-1283392-2022,BA-1283392,GR 109 GROCERY CORP,pioneer supermarket,Supermarket - 819,Scale,Scale,Scale Inspection,Computing Scale - 01,3,3,0,,Complete Address,10209,NORTHERN BLVD,,,,CORONA,NY,11368,Queens,403,21,4042014,4016970039,QN27,40.75756145,-73.86638455
A0169772,INS-000745394,05/17/2024,2024,BA-1283392-2022,BA-1283392,GR 109 GROCERY CORP,pioneer supermarket,Supermarket - 819,Scale,Scale,Scale Inspection,Pre-pack Scale - 01,1,1,0,,Complete Address,10209,NORTHERN BLVD,,,,CORONA,NY,11368,Queens,403,21,4042014,4016970039,QN27,40.75756145,-73.86638455
A0211965,INS-000829901,02/14/2025,2025,BA-1283392-2022,BA-1283392,GR 109 GROCERY CORP,pioneer supermarket,Supermarket - 819,Scale,Scale,Scale Inspection,Computing Scale - 01,2,2,0,,Complete Address,10209,NORTHERN BLVD,,,,CORONA,NY,11368,Queens,403,21,4042014,4016970039,QN27,40.75756145,-73.86638455
A0211965,INS-000829901,02/14/2025,2025,BA-1283392-2022,BA-1283392,GR 109 GROCERY CORP,pioneer supermarket,Supermarket - 819,Scale,Scale,Scale Inspection,Pre-pack Scale - 01,2,1,1,Confiscated,Complete Address,10209,NORTHERN BLVD,,,,CORONA,NY,11368,Queens,403,21,4042014,4016970039,QN27,40.75756145,-73.86638455
A0152686,INS-000710997,02/01/2024,2024,BA-1219694-2022,BA-1219694,FERNANDEZ 224 FOOD CORP,PIONEER SUPERMARKETS,Supermarket - 819,Scale,Scale,Scale Inspection,Computing Scale - 01,11,11,0,,Complete Address,3942,WHITE PLAINS RD,,,,BRONX,NY,10466,Bronx,212,12,2063371,2048370051,BX44,40.88685607,-73.86098189
A0137846,INS-000680198,10/03/2023,2023,BA-1107089-2022,BA-1107089,1165 FRESH PRODUCE CORP,PREMIER FOOD FRESH MARKET,Supermarket - 819,Scale,Scale,Scale Inspection,Computing Scale - 01,5,5,0,,Complete Address,1165,BROADWAY,,,,BROOKLYN,NY,11221,Brooklyn,304,34,3387789,3032520003,BK78,40.69295275,-73.92810576
A0160500,INS-000728668,03/27/2024,2024,BA-1437618-2022,BA-1437618,Megna Bazar LLC,Premium Supermarket,Supermarket - 819,Scale,Scale,Scale Inspection,Computing Scale - 01,4,4,0,,Complete Address,7418,37TH AVE,,,,JACKSON HEIGHTS,NY,11372,Queens,403,25,4029828,4012850040,QN28,40.74898305,-73.89149227
A0160500,INS-000728668,03/27/2024,2024,BA-1437618-2022,BA-1437618,Megna Bazar LLC,Premium Supermarket,Supermarket - 819,Scale,Scale,Scale Inspection,Pre-pack Scale - 01,2,2,0,,Complete Address,7418,37TH AVE,,,,JACKSON HEIGHTS,NY,11372,Queens,403,25,4029828,4012850040,QN28,40.74898305,-73.89149227
A0212783,INS-000831227,02/21/2025,2025,BA-1437618-2022,BA-1437618,Megna Bazar LLC,Premium Supermarket,Supermarket - 819,Scale,Scale,Scale Inspection,Computing Scale - 01,4,4,0,,Complete Address,7418,37TH AVE,,,,JACKSON HEIGHTS,NY,11372,Queens,403,25,4029828,4012850040,QN28,40.74898305,-73.89149227
A0212783,INS-000831227,02/21/2025,2025,BA-1437618-2022,BA-1437618,Megna Bazar LLC,Premium Supermarket,Supermarket - 819,Scale,Scale,Scale Inspection,Pre-pack Scale - 01,2,2,0,,Complete Address,7418,37TH AVE,,,,JACKSON HEIGHTS,NY,11372,Queens,403,25,4029828,4012850040,QN28,40.74898305,-73.89149227
A0179228,INS-000764427,07/23/2024,2024,BA-1439760-2022,BA-1439760,PREMIUM OF BELLROSE LLC,Premium Supermarket,Supermarket - 819,Scale,Scale,Scale Inspection,Computing Scale - 01,4,4,0,,Complete Address,25611,HILLSIDE AVE,,,,GLEN OAKS,NY,11004,Queens,413,23,4179294,4087680001,QN44,40.73660745,-73.71173617
A0209359,INS-000823738,01/29/2025,2025,BA-1439760-2022,BA-1439760,PREMIUM OF BELLROSE LLC,Premium Supermarket,Supermarket - 819,Scale,Scale,Scale Inspection,Computing Scale - 01,5,5,0,,Complete Address,25611,HILLSIDE AVE,,,,GLEN OAKS,NY,11004,Queens,413,23,4179294,4087680001,QN44,40.73660745,-73.71173617
A0162939,INS-000732902,04/10/2024,2024,BA-1451424-2022,BA-1451424,Premium of Liberty LLC,Premium Supermarket,Supermarket - 819,Scale,Scale,Scale Inspection,Computing Scale - 01,6,6,0,,Complete Address,1196,LIBERTY AVE,,,,BROOKLYN,NY,11208,Brooklyn,305,37,3094487,3042050016,BK83,40.67895533,-73.86500618
A0194671,INS-000795491,10/18/2024,2024,BA-1204280-2022,BA-1204280,DNJ FOOD CORP.,PRICE CHOICE,Supermarket - 819,Scale,Scale,Scale Inspection,Computing Scale - 01,2,2,0,,Complete Address,807,E TREMONT AVE,,,,BRONX,NY,10460,Bronx,206,15,2090481,2031070051,BX17,40.843711,-73.88765845
A0143277,INS-000689464,11/17/2023,2023,BA-1204280-2022,BA-1204280,DNJ FOOD CORP.,PRICE CHOICE,Supermarket - 819,Scale,Scale,Scale Inspection,Computing Scale - 01,8,8,0,,Complete Address,807,E TREMONT AVE,,,,BRONX,NY,10460,Bronx,206,15,2090481,2031070051,BX17,40.843711,-73.88765845
A0192632,INS-000791278,10/08/2024,2024,BA-1204280-2022,BA-1204280,DNJ FOOD CORP.,PRICE CHOICE,Supermarket - 819,Scale,Scale,Scale Inspection,Computing Scale - 01,10,8,3,Confiscated,Complete Address,807,E TREMONT AVE,,,,BRONX,NY,10460,Bronx,206,15,2090481,2031070051,BX17,40.843711,-73.88765845
A0203837,INS-000813151,12/13/2024,2024,BA-1263281-2022,BA-1263281,DASAE CORP.,S S NATURAL,Supermarket - 819,Scale,Scale,Scale Inspection,Computing Scale - 01,13,13,0,,Complete Address,7256,AUSTIN ST,,,,FOREST HILLS,NY,11375,Queens,406,29,4077932,4032550067,QN17,40.71865818,-73.84115256
A0201865,INS-000809620,12/03/2024,2024,BA-1594975-2023,BA-1594975,BAY68 SUPERMARKET INC.,SAMARKAND BAZAR,Supermarket - 819,Scale,Scale,Scale Inspection,Computing Scale - 01,18,18,0,,Complete Address,1007,BRIGHTON BEACH AVE,,,,BROOKLYN,NY,11235,Brooklyn,313,48,3245413,3087070452,BK19,40.5780493,-73.9594151
A0157584,INS-000710522,03/08/2024,2024,BA-1453747-2022,BA-1453747,NSR FOOD DISTRIBUTORS INC,SCOTTY’S MARKETPLACE,Supermarket - 819,Scale,Scale,Scale Inspection,Customer Scale - 01,1,1,0,,Complete Address,240,PAGE AVE,,,,STATEN ISLAND,NY,10307,Staten Island,503,51,5141719,5080080134,SI11,40.5180131,-74.23445767
A0157584,INS-000710522,03/08/2024,2024,BA-1453747-2022,BA-1453747,NSR FOOD DISTRIBUTORS INC,SCOTTY’S MARKETPLACE,Supermarket - 819,Scale,Scale,Scale Inspection,Pre-pack Scale - 01,4,4,0,,Complete Address,240,PAGE AVE,,,,STATEN ISLAND,NY,10307,Staten Island,503,51,5141719,5080080134,SI11,40.5180131,-74.23445767
A0185462,INS-000777989,08/28/2024,2024,BA-1453747-2022,BA-1453747,NSR FOOD DISTRIBUTORS INC,SCOTTY’S MARKETPLACE,Supermarket - 819,Scale,Scale,Scale Inspection,Computing Scale - 01,1,1,0,,Complete Address,240,PAGE AVE,,,,STATEN ISLAND,NY,10307,Staten Island,503,51,5141719,5080080134,SI11,40.5180131,-74.23445767
A0157584,INS-000710522,03/08/2024,2024,BA-1453747-2022,BA-1453747,NSR FOOD DISTRIBUTORS INC,SCOTTY’S MARKETPLACE,Supermarket - 819,Scale,Scale,Scale Inspection,Computing Scale - 01,7,6,6,Confiscated,Complete Address,240,PAGE AVE,,,,STATEN ISLAND,NY,10307,Staten Island,503,51,5141719,5080080134,SI11,40.5180131,-74.23445767
A0168602,INS-000740694,05/10/2024,2024,BA-1549645-2022,BA-1549645,SEA TOWN BROOKLYN LLC,SEATOWN FISH & MEAT MARKET,Supermarket - 819,Scale,Scale,Scale Inspection,Computing Scale - 01,4,4,0,,Complete Address,328,LINDEN ST,,,,BROOKLYN,NY,11237,Brooklyn,304,37,3076351,3033360005,BK77,40.69904184,-73.91384669
A0193669,INS-000792228,10/11/2024,2024,BA-1549645-2022,BA-1549645,SEA TOWN BROOKLYN LLC,SEATOWN FISH & MEAT MARKET,Supermarket - 819,Scale,Scale,Scale Inspection,Computing Scale - 01,6,6,0,,Complete Address,328,LINDEN ST,,,,BROOKLYN,NY,11237,Brooklyn,304,37,3076351,3033360005,BK77,40.69904184,-73.91384669
A0141275,INS-000683864,10/30/2023,2023,BA-1549645-2022,BA-1549645,SEA TOWN BROOKLYN LLC,SEATOWN FISH & MEAT MARKET,Supermarket - 819,Scale,Scale,Scale Inspection,Computing Scale - 01,13,13,0,,Complete Address,328,LINDEN ST,,,,BROOKLYN,NY,11237,Brooklyn,304,37,3076351,3033360005,BK77,40.69904184,-73.91384669
A0157583,INS-000723328,03/08/2024,2024,BA-1670006-2023,BA-1670006,ELMHURST SUPERMARKET INC.,SF SUPERMARKET,Supermarket - 819,Scale,Scale,Scale Inspection,Computing Scale - 01,8,8,0,,Complete Address,4510,83RD ST,,,,ELMHURST,NY,11373,Queens,404,25,4576571,4015367503,QN50,40.74141711,-73.88169976
A0157583,INS-000723328,03/08/2024,2024,BA-1670006-2023,BA-1670006,ELMHURST SUPERMARKET INC.,SF SUPERMARKET,Supermarket - 819,Scale,Scale,Scale Inspection,Customer Scale - 01,1,1,0,,Complete Address,4510,83RD ST,,,,ELMHURST,NY,11373,Queens,404,25,4576571,4015367503,QN50,40.74141711,-73.88169976
A0157583,INS-000723328,03/08/2024,2024,BA-1670006-2023,BA-1670006,ELMHURST SUPERMARKET INC.,SF SUPERMARKET,Supermarket - 819,Scale,Scale,Scale Inspection,Pre-pack Scale - 01,9,9,0,,Complete Address,4510,83RD ST,,,,ELMHURST,NY,11373,Queens,404,25,4576571,4015367503,QN50,40.74141711,-73.88169976
A0209107,INS-000823288,01/28/2025,2025,BA-1670006-2023,BA-1670006,ELMHURST SUPERMARKET INC.,SF SUPERMARKET,Supermarket - 819,Scale,Scale,Scale Inspection,Computing Scale - 01,15,15,0,,Complete Address,4510,83RD ST,,,,ELMHURST,NY,11373,Queens,404,25,4576571,4015367503,QN50,40.74141711,-73.88169976
A0209107,INS-000823288,01/28/2025,2025,BA-1670006-2023,BA-1670006,ELMHURST SUPERMARKET INC.,SF SUPERMARKET,Supermarket - 819,Scale,Scale,Scale Inspection,Customer Scale - 01,1,1,0,,Complete Address,4510,83RD ST,,,,ELMHURST,NY,11373,Queens,404,25,4576571,4015367503,QN50,40.74141711,-73.88169976
A0209107,INS-000823288,01/28/2025,2025,BA-1670006-2023,BA-1670006,ELMHURST SUPERMARKET INC.,SF SUPERMARKET,Supermarket - 819,Scale,Scale,Scale Inspection,Pre-pack Scale - 01,2,2,0,,Complete Address,4510,83RD ST,,,,ELMHURST,NY,11373,Queens,404,25,4576571,4015367503,QN50,40.74141711,-73.88169976
A0175915,INS-000757855,06/26/2024,2024,BA-1105025-2022,BA-1105025,1331 MEAT & PRODUCE CORP.,SHOP FAIR,Supermarket - 819,Scale,Scale,Scale Inspection,Computing Scale - 01,8,8,0,,Complete Address,1331,SAINT NICHOLAS AVE,,,,NEW YORK,NY,10033,Manhattan,112,10,1063552,1021440049,MN36,40.84644317,-73.93584093
A0175915,INS-000757855,06/26/2024,2024,BA-1105025-2022,BA-1105025,1331 MEAT & PRODUCE CORP.,SHOP FAIR,Supermarket - 819,Scale,Scale,Scale Inspection,Customer Scale - 01,2,2,0,,Complete Address,1331,SAINT NICHOLAS AVE,,,,NEW YORK,NY,10033,Manhattan,112,10,1063552,1021440049,MN36,40.84644317,-73.93584093
A0175915,INS-000757855,06/26/2024,2024,BA-1105025-2022,BA-1105025,1331 MEAT & PRODUCE CORP.,SHOP FAIR,Supermarket - 819,Scale,Scale,Scale Inspection,Pre-pack Scale - 01,2,2,0,,Complete Address,1331,SAINT NICHOLAS AVE,,,,NEW YORK,NY,10033,Manhattan,112,10,1063552,1021440049,MN36,40.84644317,-73.93584093
A0207837,INS-000820791,01/16/2025,2025,BA-1105025-2022,BA-1105025,1331 MEAT & PRODUCE CORP.,SHOP FAIR,Supermarket - 819,Scale,Scale,Scale Inspection,Pre-pack Scale - 01,2,2,0,,Complete Address,1331,SAINT NICHOLAS AVE,,,,NEW YORK,NY,10033,Manhattan,112,10,1063552,1021440049,MN36,40.84644317,-73.93584093
A0207837,INS-000820791,01/16/2025,2025,BA-1105025-2022,BA-1105025,1331 MEAT & PRODUCE CORP.,SHOP FAIR,Supermarket - 819,Scale,Scale,Scale Inspection,Customer Scale - 01,1,1,0,,Complete Address,1331,SAINT NICHOLAS AVE,,,,NEW YORK,NY,10033,Manhattan,112,10,1063552,1021440049,MN36,40.84644317,-73.93584093
A0207837,INS-000820791,01/16/2025,2025,BA-1105025-2022,BA-1105025,1331 MEAT & PRODUCE CORP.,SHOP FAIR,Supermarket - 819,Scale,Scale,Scale Inspection,Computing Scale - 01,6,6,0,,Complete Address,1331,SAINT NICHOLAS AVE,,,,NEW YORK,NY,10033,Manhattan,112,10,1063552,1021440049,MN36,40.84644317,-73.93584093
A0128910,INS-000654717,07/20/2023,2023,BA-1601281-2023,BA-1601281,St. Ann's Meat Corp.,SHOP FAIR,Supermarket - 819,Scale,Scale,Scale Inspection,Computing Scale - 01,9,9,0,,Complete Address,345,SAINT ANNS AVE,,,,BRONX,NY,10454,Bronx,201,8,2128977,2022687501,BX39,40.80949736,-73.91576639
A0174615,INS-000755170,06/20/2024,2024,BA-1115231-2022,BA-1115231,"178 JJH, INC.",Shop Fair Supermarket,Supermarket - 819,Scale,Scale,Scale Inspection,Computing Scale - 01,11,11,0,,Complete Address,178,E 116TH ST,,,,NEW YORK,NY,10029,Manhattan,111,8,1052255,1016430041,MN34,40.79821008,-73.94066579
A0178630,INS-000763214,07/17/2024,2024,BA-1199023-2022,BA-1199023,FULTON 3104 MEAT CORP,SHOP FAIR SUPERMARKET,Supermarket - 819,Scale,Scale,Scale Inspection,Computing Scale - 01,5,5,0,,Complete Address,3104,FULTON ST,,,,BROOKLYN,NY,11208,Brooklyn,305,37,3088186,3039590029,BK83,40.68126979,-73.88045442
A0161388,INS-000730239,04/02/2024,2024,BA-1343477-2022,BA-1343477,"J & B MEAT MARKET, INC.",SHOP FAIR SUPERMARKET,Supermarket - 819,Scale,Scale,Scale Inspection,Computing Scale - 01,10,10,0,,Complete Address,42,AVENUE C,,,,NEW YORK,NY,10009,Manhattan,103,2,1079042,1003730002,MN28,40.72192256,-73.98041413
A0217242,INS-000838864,03/20/2025,2025,BA-1343477-2022,BA-1343477,"J & B MEAT MARKET, INC.",SHOP FAIR SUPERMARKET,Supermarket - 819,Scale,Scale,Scale Inspection,Computing Scale - 01,8,8,0,,Complete Address,42,AVENUE C,,,,NEW YORK,NY,10009,Manhattan,103,2,1079042,1003730002,MN28,40.72192256,-73.98041413
A0179572,INS-000765112,07/24/2024,2024,BA-1688509-2024,BA-1688509,1000 MEAT AND FOOD CORP.,SHOP FRESH FOOD MARKETPLACE,Supermarket - 819,Scale,Scale,Scale Inspection,Computing Scale - 01,12,12,0,,Complete Address,1000,MORRIS AVE,,,,BRONX,NY,10456,Bronx,204,16,2002180,2024320010,BX14,40.82901289,-73.9165511
A0192166,INS-000774512,10/04/2024,2024,BA-1336785-2022,BA-1336785,"Glass Gardens, Inc.",Shop-Rite,Supermarket - 819,Scale,Scale,Scale Inspection,Computing Scale - 01,35,35,0,,Complete Address,590,GATEWAY DR,,,,BROOKLYN,NY,11239,Brooklyn,305,42,3397157,3044520545,BK82,40.65246471,-73.87657059
A0202254,INS-000809091,12/05/2024,2024,BA-1336785-2022,BA-1336785,"Glass Gardens, Inc.",Shop-Rite,Supermarket - 819,Scale,Scale,Scale Inspection,Computing Scale - 01,19,19,0,,Complete Address,590,GATEWAY DR,,,,BROOKLYN,NY,11239,Brooklyn,305,42,3397157,3044520545,BK82,40.65246471,-73.87657059
A0130352,INS-000656095,08/07/2023,2023,BA-1336785-2022,BA-1336785,"Glass Gardens, Inc.",Shop-Rite,Supermarket - 819,Scale,Scale,Scale Inspection,Computing Scale - 01,57,57,0,,Complete Address,590,GATEWAY DR,,,,BROOKLYN,NY,11239,Brooklyn,305,42,3397157,3044520545,BK82,40.65246471,-73.87657059
A0160290,INS-000717951,03/26/2024,2024,BA-1336785-2022,BA-1336785,"Glass Gardens, Inc.",Shop-Rite,Supermarket - 819,Scale,Scale,Scale Inspection,Computing Scale - 01,2,2,0,,Complete Address,590,GATEWAY DR,,,,BROOKLYN,NY,11239,Brooklyn,305,42,3397157,3044520545,BK82,40.65246471,-73.87657059
A0164007,INS-000732591,04/17/2024,2024,BA-1336785-2022,BA-1336785,"Glass Gardens, Inc.",Shop-Rite,Supermarket - 819,Scale,Scale,Scale Inspection,Computing Scale - 01,2,2,0,,Complete Address,590,GATEWAY DR,,,,BROOKLYN,NY,11239,Brooklyn,305,42,3397157,3044520545,BK82,40.65246471,-73.87657059
A0208091,INS-000821371,01/17/2025,2025,BA-1700377-2024,BA-1700377,KING FOOD MARKET INC.,STAR MARKET,Supermarket - 819,Scale,Scale,Scale Inspection,Pre-pack Scale - 01,1,1,0,,Complete Address,1805,AVENUE U,,,,BROOKLYN,NY,11229,Brooklyn,315,48,3198242,3073230044,BK44,40.59917375,-73.95338498
A0208091,INS-000821371,01/17/2025,2025,BA-1700377-2024,BA-1700377,KING FOOD MARKET INC.,STAR MARKET,Supermarket - 819,Scale,Scale,Scale Inspection,Customer Scale - 01,1,1,0,,Complete Address,1805,AVENUE U,,,,BROOKLYN,NY,11229,Brooklyn,315,48,3198242,3073230044,BK44,40.59917375,-73.95338498
A0208091,INS-000821371,01/17/2025,2025,BA-1700377-2024,BA-1700377,KING FOOD MARKET INC.,STAR MARKET,Supermarket - 819,Scale,Scale,Scale Inspection,Computing Scale - 01,11,11,0,,Complete Address,1805,AVENUE U,,,,BROOKLYN,NY,11229,Brooklyn,315,48,3198242,3073230044,BK44,40.59917375,-73.95338498
A0202295,INS-000810367,12/05/2024,2024,BA-1548370-2022,BA-1548370,"WANG LONG 86 SUPERMARKET, INC.",STAR MARKET,Supermarket - 819,Scale,Scale,Scale Inspection,Computing Scale - 01,14,14,0,,Complete Address,1778,86TH ST,,,,BROOKLYN,NY,11214,Brooklyn,311,38,3329086,3063680033,BK27,40.60745049,-74.0029856
A0185648,INS-000762802,08/29/2024,2024,BA-1543123-2022,BA-1543123,The Stop & Shop Supermarket Company LLC,Stop & Shop #0503,Supermarket - 819,Scale,Scale,Scale Inspection,Computing Scale - 01,26,26,0,,Complete Address,5716,BROADWAY,,,,BRONX,NY,10463,Bronx,208,11,2016173,2032690001,BX29,40.88242734,-73.90230073
A0185648,INS-000762802,08/29/2024,2024,BA-1543123-2022,BA-1543123,The Stop & Shop Supermarket Company LLC,Stop & Shop #0503,Supermarket - 819,Scale,Scale,Scale Inspection,Customer Scale - 01,1,1,0,,Complete Address,5716,BROADWAY,,,,BRONX,NY,10463,Bronx,208,11,2016173,2032690001,BX29,40.88242734,-73.90230073
A0192127,INS-000786946,10/04/2024,2024,BA-1543123-2022,BA-1543123,The Stop & Shop Supermarket Company LLC,Stop & Shop #0503,Supermarket - 819,Scale,Scale,Scale Inspection,Computing Scale - 01,1,1,0,,Complete Address,5716,BROADWAY,,,,BRONX,NY,10463,Bronx,208,11,2016173,2032690001,BX29,40.88242734,-73.90230073
A0126767,INS-000650470,07/03/2023,2023,BA-1543123-2022,BA-1543123,The Stop & Shop Supermarket Company LLC,Stop & Shop #0503,Supermarket - 819,Scale,Scale,Scale Inspection,Computing Scale - 01,1,1,0,,Complete Address,5716,BROADWAY,,,,BRONX,NY,10463,Bronx,208,11,2016173,2032690001,BX29,40.88242734,-73.90230073
A0135726,INS-000662716,09/18/2023,2023,BA-1543123-2022,BA-1543123,The Stop & Shop Supermarket Company LLC,Stop & Shop #0503,Supermarket - 819,Scale,Scale,Scale Inspection,Computing Scale - 01,1,1,0,,Complete Address,5716,BROADWAY,,,,BRONX,NY,10463,Bronx,208,11,2016173,2032690001,BX29,40.88242734,-73.90230073
A0133931,INS-000662693,09/01/2023,2023,BA-1551390-2022,BA-1551390,THE STOP & SHOP SUPERMARKET COMPANY LLC,STOP & SHOP #2512,Supermarket - 819,Scale,Scale,Scale Inspection,Computing Scale - 01,29,29,0,,Complete Address,1441,RICHMOND AVE,,,,STATEN ISLAND,NY,10314,Staten Island,502,50,5151774,5015440120,SI05,40.61329749,-74.15847427
A0152097,INS-000709687,01/29/2024,2024,BA-1551390-2022,BA-1551390,THE STOP & SHOP SUPERMARKET COMPANY LLC,STOP & SHOP #2512,Supermarket - 819,Scale,Scale,Scale Inspection,Computing Scale - 01,28,28,0,,Complete Address,1441,RICHMOND AVE,,,,STATEN ISLAND,NY,10314,Staten Island,502,50,5151774,5015440120,SI05,40.61329749,-74.15847427
A0152097,INS-000709687,01/29/2024,2024,BA-1551390-2022,BA-1551390,THE STOP & SHOP SUPERMARKET COMPANY LLC,STOP & SHOP #2512,Supermarket - 819,Scale,Scale,Scale Inspection,Customer Scale - 01,6,6,0,,Complete Address,1441,RICHMOND AVE,,,,STATEN ISLAND,NY,10314,Staten Island,502,50,5151774,5015440120,SI05,40.61329749,-74.15847427
A0181275,INS-000762795,08/02/2024,2024,BA-1559335-2022,BA-1559335,THE STOP & SHOP SUPERMARKET COMPANY LLC,STOP & SHOP #2585,Supermarket - 819,Scale,Scale,Scale Inspection,Computing Scale - 01,30,30,0,,Complete Address,7020,ROCKAWAY BEACH BLVD,,,,ARVERNE,NY,11692,Queens,414,31,4541377,4160810045,QN12,40.58956373,-73.79967589
A0181275,INS-000762795,08/02/2024,2024,BA-1559335-2022,BA-1559335,THE STOP & SHOP SUPERMARKET COMPANY LLC,STOP & SHOP #2585,Supermarket - 819,Scale,Scale,Scale Inspection,Customer Scale - 01,1,1,0,,Complete Address,7020,ROCKAWAY BEACH BLVD,,,,ARVERNE,NY,11692,Queens,414,31,4541377,4160810045,QN12,40.58956373,-73.79967589
A0134126,INS-000662583,09/05/2023,2023,BA-1559335-2022,BA-1559335,THE STOP & SHOP SUPERMARKET COMPANY LLC,STOP & SHOP #2585,Supermarket - 819,Scale,Scale,Scale Inspection,Computing Scale - 01,33,33,0,,Complete Address,7020,ROCKAWAY BEACH BLVD,,,,ARVERNE,NY,11692,Queens,414,31,4541377,4160810045,QN12,40.58956373,-73.79967589
A0177347,INS-000760644,07/10/2024,2024,BA-1726199-2025,BA-1726199,The Stop & Shop Supermarket Company LLC,Stop & Shop #2589,Supermarket - 819,Scale,Scale,Scale Inspection,Computing Scale - 01,28,28,0,,Complete Address,9210,ATLANTIC AVE,,,,OZONE PARK,NY,11416,Queens,409,32,4187479,4090280001,QN53,40.68770952,-73.85036697
A0134032,INS-000662665,09/05/2023,2023,BA-1726199-2025,BA-1726199,The Stop & Shop Supermarket Company LLC,Stop & Shop #2589,Supermarket - 819,Scale,Scale,Scale Inspection,Computing Scale - 01,1,1,0,,Complete Address,9210,ATLANTIC AVE,,,,OZONE PARK,NY,11416,Queens,409,32,4187479,4090280001,QN53,40.68770952,-73.85036697
A0177347,INS-000760644,07/10/2024,2024,BA-1726199-2025,BA-1726199,The Stop & Shop Supermarket Company LLC,Stop & Shop #2589,Supermarket - 819,Scale,Scale,Scale Inspection,Pre-pack Scale - 01,1,1,0,,Complete Address,9210,ATLANTIC AVE,,,,OZONE PARK,NY,11416,Queens,409,32,4187479,4090280001,QN53,40.68770952,-73.85036697
A0177347,INS-000760644,07/10/2024,2024,BA-1726199-2025,BA-1726199,The Stop & Shop Supermarket Company LLC,Stop & Shop #2589,Supermarket - 819,Scale,Scale,Scale Inspection,Customer Scale - 01,1,1,0,,Complete Address,9210,ATLANTIC AVE,,,,OZONE PARK,NY,11416,Queens,409,32,4187479,4090280001,QN53,40.68770952,-73.85036697
A0183541,INS-000762849,08/16/2024,2024,BA-1726199-2025,BA-1726199,The Stop & Shop Supermarket Company LLC,Stop & Shop #2589,Supermarket - 819,Scale,Scale,Scale Inspection,Computing Scale - 01,9,9,0,,Complete Address,9210,ATLANTIC AVE,,,,OZONE PARK,NY,11416,Queens,409,32,4187479,4090280001,QN53,40.68770952,-73.85036697
A0193778,INS-000788460,10/11/2024,2024,BA-1644008-2023,BA-1644008,The Stop & Shop Supermarket Company LLC,STOP & SHOP #2593,Supermarket - 819,Scale,Scale,Scale Inspection,Computing Scale - 01,25,25,0,,Complete Address,961,E 174TH ST,,,,BRONX,NY,10460,Bronx,203,17,2114085,2029980002,BX75,40.83644036,-73.8849748
A0193778,INS-000788460,10/11/2024,2024,BA-1644008-2023,BA-1644008,The Stop & Shop Supermarket Company LLC,STOP & SHOP #2593,Supermarket - 819,Scale,Scale,Scale Inspection,Customer Scale - 01,1,1,0,,Complete Address,961,E 174TH ST,,,,BRONX,NY,10460,Bronx,203,17,2114085,2029980002,BX75,40.83644036,-73.8849748
A0134426,INS-000662563,09/07/2023,2023,BA-1536496-2022,BA-1536496,THE STOP & SHOP SUPERMARKET COMPANY LLC,STOP & SHOP #2593,Supermarket - 819,Scale,Scale,Scale Inspection,Computing Scale - 01,31,31,0,,Complete Address,2754,HYLAN BLVD,,,,STATEN ISLAND,NY,10306,Staten Island,502,50,5107591,5039830130,SI25,40.56466954,-74.11559021
A0133727,INS-000662578,08/31/2023,2023,BA-1644008-2023,BA-1644008,The Stop & Shop Supermarket Company LLC,STOP & SHOP #2593,Supermarket - 819,Scale,Scale,Scale Inspection,Computing Scale - 01,1,1,0,,Complete Address,961,E 174TH ST,,,,BRONX,NY,10460,Bronx,203,17,2114085,2029980002,BX75,40.83644036,-73.8849748
A0211711,INS-000828853,02/12/2025,2025,BA-1644008-2023,BA-1644008,The Stop & Shop Supermarket Company LLC,STOP & SHOP #2593,Supermarket - 819,Scale,Scale,Scale Inspection,Computing Scale - 01,24,24,0,,Complete Address,961,E 174TH ST,,,,BRONX,NY,10460,Bronx,203,17,2114085,2029980002,BX75,40.83644036,-73.8849748
A0211711,INS-000828853,02/12/2025,2025,BA-1644008-2023,BA-1644008,The Stop & Shop Supermarket Company LLC,STOP & SHOP #2593,Supermarket - 819,Scale,Scale,Scale Inspection,Customer Scale - 01,1,1,0,,Complete Address,961,E 174TH ST,,,,BRONX,NY,10460,Bronx,203,17,2114085,2029980002,BX75,40.83644036,-73.8849748
A0183521,INS-000763308,08/16/2024,2024,BA-1477981-2022,BA-1477981,"THE STOP & SHOP SUPERMARKET COMPANY, LLC",STOP & SHOP #2595,Supermarket - 819,Scale,Scale,Scale Inspection,Computing Scale - 01,32,32,0,,Complete Address,2754,HYLAN BLVD,,,,STATEN ISLAND,NY,10306,Staten Island,502,50,5107591,5039830130,SI25,40.56466954,-74.11559021
A0182354,INS-000767273,08/09/2024,2024,BA-1482837-2022,BA-1482837,"THE STOP & SHOP SUPERMARKET COMPANY, LLC",STOP & SHOP #2595,Supermarket - 819,Scale,Scale,Scale Inspection,Computing Scale - 01,28,28,0,,Complete Address,21315,26TH AVE,,,,BAYSIDE,NY,11360,Queens,407,19,4439465,4059000002,QN47,40.77846896,-73.77654786
A0182354,INS-000767273,08/09/2024,2024,BA-1482837-2022,BA-1482837,"THE STOP & SHOP SUPERMARKET COMPANY, LLC",STOP & SHOP #2595,Supermarket - 819,Scale,Scale,Scale Inspection,Customer Scale - 01,1,1,0,,Complete Address,21315,26TH AVE,,,,BAYSIDE,NY,11360,Queens,407,19,4439465,4059000002,QN47,40.77846896,-73.77654786
A0182354,INS-000767273,08/09/2024,2024,BA-1482837-2022,BA-1482837,"THE STOP & SHOP SUPERMARKET COMPANY, LLC",STOP & SHOP #2595,Supermarket - 819,Scale,Scale,Scale Inspection,Pre-pack Scale - 01,5,5,0,,Complete Address,21315,26TH AVE,,,,BAYSIDE,NY,11360,Queens,407,19,4439465,4059000002,QN47,40.77846896,-73.77654786
A0183847,INS-000763300,08/20/2024,2024,BA-1515506-2022,BA-1515506,"THE STOP & SHOP SUPERMARKET COMPANY, LLC",STOP & SHOP #2595,Supermarket - 819,Scale,Scale,Scale Inspection,Computing Scale - 01,9,9,0,,Complete Address,1441,RICHMOND AVE,,,,STATEN ISLAND,NY,10314,Staten Island,502,50,5151774,5015440120,SI05,40.61329749,-74.15847427
A0184109,INS-000763269,08/21/2024,2024,BA-1515528-2022,BA-1515528,"THE STOP & SHOP SUPERMARKET COMPANY, LLC",STOP & SHOP #2595,Supermarket - 819,Scale,Scale,Scale Inspection,Computing Scale - 01,30,30,0,,Complete Address,1351,FOREST AVE,,,,STATEN ISLAND,NY,10302,Staten Island,501,49,5024915,5010520001,SI07,40.6259569,-74.13445073
A0200383,INS-000806573,11/21/2024,2024,BA-1477981-2022,BA-1477981,"THE STOP & SHOP SUPERMARKET COMPANY, LLC",STOP & SHOP #2595,Supermarket - 819,Scale,Scale,Scale Inspection,Computing Scale - 01,1,1,0,,Complete Address,2754,HYLAN BLVD,,,,STATEN ISLAND,NY,10306,Staten Island,502,50,5107591,5039830130,SI25,40.56466954,-74.11559021
A0134086,INS-000662725,09/05/2023,2023,BA-1482837-2022,BA-1482837,"THE STOP & SHOP SUPERMARKET COMPANY, LLC",STOP & SHOP #2595,Supermarket - 819,Scale,Scale,Scale Inspection,Computing Scale - 01,22,22,0,,Complete Address,21315,26TH AVE,,,,BAYSIDE,NY,11360,Queens,407,19,4439465,4059000002,QN47,40.77846896,-73.77654786
A0183847,INS-000763300,08/20/2024,2024,BA-1515506-2022,BA-1515506,"THE STOP & SHOP SUPERMARKET COMPANY, LLC",STOP & SHOP #2595,Supermarket - 819,Scale,Scale,Scale Inspection,No Fee Scale,1,0,4,Confiscated,Complete Address,1441,RICHMOND AVE,,,,STATEN ISLAND,NY,10314,Staten Island,502,50,5151774,5015440120,SI05,40.61329749,-74.15847427
A0132380,INS-000661275,08/22/2023,2023,BA-1539291-2022,BA-1539291,THE STOP & SHOP SUPERMARKET COMPANY LLC,STOP & SHOP #508,Supermarket - 819,Scale,Scale,Scale Inspection,Computing Scale - 01,2,2,0,,Complete Address,6445,MYRTLE AVE,,,,GLENDALE,NY,11385,Queens,405,30,4089243,4036750010,QN19,40.70111923,-73.89074428
A0181254,INS-000762825,08/02/2024,2024,BA-1536620-2022,BA-1536620,THE STOP & SHOP SUPERMARKET COMPANY LLC,STOP & SHOP #539,Supermarket - 819,Scale,Scale,Scale Inspection,Computing Scale - 01,27,27,0,,Complete Address,8989,UNION TPKE,,,,GLENDALE,NY,11385,Queens,406,32,4095040,4038860380,QN17,40.70664907,-73.85514316
A0181254,INS-000762825,08/02/2024,2024,BA-1536620-2022,BA-1536620,THE STOP & SHOP SUPERMARKET COMPANY LLC,STOP & SHOP #539,Supermarket - 819,Scale,Scale,Scale Inspection,Misc Scale - 01,4,4,0,,Complete Address,8989,UNION TPKE,,,,GLENDALE,NY,11385,Queens,406,32,4095040,4038860380,QN17,40.70664907,-73.85514316
A0181254,INS-000762825,08/02/2024,2024,BA-1536620-2022,BA-1536620,THE STOP & SHOP SUPERMARKET COMPANY LLC,STOP & SHOP #539,Supermarket - 819,Scale,Scale,Scale Inspection,Pre-pack Scale - 01,2,2,0,,Complete Address,8989,UNION TPKE,,,,GLENDALE,NY,11385,Queens,406,32,4095040,4038860380,QN17,40.70664907,-73.85514316
A0134730,INS-000662581,09/11/2023,2023,BA-1584793-2023,BA-1584793,THE STOP & SHOP SUPERMARKET COMPANY LLC,STOP & SHOP #539,Supermarket - 819,Scale,Scale,Scale Inspection,Computing Scale - 01,3,3,0,,Complete Address,8989,UNION TPKE,,,,GLENDALE,NY,11385,Queens,406,32,4095040,4038860380,QN17,40.70664907,-73.85514316
A0182755,INS-000762791,08/13/2024,2024,BA-1565553-2022,BA-1565553,THE STOP & SHOP SUPERMARKET COMPANY LLC,Stop & Shop Store # 2513,Supermarket - 819,Scale,Scale,Scale Inspection,Computing Scale - 01,22,22,0,,Complete Address,2965,CROPSEY AVE,,,,BROOKLYN,NY,11214,Brooklyn,313,47,3188541,3069970300,BK21,40.58270809,-73.98624035
A0182755,INS-000762791,08/13/2024,2024,BA-1565553-2022,BA-1565553,THE STOP & SHOP SUPERMARKET COMPANY LLC,Stop & Shop Store # 2513,Supermarket - 819,Scale,Scale,Scale Inspection,Customer Scale - 01,1,1,0,,Complete Address,2965,CROPSEY AVE,,,,BROOKLYN,NY,11214,Brooklyn,313,47,3188541,3069970300,BK21,40.58270809,-73.98624035
A0182755,INS-000762791,08/13/2024,2024,BA-1565553-2022,BA-1565553,THE STOP & SHOP SUPERMARKET COMPANY LLC,Stop & Shop Store # 2513,Supermarket - 819,Scale,Scale,Scale Inspection,Pre-pack Scale - 01,4,4,0,,Complete Address,2965,CROPSEY AVE,,,,BROOKLYN,NY,11214,Brooklyn,313,47,3188541,3069970300,BK21,40.58270809,-73.98624035
A0182922,INS-000762857,08/14/2024,2024,BA-1526822-2022,BA-1526822,THE STOP & SHOP SUPERMARKET COMPANY LLC,Stop & Shop Store # 2513,Supermarket - 819,Scale,Scale,Scale Inspection,Computing Scale - 01,26,26,0,,Complete Address,15601,CROSSBAY BLVD,,,,HOWARD BEACH,NY,11414,Queens,410,32,4448966,4141480001,QN57,40.66394371,-73.84104495
A0172115,INS-000750260,06/04/2024,2024,BA-1529693-2022,BA-1529693,THE STOP & SHOP SUPERMARKET COMPANY LLC,Stop & Shop Store # 2513,Supermarket - 819,Scale,Scale,Scale Inspection,Computing Scale - 01,13,13,0,,Complete Address,11215,BEACH CHANNEL DR,,,,BELLE HARBOR,NY,11694,Queens,414,32,4303766,4161660434,QN10,40.58275518,-73.83504237
A0172115,INS-000750260,06/04/2024,2024,BA-1529693-2022,BA-1529693,THE STOP & SHOP SUPERMARKET COMPANY LLC,Stop & Shop Store # 2513,Supermarket - 819,Scale,Scale,Scale Inspection,Pre-pack Scale - 01,13,13,0,,Complete Address,11215,BEACH CHANNEL DR,,,,BELLE HARBOR,NY,11694,Queens,414,32,4303766,4161660434,QN10,40.58275518,-73.83504237
A0174560,INS-000755063,06/20/2024,2024,BA-1552979-2022,BA-1552979,THE STOP & SHOP SUPERMARKET COMPANY LLC,Stop & Shop Store # 2513,Supermarket - 819,Scale,Scale,Scale Inspection,Computing Scale - 01,32,32,0,,Complete Address,2136,BARTOW AVE,,,,BRONX,NY,10475,Bronx,210,12,2121320,2051410810,BX13,40.86940669,-73.82561758
A0181229,INS-000762807,08/02/2024,2024,BA-1534851-2022,BA-1534851,THE STOP & SHOP SUPERMARKET COMPANY LLC,Stop & Shop Store # 2513,Supermarket - 819,Scale,Scale,Scale Inspection,Computing Scale - 01,15,15,0,,Complete Address,3106,FARRINGTON ST,,,,FLUSHING,NY,11354,Queens,407,20,4100769,4044060032,QN22,40.76880929,-73.83455988
A0181333,INS-000762798,08/02/2024,2024,BA-1529693-2022,BA-1529693,THE STOP & SHOP SUPERMARKET COMPANY LLC,Stop & Shop Store # 2513,Supermarket - 819,Scale,Scale,Scale Inspection,Computing Scale - 01,6,6,0,,Complete Address,11215,BEACH CHANNEL DR,,,,BELLE HARBOR,NY,11694,Queens,414,32,4303766,4161660434,QN10,40.58275518,-73.83504237
A0181878,INS-000767259,08/07/2024,2024,BA-1517777-2022,BA-1517777,THE STOP & SHOP SUPERMARKET COMPANY LLC,Stop & Shop Store # 2513,Supermarket - 819,Scale,Scale,Scale Inspection,Computing Scale - 01,34,34,0,,Complete Address,625,ATLANTIC AVE,,,,BROOKLYN,NY,11217,Brooklyn,302,35,3057470,3020020001,BK68,40.68345651,-73.97561562
A0182153,INS-000762793,08/08/2024,2024,BA-1651395-2023,BA-1651395,The Stop & Shop Supermarket Company LLC,Stop & Shop Store # 2513,Supermarket - 819,Scale,Scale,Scale Inspection,Computing Scale - 01,30,30,0,,Complete Address,13440,SPRINGFIELD BLVD,,,,SPRINGFIELD GARDENS,NY,11413,Queens,412,31,4279935,4129990220,QN08,40.67918039,-73.75394338
A0182153,INS-000762793,08/08/2024,2024,BA-1651395-2023,BA-1651395,The Stop & Shop Supermarket Company LLC,Stop & Shop Store # 2513,Supermarket - 819,Scale,Scale,Scale Inspection,Customer Scale - 01,1,1,0,,Complete Address,13440,SPRINGFIELD BLVD,,,,SPRINGFIELD GARDENS,NY,11413,Queens,412,31,4279935,4129990220,QN08,40.67918039,-73.75394338
A0183226,INS-000763305,08/15/2024,2024,BA-1545342-2022,BA-1545342,THE STOP & SHOP SUPERMARKET COMPANY LLC,Stop & Shop Store # 2513,Supermarket - 819,Scale,Scale,Scale Inspection,Computing Scale - 01,26,26,0,,Complete Address,4343,AMBOY RD,,,,STATEN ISLAND,NY,10312,Staten Island,503,51,5073190,5054970007,SI54,40.54534414,-74.16056913
A0185167,INS-000762792,08/27/2024,2024,BA-1521109-2022,BA-1521109,THE STOP & SHOP SUPERMARKET COMPANY LLC,Stop & Shop Store # 2513,Supermarket - 819,Scale,Scale,Scale Inspection,Computing Scale - 01,26,26,0,,Complete Address,1710,AVENUE Y,,,,BROOKLYN,NY,11235,Brooklyn,315,48,3331174,3074380001,BK17,40.59030774,-73.95264225
A0185167,INS-000762792,08/27/2024,2024,BA-1521109-2022,BA-1521109,THE STOP & SHOP SUPERMARKET COMPANY LLC,Stop & Shop Store # 2513,Supermarket - 819,Scale,Scale,Scale Inspection,Customer Scale - 01,3,3,0,,Complete Address,1710,AVENUE Y,,,,BROOKLYN,NY,11235,Brooklyn,315,48,3331174,3074380001,BK17,40.59030774,-73.95264225
A0185167,INS-000762792,08/27/2024,2024,BA-1521109-2022,BA-1521109,THE STOP & SHOP SUPERMARKET COMPANY LLC,Stop & Shop Store # 2513,Supermarket - 819,Scale,Scale,Scale Inspection,Pre-pack Scale - 01,4,4,0,,Complete Address,1710,AVENUE Y,,,,BROOKLYN,NY,11235,Brooklyn,315,48,3331174,3074380001,BK17,40.59030774,-73.95264225
A0185363,INS-000761846,08/28/2024,2024,BA-1552979-2022,BA-1552979,THE STOP & SHOP SUPERMARKET COMPANY LLC,Stop & Shop Store # 2513,Supermarket - 819,Scale,Scale,Scale Inspection,Computing Scale - 01,1,1,0,,Complete Address,2136,BARTOW AVE,,,,BRONX,NY,10475,Bronx,210,12,2121320,2051410810,BX13,40.86940669,-73.82561758
A0195973,INS-000798183,10/25/2024,2024,BA-1485279-2022,BA-1485279,THE STOP & SHOP SUPERMARKET COMPANY LLC,Stop & Shop Store # 2513,Supermarket - 819,Scale,Scale,Scale Inspection,Computing Scale - 01,11,11,0,,Complete Address,2795,RICHMOND AVE,,,,STATEN ISLAND,NY,10314,Staten Island,502,51,5108454,5024400002,SI24,40.57855711,-74.16959473
A0198895,INS-000803851,11/14/2024,2024,BA-1545342-2022,BA-1545342,THE STOP & SHOP SUPERMARKET COMPANY LLC,Stop & Shop Store # 2513,Supermarket - 819,Scale,Scale,Scale Inspection,Computing Scale - 01,5,5,0,,Complete Address,4343,AMBOY RD,,,,STATEN ISLAND,NY,10312,Staten Island,503,51,5073190,5054970007,SI54,40.54534414,-74.16056913
A0129328,INS-000655449,07/26/2023,2023,BA-1637488-2023,BA-1637488,THE STOP & SHOP SUPERMARKET COMPANY LLC,Stop & Shop Store # 2513,Supermarket - 819,Scale,Scale,Scale Inspection,Computing Scale - 01,32,32,0,,Complete Address,1351,FOREST AVE,,STE,1,STATEN ISLAND,NY,10302,Staten Island,501,49,5024915,5010520001,SI07,40.6259569,-74.13445073
A0134039,INS-000662623,09/05/2023,2023,BA-1534851-2022,BA-1534851,THE STOP & SHOP SUPERMARKET COMPANY LLC,Stop & Shop Store # 2513,Supermarket - 819,Scale,Scale,Scale Inspection,Computing Scale - 01,3,3,0,,Complete Address,3106,FARRINGTON ST,,,,FLUSHING,NY,11354,Queens,407,20,4100769,4044060032,QN22,40.76880929,-73.83455988
A0134069,INS-000662609,09/05/2023,2023,BA-1526822-2022,BA-1526822,THE STOP & SHOP SUPERMARKET COMPANY LLC,Stop & Shop Store # 2513,Supermarket - 819,Scale,Scale,Scale Inspection,Computing Scale - 01,26,26,0,,Complete Address,15601,CROSSBAY BLVD,,,,HOWARD BEACH,NY,11414,Queens,410,32,4448966,4141480001,QN57,40.66394371,-73.84104495
A0134777,INS-000663993,09/11/2023,2023,BA-1638197-2023,BA-1638197,The Stop & Shop Supermarket Company LLC,Stop & Shop Store # 2513,Supermarket - 819,Scale,Scale,Scale Inspection,Computing Scale - 01,1,1,0,,Complete Address,7417,GRAND AVE,,,,ELMHURST,NY,11373,Queens,405,30,4058131,4024920079,QN29,40.73024884,-73.88731935
A0128888,INS-000652683,07/20/2023,2023,BA-1545342-2022,BA-1545342,THE STOP & SHOP SUPERMARKET COMPANY LLC,Stop & Shop Store # 2513,Supermarket - 819,Scale,Scale,Scale Inspection,Computing Scale - 01,3,3,0,,Complete Address,4343,AMBOY RD,,,,STATEN ISLAND,NY,10312,Staten Island,503,51,5073190,5054970007,SI54,40.54534414,-74.16056913
A0129698,INS-000656224,07/31/2023,2023,BA-1565553-2022,BA-1565553,THE STOP & SHOP SUPERMARKET COMPANY LLC,Stop & Shop Store # 2513,Supermarket - 819,Scale,Scale,Scale Inspection,Computing Scale - 01,28,28,0,,Complete Address,2965,CROPSEY AVE,,,,BROOKLYN,NY,11214,Brooklyn,313,47,3188541,3069970300,BK21,40.58270809,-73.98624035
A0129950,INS-000656828,08/02/2023,2023,BA-1651395-2023,BA-1651395,The Stop & Shop Supermarket Company LLC,Stop & Shop Store # 2513,Supermarket - 819,Scale,Scale,Scale Inspection,Computing Scale - 01,31,31,0,,Complete Address,13440,SPRINGFIELD BLVD,,,,SPRINGFIELD GARDENS,NY,11413,Queens,412,31,4279935,4129990220,QN08,40.67918039,-73.75394338
A0133741,INS-000662694,08/31/2023,2023,BA-1485279-2022,BA-1485279,THE STOP & SHOP SUPERMARKET COMPANY LLC,Stop & Shop Store # 2513,Supermarket - 819,Scale,Scale,Scale Inspection,Computing Scale - 01,3,3,0,,Complete Address,2795,RICHMOND AVE,,,,STATEN ISLAND,NY,10314,Staten Island,502,51,5108454,5024400002,SI24,40.57855711,-74.16959473
A0134161,INS-000662610,09/05/2023,2023,BA-1651395-2023,BA-1651395,The Stop & Shop Supermarket Company LLC,Stop & Shop Store # 2513,Supermarket - 819,Scale,Scale,Scale Inspection,Computing Scale - 01,1,1,0,,Complete Address,13440,SPRINGFIELD BLVD,,,,SPRINGFIELD GARDENS,NY,11413,Queens,412,31,4279935,4129990220,QN08,40.67918039,-73.75394338
A0134713,INS-000662575,09/11/2023,2023,BA-1552979-2022,BA-1552979,THE STOP & SHOP SUPERMARKET COMPANY LLC,Stop & Shop Store # 2513,Supermarket - 819,Scale,Scale,Scale Inspection,Computing Scale - 01,1,1,0,,Complete Address,2136,BARTOW AVE,,,,BRONX,NY,10475,Bronx,210,12,2121320,2051410810,BX13,40.86940669,-73.82561758
A0135723,INS-000662567,09/18/2023,2023,BA-1517777-2022,BA-1517777,THE STOP & SHOP SUPERMARKET COMPANY LLC,Stop & Shop Store # 2513,Supermarket - 819,Scale,Scale,Scale Inspection,Computing Scale - 01,1,1,0,,Complete Address,625,ATLANTIC AVE,,,,BROOKLYN,NY,11217,Brooklyn,302,35,3057470,3020020001,BK68,40.68345651,-73.97561562
A0135728,INS-000663923,09/18/2023,2023,BA-1637488-2023,BA-1637488,THE STOP & SHOP SUPERMARKET COMPANY LLC,Stop & Shop Store # 2513,Supermarket - 819,Scale,Scale,Scale Inspection,Computing Scale - 01,2,2,0,,Complete Address,1351,FOREST AVE,,STE,1,STATEN ISLAND,NY,10302,Staten Island,501,49,5024915,5010520001,SI07,40.6259569,-74.13445073
A0143124,INS-000687289,11/16/2023,2023,BA-1552979-2022,BA-1552979,THE STOP & SHOP SUPERMARKET COMPANY LLC,Stop & Shop Store # 2513,Supermarket - 819,Scale,Scale,Scale Inspection,Computing Scale - 01,4,4,0,,Complete Address,2136,BARTOW AVE,,,,BRONX,NY,10475,Bronx,210,12,2121320,2051410810,BX13,40.86940669,-73.82561758
A0147324,INS-000695713,12/18/2023,2023,BA-1552979-2022,BA-1552979,THE STOP & SHOP SUPERMARKET COMPANY LLC,Stop & Shop Store # 2513,Supermarket - 819,Scale,Scale,Scale Inspection,Computing Scale - 01,3,3,0,,Complete Address,2136,BARTOW AVE,,,,BRONX,NY,10475,Bronx,210,12,2121320,2051410810,BX13,40.86940669,-73.82561758
A0183988,INS-000818131,08/20/2024,2024,BA-1485279-2022,BA-1485279,THE STOP & SHOP SUPERMARKET COMPANY LLC,Stop & Shop Store # 2513,Supermarket - 819,Scale,Scale,Scale Inspection,Computing Scale - 01,36,36,0,,Complete Address,2795,RICHMOND AVE,,,,STATEN ISLAND,NY,10314,Staten Island,502,51,5108454,5024400002,SI24,40.57855711,-74.16959473
A0207272,INS-000819815,01/14/2025,2025,BA-1526822-2022,BA-1526822,THE STOP & SHOP SUPERMARKET COMPANY LLC,Stop & Shop Store # 2513,Supermarket - 819,Scale,Scale,Scale Inspection,Computing Scale - 01,27,27,0,,Complete Address,15601,CROSSBAY BLVD,,,,HOWARD BEACH,NY,11414,Queens,410,32,4448966,4141480001,QN57,40.66394371,-73.84104495
A0181018,INS-000768819,08/01/2024,2024,BA-1686646-2024,BA-1686646,REYCO SUPERMARKETS LLC,SUPER FI EMPORIUM,Supermarket - 819,Scale,Scale,Scale Inspection,Computing Scale - 01,10,10,0,,Complete Address,1635,LEXINGTON AVE,,,,NEW YORK,NY,10029,Manhattan,111,8,1089312,1016317501,MN33,40.79050072,-73.94753785
A0181018,INS-000768819,08/01/2024,2024,BA-1686646-2024,BA-1686646,REYCO SUPERMARKETS LLC,SUPER FI EMPORIUM,Supermarket - 819,Scale,Scale,Scale Inspection,Pre-pack Scale - 01,2,2,0,,Complete Address,1635,LEXINGTON AVE,,,,NEW YORK,NY,10029,Manhattan,111,8,1089312,1016317501,MN33,40.79050072,-73.94753785
A0212642,INS-000830999,02/20/2025,2025,BA-1627977-2023,BA-1627977,300 W 145TH K FOOD CORP,SUPER FOODTOWN,Supermarket - 819,Scale,Scale,Scale Inspection,Computing Scale - 01,27,27,0,,Complete Address,300,W 145TH ST,,,,NEW YORK,NY,10039,Manhattan,110,9,1060788,1020447501,MN03,40.82289135,-73.94207097
A0202586,INS-000810846,12/06/2024,2024,BA-1119903-2022,BA-1119903,13TH AVENUE MEAT LLC,SUPER FRESH SUPERMARKET,Supermarket - 819,Scale,Scale,Scale Inspection,Computing Scale - 01,13,13,0,,Complete Address,7002,13TH AVE,,,,BROOKLYN,NY,11228,Brooklyn,310,38,3157031,3061660041,BK30,40.62305733,-74.00458212
A0204667,INS-000814810,12/20/2024,2024,BA-1119903-2022,BA-1119903,13TH AVENUE MEAT LLC,SUPER FRESH SUPERMARKET,Supermarket - 819,Scale,Scale,Scale Inspection,Pre-pack Scale - 01,1,1,0,,Complete Address,7002,13TH AVE,,,,BROOKLYN,NY,11228,Brooklyn,310,38,3157031,3061660041,BK30,40.62305733,-74.00458212
A0202586,INS-000810846,12/06/2024,2024,BA-1119903-2022,BA-1119903,13TH AVENUE MEAT LLC,SUPER FRESH SUPERMARKET,Supermarket - 819,Scale,Scale,Scale Inspection,Customer Scale - 01,1,0,4,Confiscated,Complete Address,7002,13TH AVE,,,,BROOKLYN,NY,11228,Brooklyn,310,38,3157031,3061660041,BK30,40.62305733,-74.00458212
A0202586,INS-000810846,12/06/2024,2024,BA-1119903-2022,BA-1119903,13TH AVENUE MEAT LLC,SUPER FRESH SUPERMARKET,Supermarket - 819,Scale,Scale,Scale Inspection,Pre-pack Scale - 01,2,1,4,Confiscated,Complete Address,7002,13TH AVE,,,,BROOKLYN,NY,11228,Brooklyn,310,38,3157031,3061660041,BK30,40.62305733,-74.00458212
A0211878,INS-000829752,02/13/2025,2025,BA-1699253-2024,BA-1699253,Seneca Foods Sellers Inc.,Super Fresh Supermarket,Supermarket - 819,Scale,Scale,Scale Inspection,Computing Scale - 01,3,3,0,,Complete Address,920,SENECA AVE,,,,RIDGEWOOD,NY,11385,Queens,405,34,4085887,4035610027,QN20,40.70022749,-73.90337198
A0211878,INS-000829752,02/13/2025,2025,BA-1699253-2024,BA-1699253,Seneca Foods Sellers Inc.,Super Fresh Supermarket,Supermarket - 819,Scale,Scale,Scale Inspection,Customer Scale - 01,1,1,0,,Complete Address,920,SENECA AVE,,,,RIDGEWOOD,NY,11385,Queens,405,34,4085887,4035610027,QN20,40.70022749,-73.90337198
A0211878,INS-000829752,02/13/2025,2025,BA-1699253-2024,BA-1699253,Seneca Foods Sellers Inc.,Super Fresh Supermarket,Supermarket - 819,Scale,Scale,Scale Inspection,Pre-pack Scale - 01,3,3,0,,Complete Address,920,SENECA AVE,,,,RIDGEWOOD,NY,11385,Queens,405,34,4085887,4035610027,QN20,40.70022749,-73.90337198
A0162385,INS-000731908,04/05/2024,2024,BA-1565924-2022,BA-1565924,"Superduro,inc",Superduro Supermarket,Supermarket - 819,Scale,Scale,Scale Inspection,Computing Scale - 01,3,3,0,,Complete Address,1460,SAINT NICHOLAS AVE,,,,NEW YORK,NY,10033,Manhattan,112,10,1063671,1021540066,MN35,40.85063532,-73.93275723
A0197239,INS-000800764,11/01/2024,2024,BA-1560052-2022,BA-1560052,SKYFOODS MART INC.-ELMHURST,TERRENCE WORMS,Supermarket - 819,Scale,Scale,Scale Inspection,Computing Scale - 01,16,16,0,,Complete Address,7955,ALBION AVE,,,,ELMHURST,NY,11373,Queens,404,25,4437153,4015360130,QN50,40.73927343,-73.88437753
A0197239,INS-000800764,11/01/2024,2024,BA-1560052-2022,BA-1560052,SKYFOODS MART INC.-ELMHURST,TERRENCE WORMS,Supermarket - 819,Scale,Scale,Scale Inspection,Pre-pack Scale - 01,1,1,0,,Complete Address,7955,ALBION AVE,,,,ELMHURST,NY,11373,Queens,404,25,4437153,4015360130,QN50,40.73927343,-73.88437753
A0129672,INS-000656177,07/31/2023,2023,BA-1560052-2022,BA-1560052,SKYFOODS MART INC.-ELMHURST,TERRENCE WORMS,Supermarket - 819,Scale,Scale,Scale Inspection,Computing Scale - 01,19,19,0,,Complete Address,7955,ALBION AVE,,,,ELMHURST,NY,11373,Queens,404,25,4437153,4015360130,QN50,40.73927343,-73.88437753
A0174620,INS-000755177,06/20/2024,2024,BA-1641698-2023,BA-1641698,MEGALANE FOOD CORP,THE FOOD EMPORIUM,Supermarket - 819,Scale,Scale,Scale Inspection,Computing Scale - 01,10,10,0,,Complete Address,2910,BROADWAY,,,,ASTORIA,NY,11106,Queens,401,22,4617928,4005867501,QN70,40.76263583,-73.92681763
A0174620,INS-000755177,06/20/2024,2024,BA-1641698-2023,BA-1641698,MEGALANE FOOD CORP,THE FOOD EMPORIUM,Supermarket - 819,Scale,Scale,Scale Inspection,Customer Scale - 01,1,1,0,,Complete Address,2910,BROADWAY,,,,ASTORIA,NY,11106,Queens,401,22,4617928,4005867501,QN70,40.76263583,-73.92681763
A0174620,INS-000755177,06/20/2024,2024,BA-1641698-2023,BA-1641698,MEGALANE FOOD CORP,THE FOOD EMPORIUM,Supermarket - 819,Scale,Scale,Scale Inspection,Pre-pack Scale - 01,1,1,0,,Complete Address,2910,BROADWAY,,,,ASTORIA,NY,11106,Queens,401,22,4617928,4005867501,QN70,40.76263583,-73.92681763
A0130717,INS-000658242,08/09/2023,2023,BA-1641698-2023,BA-1641698,MEGALANE FOOD CORP,THE FOOD EMPORIUM,Supermarket - 819,Scale,Scale,Scale Inspection,Computing Scale - 01,12,12,0,,Complete Address,2910,BROADWAY,,,,ASTORIA,NY,11106,Queens,401,22,4617928,4005867501,QN70,40.76263583,-73.92681763
A0210399,INS-000827075,02/04/2025,2025,BA-1073793-2022,BA-1073793,Ao Xin Zhou Supermarket Inc,The Milk Farm,Supermarket - 819,Scale,Scale,Scale Inspection,Customer Scale - 01,1,1,0,,Complete Address,8811,LIBERTY AVE,,,,OZONE PARK,NY,11417,Queens,410,32,4189455,4091080019,QN56,40.67991447,-73.85045296
A0210399,INS-000827075,02/04/2025,2025,BA-1073793-2022,BA-1073793,Ao Xin Zhou Supermarket Inc,The Milk Farm,Supermarket - 819,Scale,Scale,Scale Inspection,Computing Scale - 01,5,5,0,,Complete Address,8811,LIBERTY AVE,,,,OZONE PARK,NY,11417,Queens,410,32,4189455,4091080019,QN56,40.67991447,-73.85045296
A0164982,INS-000736510,04/23/2024,2024,BA-1109175-2022,BA-1109175,89-02 FOOD CORP.,TRADE FAIR,Supermarket - 819,Scale,Scale,Scale Inspection,Computing Scale - 01,9,9,0,,Complete Address,8902,37TH AVE,,,,JACKSON HEIGHTS,NY,11372,Queens,403,21,4036316,4014770001,QN28,40.75044036,-73.87764867
A0164982,INS-000736510,04/23/2024,2024,BA-1109175-2022,BA-1109175,89-02 FOOD CORP.,TRADE FAIR,Supermarket - 819,Scale,Scale,Scale Inspection,Customer Scale - 01,1,1,0,,Complete Address,8902,37TH AVE,,,,JACKSON HEIGHTS,NY,11372,Queens,403,21,4036316,4014770001,QN28,40.75044036,-73.87764867
A0164982,INS-000736510,04/23/2024,2024,BA-1109175-2022,BA-1109175,89-02 FOOD CORP.,TRADE FAIR,Supermarket - 819,Scale,Scale,Scale Inspection,Pre-pack Scale - 01,1,1,0,,Complete Address,8902,37TH AVE,,,,JACKSON HEIGHTS,NY,11372,Queens,403,21,4036316,4014770001,QN28,40.75044036,-73.87764867
A0155457,INS-000716473,02/23/2024,2024,BA-1109175-2022,BA-1109175,89-02 FOOD CORP.,TRADE FAIR,Supermarket - 819,Scale,Scale,Scale Inspection,Computing Scale - 01,5,5,0,,Complete Address,8902,37TH AVE,,,,JACKSON HEIGHTS,NY,11372,Queens,403,21,4036316,4014770001,QN28,40.75044036,-73.87764867
A0206974,INS-000819246,01/10/2025,2025,BA-1109175-2022,BA-1109175,89-02 FOOD CORP.,TRADE FAIR,Supermarket - 819,Scale,Scale,Scale Inspection,Customer Scale - 01,2,2,0,,Complete Address,8902,37TH AVE,,,,JACKSON HEIGHTS,NY,11372,Queens,403,21,4036316,4014770001,QN28,40.75044036,-73.87764867
A0206974,INS-000819246,01/10/2025,2025,BA-1109175-2022,BA-1109175,89-02 FOOD CORP.,TRADE FAIR,Supermarket - 819,Scale,Scale,Scale Inspection,Computing Scale - 01,12,12,0,,Complete Address,8902,37TH AVE,,,,JACKSON HEIGHTS,NY,11372,Queens,403,21,4036316,4014770001,QN28,40.75044036,-73.87764867
A0206974,INS-000819246,01/10/2025,2025,BA-1109175-2022,BA-1109175,89-02 FOOD CORP.,TRADE FAIR,Supermarket - 819,Scale,Scale,Scale Inspection,Pre-pack Scale - 01,2,2,0,,Complete Address,8902,37TH AVE,,,,JACKSON HEIGHTS,NY,11372,Queens,403,21,4036316,4014770001,QN28,40.75044036,-73.87764867
A0157994,INS-000724007,03/12/2024,2024,BA-1725050-2025,BA-1725050,Coro Food Corp.,TRADE FAIR,Supermarket - 819,Scale,Scale,Scale Inspection,Computing Scale - 01,5,5,0,,Complete Address,4911,30TH AVE,,,,WOODSIDE,NY,11377,Queens,401,22,4013921,4007420046,QN63,40.76031073,-73.90733492
A0129339,INS-000655467,07/26/2023,2023,BA-1725050-2025,BA-1725050,Coro Food Corp.,TRADE FAIR,Supermarket - 819,Scale,Scale,Scale Inspection,Computing Scale - 01,9,9,0,,Complete Address,4911,30TH AVE,,,,WOODSIDE,NY,11377,Queens,401,22,4013921,4007420046,QN63,40.76031073,-73.90733492
A0157994,INS-000724007,03/12/2024,2024,BA-1725050-2025,BA-1725050,Coro Food Corp.,TRADE FAIR,Supermarket - 819,Scale,Scale,Scale Inspection,Customer Scale - 01,1,1,0,,Complete Address,4911,30TH AVE,,,,WOODSIDE,NY,11377,Queens,401,22,4013921,4007420046,QN63,40.76031073,-73.90733492
A0157994,INS-000724007,03/12/2024,2024,BA-1725050-2025,BA-1725050,Coro Food Corp.,TRADE FAIR,Supermarket - 819,Scale,Scale,Scale Inspection,Pre-pack Scale - 01,2,2,0,,Complete Address,4911,30TH AVE,,,,WOODSIDE,NY,11377,Queens,401,22,4013921,4007420046,QN63,40.76031073,-73.90733492
A0174513,INS-000754976,06/20/2024,2024,BA-1248176-2022,BA-1248176,CRESCENT FOOD CORPORATION,TRADE FAIR,Supermarket - 819,Scale,Scale,Scale Inspection,Computing Scale - 01,6,6,0,,Complete Address,2355,BROADWAY,,,,ASTORIA,NY,11106,Queens,401,22,4006566,4005670001,QN70,40.76429838,-73.92999977
A0174513,INS-000754976,06/20/2024,2024,BA-1248176-2022,BA-1248176,CRESCENT FOOD CORPORATION,TRADE FAIR,Supermarket - 819,Scale,Scale,Scale Inspection,Pre-pack Scale - 01,5,5,0,,Complete Address,2355,BROADWAY,,,,ASTORIA,NY,11106,Queens,401,22,4006566,4005670001,QN70,40.76429838,-73.92999977
A0194628,INS-000795399,10/18/2024,2024,BA-1248176-2022,BA-1248176,CRESCENT FOOD CORPORATION,TRADE FAIR,Supermarket - 819,Scale,Scale,Scale Inspection,Misc Scale - 01,1,1,0,,Complete Address,2355,BROADWAY,,,,ASTORIA,NY,11106,Queens,401,22,4006566,4005670001,QN70,40.76429838,-73.92999977
A0208338,INS-000821976,01/22/2025,2025,BA-1248176-2022,BA-1248176,CRESCENT FOOD CORPORATION,TRADE FAIR,Supermarket - 819,Scale,Scale,Scale Inspection,Customer Scale - 01,1,1,0,,Complete Address,2355,BROADWAY,,,,ASTORIA,NY,11106,Queens,401,22,4006566,4005670001,QN70,40.76429838,-73.92999977
A0208338,INS-000821976,01/22/2025,2025,BA-1248176-2022,BA-1248176,CRESCENT FOOD CORPORATION,TRADE FAIR,Supermarket - 819,Scale,Scale,Scale Inspection,Computing Scale - 01,5,5,0,,Complete Address,2355,BROADWAY,,,,ASTORIA,NY,11106,Queens,401,22,4006566,4005670001,QN70,40.76429838,-73.92999977
A0208338,INS-000821976,01/22/2025,2025,BA-1248176-2022,BA-1248176,CRESCENT FOOD CORPORATION,TRADE FAIR,Supermarket - 819,Scale,Scale,Scale Inspection,Pre-pack Scale - 01,6,5,1,Confiscated,Complete Address,2355,BROADWAY,,,,ASTORIA,NY,11106,Queens,401,22,4006566,4005670001,QN70,40.76429838,-73.92999977
A0160064,INS-000727937,03/25/2024,2024,BA-1695809-2024,BA-1695809,KAMAL CORPORATION,TRADE FAIR,Supermarket - 819,Scale,Scale,Scale Inspection,Computing Scale - 01,10,10,0,,Complete Address,3008,30TH AVE,,,,ASTORIA,NY,11102,Queens,401,22,4007649,4005930025,QN70,40.76696084,-73.92156744
A0160064,INS-000727937,03/25/2024,2024,BA-1695809-2024,BA-1695809,KAMAL CORPORATION,TRADE FAIR,Supermarket - 819,Scale,Scale,Scale Inspection,Customer Scale - 01,1,1,0,,Complete Address,3008,30TH AVE,,,,ASTORIA,NY,11102,Queens,401,22,4007649,4005930025,QN70,40.76696084,-73.92156744
A0160064,INS-000727937,03/25/2024,2024,BA-1695809-2024,BA-1695809,KAMAL CORPORATION,TRADE FAIR,Supermarket - 819,Scale,Scale,Scale Inspection,Pre-pack Scale - 01,11,11,0,,Complete Address,3008,30TH AVE,,,,ASTORIA,NY,11102,Queens,401,22,4007649,4005930025,QN70,40.76696084,-73.92156744
A0217500,INS-000839310,03/21/2025,2025,BA-1695809-2024,BA-1695809,KAMAL CORPORATION,TRADE FAIR,Supermarket - 819,Scale,Scale,Scale Inspection,Computing Scale - 01,19,19,0,,Complete Address,3008,30TH AVE,,,,ASTORIA,NY,11102,Queens,401,22,4007649,4005930025,QN70,40.76696084,-73.92156744
A0167035,INS-000739939,05/02/2024,2024,BA-1465009-2022,BA-1465009,ZIAD FOOD CORP.,TRADE FAIR,Supermarket - 819,Scale,Scale,Scale Inspection,Computing Scale - 01,9,9,0,,Complete Address,2220,36TH AVE,,,,ASTORIA,NY,11106,Queens,401,26,4004261,4003470016,QN68,40.75931444,-73.93559638
A0167035,INS-000739939,05/02/2024,2024,BA-1465009-2022,BA-1465009,ZIAD FOOD CORP.,TRADE FAIR,Supermarket - 819,Scale,Scale,Scale Inspection,Customer Scale - 01,1,1,0,,Complete Address,2220,36TH AVE,,,,ASTORIA,NY,11106,Queens,401,26,4004261,4003470016,QN68,40.75931444,-73.93559638
A0167035,INS-000739939,05/02/2024,2024,BA-1465009-2022,BA-1465009,ZIAD FOOD CORP.,TRADE FAIR,Supermarket - 819,Scale,Scale,Scale Inspection,Pre-pack Scale - 01,3,3,0,,Complete Address,2220,36TH AVE,,,,ASTORIA,NY,11106,Queens,401,26,4004261,4003470016,QN68,40.75931444,-73.93559638
A0178840,INS-000753179,07/18/2024,2024,BA-1338643-2022,BA-1338643,LOREEN FOOD CORP.,TRADE FAIR SUPERMARKETS,Supermarket - 819,Scale,Scale,Scale Inspection,Computing Scale - 01,15,15,0,,Complete Address,3711,DITMARS BLVD,,,,ASTORIA,NY,11105,Queens,401,22,4015999,4008080001,QN72,40.77375722,-73.90732704
A0210518,INS-000827269,02/05/2025,2025,BA-1338643-2022,BA-1338643,LOREEN FOOD CORP.,TRADE FAIR SUPERMARKETS,Supermarket - 819,Scale,Scale,Scale Inspection,Computing Scale - 01,10,10,0,,Complete Address,3711,DITMARS BLVD,,,,ASTORIA,NY,11105,Queens,401,22,4015999,4008080001,QN72,40.77375722,-73.90732704
A0210518,INS-000827269,02/05/2025,2025,BA-1338643-2022,BA-1338643,LOREEN FOOD CORP.,TRADE FAIR SUPERMARKETS,Supermarket - 819,Scale,Scale,Scale Inspection,Customer Scale - 01,2,2,0,,Complete Address,3711,DITMARS BLVD,,,,ASTORIA,NY,11105,Queens,401,22,4015999,4008080001,QN72,40.77375722,-73.90732704
A0210518,INS-000827269,02/05/2025,2025,BA-1338643-2022,BA-1338643,LOREEN FOOD CORP.,TRADE FAIR SUPERMARKETS,Supermarket - 819,Scale,Scale,Scale Inspection,Pre-pack Scale - 01,6,6,0,,Complete Address,3711,DITMARS BLVD,,,,ASTORIA,NY,11105,Queens,401,22,4015999,4008080001,QN72,40.77375722,-73.90732704
A0181014,INS-000768814,08/01/2024,2024,BA-1704430-2024,BA-1704430,TRADER JOE'S COMPANY,Trader Joe’s #547,Supermarket - 819,Scale,Scale,Scale Inspection,Computing Scale - 01,29,29,0,,Complete Address,445,GOLD STREET,,,,BROOKLYN,NY,11201,Brooklyn,302,33,3397861,3001497501,BK38,40.6908331,-73.98345227
A0204706,INS-000814862,12/20/2024,2024,BA-1526773-2022,BA-1526773,TRADER JOES EAST INC.,TRADER JOES # 545,Supermarket - 819,Scale,Scale,Scale Inspection,Computing Scale - 01,1,1,0,,Complete Address,670,COLUMBUS AVE,,,,NEW YORK,NY,10025,Manhattan,107,7,1032526,1012237503,MN12,40.79067596,-73.96912284
A0202067,INS-000809991,12/04/2024,2024,BA-1470403-2022,BA-1470403,"MPM ENTERPRISES, INC.",UNION MARKET,Supermarket - 819,Scale,Scale,Scale Inspection,Computing Scale - 01,9,9,0,,Complete Address,754,UNION ST,,,,BROOKLYN,NY,11215,Brooklyn,306,39,3020180,3009570003,BK37,40.67536536,-73.97779607
A0141950,INS-000687139,11/03/2023,2023,BA-1470403-2022,BA-1470403,"MPM ENTERPRISES, INC.",UNION MARKET,Supermarket - 819,Scale,Scale,Scale Inspection,Computing Scale - 01,8,8,0,,Complete Address,754,UNION ST,,,,BROOKLYN,NY,11215,Brooklyn,306,39,3020180,3009570003,BK37,40.67536536,-73.97779607
A0163238,INS-000733430,04/11/2024,2024,BA-1688176-2024,BA-1688176,BROOKLYN VILLAGERS CORP.,VILLAGER FARMERS MARKET,Supermarket - 819,Scale,Scale,Scale Inspection,Computing Scale - 01,5,5,0,,Complete Address,1035,CONEY ISLAND AVE,,,,BROOKLYN,NY,11230,Brooklyn,314,45,3382135,3052327501,BK42,40.63251393,-73.96682897
A0146679,INS-000695992,12/12/2023,2023,BA-1680614-2023,BA-1680614,WALFOOD INCORPORATED,WALFOOD SUPERMARKET,Supermarket - 819,Scale,Scale,Scale Inspection,Computing Scale - 01,12,12,0,,Complete Address,3920,BELL BLVD,,,,BAYSIDE,NY,11361,Queens,411,19,4458114,4062370001,QN46,40.76500753,-73.77174121
A0146679,INS-000695992,12/12/2023,2023,BA-1680614-2023,BA-1680614,WALFOOD INCORPORATED,WALFOOD SUPERMARKET,Supermarket - 819,Scale,Scale,Scale Inspection,Pre-pack Scale - 01,2,2,0,,Complete Address,3920,BELL BLVD,,,,BAYSIDE,NY,11361,Queens,411,19,4458114,4062370001,QN46,40.76500753,-73.77174121
A0206444,INS-000818217,01/07/2025,2025,BA-1680614-2023,BA-1680614,WALFOOD INCORPORATED,WALFOOD SUPERMARKET,Supermarket - 819,Scale,Scale,Scale Inspection,Computing Scale - 01,11,11,0,,Complete Address,3920,BELL BLVD,,,,BAYSIDE,NY,11361,Queens,411,19,4458114,4062370001,QN46,40.76500753,-73.77174121
A0206444,INS-000818217,01/07/2025,2025,BA-1680614-2023,BA-1680614,WALFOOD INCORPORATED,WALFOOD SUPERMARKET,Supermarket - 819,Scale,Scale,Scale Inspection,Pre-pack Scale - 01,2,2,0,,Complete Address,3920,BELL BLVD,,,,BAYSIDE,NY,11361,Queens,411,19,4458114,4062370001,QN46,40.76500753,-73.77174121
A0208529,INS-000822288,01/23/2025,2025,BA-1110417-2022,BA-1110417,123 FRESH MARKET INC,WEST INDIAN FARM MARKET,Supermarket - 819,Scale,Scale,Scale Inspection,Computing Scale - 01,7,7,0,,Complete Address,12302,LIBERTY AVE,,,,S RICHMOND HL,NY,11419,Queens,410,28,4204455,4095770001,QN55,40.68757927,-73.82068442
A0158236,INS-000724443,03/13/2024,2024,BA-1629439-2023,BA-1629439,"WESTERN BEEF RETAIL, INC.",WESTERN BEEF,Supermarket - 819,Scale,Scale,Scale Inspection,Computing Scale - 01,5,5,0,,Complete Address,14535,ROCKAWAY BLVD,,,,JAMAICA,NY,11436,Queens,412,28,4261643,4120490114,QN76,40.6735607,-73.79235412
A0170733,INS-000745781,05/23/2024,2024,BA-1629439-2023,BA-1629439,"WESTERN BEEF RETAIL, INC.",WESTERN BEEF,Supermarket - 819,Scale,Scale,Scale Inspection,Computing Scale - 01,2,2,0,,Complete Address,14535,ROCKAWAY BLVD,,,,JAMAICA,NY,11436,Queens,412,28,4261643,4120490114,QN76,40.6735607,-73.79235412
A0129937,INS-000656800,08/02/2023,2023,BA-1629439-2023,BA-1629439,"WESTERN BEEF RETAIL, INC.",WESTERN BEEF,Supermarket - 819,Scale,Scale,Scale Inspection,Computing Scale - 01,5,5,0,,Complete Address,14535,ROCKAWAY BLVD,,,,JAMAICA,NY,11436,Queens,412,28,4261643,4120490114,QN76,40.6735607,-73.79235412
A0153191,INS-000710131,02/05/2024,2024,BA-1554441-2022,BA-1554441,"WESTERN BEEF RETAIL, INC.",WESTERN BEEF,Supermarket - 819,Scale,Scale,Scale Inspection,Computing Scale - 01,18,18,0,,Complete Address,4705,METROPOLITAN AVE,,,,RIDGEWOOD,NY,11385,Queens,405,30,4059024,4026110480,QN30,40.71381078,-73.92059471
A0185460,INS-000771564,08/28/2024,2024,BA-1549796-2022,BA-1549796,WESTERN BEEF RETAIL INC,WESTERN BEEF RETAIL INC,Supermarket - 819,Scale,Scale,Scale Inspection,Computing Scale - 01,1,1,0,,Complete Address,3629,WHITE PLAINS RD,,,,BRONX,NY,10467,Bronx,212,12,2129019,2046477501,BX44,40.87995235,-73.8649163
A0174811,INS-000755549,06/21/2024,2024,BA-1549796-2022,BA-1549796,WESTERN BEEF RETAIL INC,WESTERN BEEF RETAIL INC,Supermarket - 819,Scale,Scale,Scale Inspection,Computing Scale - 01,12,12,0,,Complete Address,3629,WHITE PLAINS RD,,,,BRONX,NY,10467,Bronx,212,12,2129019,2046477501,BX44,40.87995235,-73.8649163
A0209317,INS-000822413,01/29/2025,2025,BA-1616765-2023,BA-1616765,1407 WESTSIDE MARKET  LLC,WESTSIDE MARKET,Supermarket - 819,Scale,Scale,Scale Inspection,Computing Scale - 01,1,1,0,,Complete Address,1407,LEXINGTON AVE,,,,NEW YORK,NY,10128,Manhattan,108,5,1048344,1015210020,MN40,40.78344899,-73.95268543
A0156241,INS-000720721,02/28/2024,2024,BA-1623792-2023,BA-1623792,170 WESTSIDE MARKET LLC,WESTSIDE MARKET,Supermarket - 819,Scale,Scale,Scale Inspection,Computing Scale - 01,16,16,0,,Complete Address,170,W 23RD ST,,,,NEW YORK,NY,10011,Manhattan,104,3,1068238,1007987502,MN13,40.74367628,-73.99465534
A0208302,INS-000821918,01/22/2025,2025,BA-1623792-2023,BA-1623792,170 WESTSIDE MARKET LLC,WESTSIDE MARKET,Supermarket - 819,Scale,Scale,Scale Inspection,Computing Scale - 01,15,15,0,,Complete Address,170,W 23RD ST,,,,NEW YORK,NY,10011,Manhattan,104,3,1068238,1007987502,MN13,40.74367628,-73.99465534
A0187772,INS-000782368,09/12/2024,2024,BA-1123145-2022,BA-1123145,2589 WESTSIDE MARKET LLC,WESTSIDE MARKET,Supermarket - 819,Scale,Scale,Scale Inspection,Computing Scale - 01,28,28,0,,Complete Address,2589,BROADWAY,,,,NEW YORK,NY,10025,Manhattan,107,7,1056384,1018697503,MN12,40.79564717,-73.9710672
A0153990,INS-000715817,02/09/2024,2024,BA-1684645-2024,BA-1684645,"74-84 WESTSIDE MARKET, LLC",WESTSIDE MARKET,Supermarket - 819,Scale,Scale,Scale Inspection,Computing Scale - 01,24,24,0,,Complete Address,84,3RD AVE,,,,NEW YORK,NY,10003,Manhattan,103,2,1088780,1005567502,MN22,40.73182671,-73.98826261
A0207918,INS-000820958,01/16/2025,2025,BA-1684645-2024,BA-1684645,"74-84 WESTSIDE MARKET, LLC",WESTSIDE MARKET,Supermarket - 819,Scale,Scale,Scale Inspection,Computing Scale - 01,22,22,0,,Complete Address,84,3RD AVE,,,,NEW YORK,NY,10003,Manhattan,103,2,1088780,1005567502,MN22,40.73182671,-73.98826261
A0201723,INS-000810830,12/03/2024,2024,BA-1480314-2022,BA-1480314,WHOLE FOODS MARKET GROUP INC,WHOLE FOODS MARKET,Supermarket - 819,Scale,Scale,Scale Inspection,Computing Scale - 01,58,58,0,,Complete Address,238,BEDFORD AVE,,,,BROOKLYN,NY,11249,Brooklyn,301,34,3062367,3023510006,BK73,40.71609002,-73.95961241
A0200213,INS-000806293,11/21/2024,2024,BA-1539615-2022,BA-1539615,WHOLE FOODS MARKET GROUP INC,WHOLE FOODS MARKET,Supermarket - 819,Scale,Scale,Scale Inspection,Computing Scale - 01,14,14,0,,Complete Address,167,41ST ST,,,,BROOKLYN,NY,11232,Brooklyn,307,38,3337106,3007060001,BK32,40.65464374,-74.01251309
A0201146,INS-000808227,11/27/2024,2024,BA-1566730-2022,BA-1566730,WHOLE FOODS MARKET GROUP INC,WHOLE FOODS MARKET,Supermarket - 819,Scale,Scale,Scale Inspection,Computing Scale - 01,45,45,0,,Complete Address,214,3RD ST,,,,BROOKLYN,NY,11215,Brooklyn,306,39,3397192,3009780016,BK37,40.67542733,-73.98875202
A0201146,INS-000808227,11/27/2024,2024,BA-1566730-2022,BA-1566730,WHOLE FOODS MARKET GROUP INC,WHOLE FOODS MARKET,Supermarket - 819,Scale,Scale,Scale Inspection,Customer Scale - 01,4,4,0,,Complete Address,214,3RD ST,,,,BROOKLYN,NY,11215,Brooklyn,306,39,3397192,3009780016,BK37,40.67542733,-73.98875202
A0201146,INS-000808227,11/27/2024,2024,BA-1566730-2022,BA-1566730,WHOLE FOODS MARKET GROUP INC,WHOLE FOODS MARKET,Supermarket - 819,Scale,Scale,Scale Inspection,Pre-pack Scale - 01,6,6,0,,Complete Address,214,3RD ST,,,,BROOKLYN,NY,11215,Brooklyn,306,39,3397192,3009780016,BK37,40.67542733,-73.98875202
A0129096,INS-000653570,07/21/2023,2023,BA-1566730-2022,BA-1566730,WHOLE FOODS MARKET GROUP INC,WHOLE FOODS MARKET,Supermarket - 819,Scale,Scale,Scale Inspection,Computing Scale - 01,61,61,0,,Complete Address,214,3RD ST,,,,BROOKLYN,NY,11215,Brooklyn,306,39,3397192,3009780016,BK37,40.67542733,-73.98875202
A0133014,INS-000662293,08/25/2023,2023,BA-1480314-2022,BA-1480314,WHOLE FOODS MARKET GROUP INC,WHOLE FOODS MARKET,Supermarket - 819,Scale,Scale,Scale Inspection,Computing Scale - 01,62,62,0,,Complete Address,238,BEDFORD AVE,,,,BROOKLYN,NY,11249,Brooklyn,301,34,3062367,3023510006,BK73,40.71609002,-73.95961241
A0142628,INS-000685833,11/14/2023,2023,BA-1480314-2022,BA-1480314,WHOLE FOODS MARKET GROUP INC,WHOLE FOODS MARKET,Supermarket - 819,Scale,Scale,Scale Inspection,Computing Scale - 01,1,1,0,,Complete Address,238,BEDFORD AVE,,,,BROOKLYN,NY,11249,Brooklyn,301,34,3062367,3023510006,BK73,40.71609002,-73.95961241
A0138078,INS-000678252,10/04/2023,2023,BA-1480314-2022,BA-1480314,WHOLE FOODS MARKET GROUP INC,WHOLE FOODS MARKET,Supermarket - 819,Scale,Scale,Scale Inspection,Computing Scale - 01,17,17,0,,Complete Address,238,BEDFORD AVE,,,,BROOKLYN,NY,11249,Brooklyn,301,34,3062367,3023510006,BK73,40.71609002,-73.95961241
A0163227,INS-000733406,04/11/2024,2024,BA-1538424-2022,BA-1538424,WHOLE FOODS MARKET GROUP INC,WHOLE FOODS MARKET,Supermarket - 819,Scale,Scale,Scale Inspection,Customer Scale - 01,2,2,0,,Complete Address,250,7TH AVE,,,,NEW YORK,NY,10001,Manhattan,104,3,1014176,1007747501,MN13,40.74501848,-73.99498364
A0185421,INS-000777928,08/28/2024,2024,BA-1566622-2022,BA-1566622,WHOLE FOODS MARKET GROUP INC,WHOLE FOODS MARKET,Supermarket - 819,Scale,Scale,Scale Inspection,Customer Scale - 01,3,3,0,,Complete Address,808,COLUMBUS AVE,,,,NEW YORK,NY,10025,Manhattan,107,7,1088432,1018527501,MN12,40.79456719,-73.96628956
A0185421,INS-000777928,08/28/2024,2024,BA-1566622-2022,BA-1566622,WHOLE FOODS MARKET GROUP INC,WHOLE FOODS MARKET,Supermarket - 819,Scale,Scale,Scale Inspection,Pre-pack Scale - 01,9,9,0,,Complete Address,808,COLUMBUS AVE,,,,NEW YORK,NY,10025,Manhattan,107,7,1088432,1018527501,MN12,40.79456719,-73.96628956
A0168962,INS-000743732,05/14/2024,2024,BA-1559940-2022,BA-1559940,WHOLE FOODS MARKET GROUP INC,WHOLE FOODS MARKET,Supermarket - 819,Scale,Scale,Scale Inspection,Computing Scale - 01,36,36,0,,Complete Address,226,E 57TH ST,,,,NEW YORK,NY,10022,Manhattan,106,4,1088892,1013300013,MN19,40.75989854,-73.966715
A0174705,INS-000755326,06/21/2024,2024,BA-1546723-2022,BA-1546723,WHOLE FOODS MARKET GROUP INC,WHOLE FOODS MARKET,Supermarket - 819,Scale,Scale,Scale Inspection,Computing Scale - 01,40,40,0,,Complete Address,1551,3RD AVE,,,,NEW YORK,NY,10128,Manhattan,108,5,1048809,1015330001,MN32,40.77963683,-73.9533778
A0191554,INS-000789125,10/02/2024,2024,BA-1546723-2022,BA-1546723,WHOLE FOODS MARKET GROUP INC,WHOLE FOODS MARKET,Supermarket - 819,Scale,Scale,Scale Inspection,Customer Scale - 01,1,1,0,,Complete Address,1551,3RD AVE,,,,NEW YORK,NY,10128,Manhattan,108,5,1048809,1015330001,MN32,40.77963683,-73.9533778
A0185421,INS-000777928,08/28/2024,2024,BA-1566622-2022,BA-1566622,WHOLE FOODS MARKET GROUP INC,WHOLE FOODS MARKET,Supermarket - 819,Scale,Scale,Scale Inspection,Computing Scale - 01,29,29,0,,Complete Address,808,COLUMBUS AVE,,,,NEW YORK,NY,10025,Manhattan,107,7,1088432,1018527501,MN12,40.79456719,-73.96628956
A0191554,INS-000789125,10/02/2024,2024,BA-1546723-2022,BA-1546723,WHOLE FOODS MARKET GROUP INC,WHOLE FOODS MARKET,Supermarket - 819,Scale,Scale,Scale Inspection,Pre-pack Scale - 01,2,2,0,,Complete Address,1551,3RD AVE,,,,NEW YORK,NY,10128,Manhattan,108,5,1048809,1015330001,MN32,40.77963683,-73.9533778
A0185476,INS-000778015,08/28/2024,2024,BA-1548357-2022,BA-1548357,WHOLE FOODS MARKET GROUP INC,WHOLE FOODS MARKET,Supermarket - 819,Scale,Scale,Scale Inspection,Computing Scale - 01,64,64,0,,Complete Address,270,GREENWICH ST,,,,NEW YORK,NY,10007,Manhattan,101,1,1087170,1001427501,MN24,40.71538293,-74.01118619
A0163227,INS-000733406,04/11/2024,2024,BA-1538424-2022,BA-1538424,WHOLE FOODS MARKET GROUP INC,WHOLE FOODS MARKET,Supermarket - 819,Scale,Scale,Scale Inspection,Computing Scale - 01,28,28,0,,Complete Address,250,7TH AVE,,,,NEW YORK,NY,10001,Manhattan,104,3,1014176,1007747501,MN13,40.74501848,-73.99498364
A0163227,INS-000733406,04/11/2024,2024,BA-1538424-2022,BA-1538424,WHOLE FOODS MARKET GROUP INC,WHOLE FOODS MARKET,Supermarket - 819,Scale,Scale,Scale Inspection,Pre-pack Scale - 01,13,13,0,,Complete Address,250,7TH AVE,,,,NEW YORK,NY,10001,Manhattan,104,3,1014176,1007747501,MN13,40.74501848,-73.99498364
A0161078,INS-000729608,03/29/2024,2024,BA-1552905-2022,BA-1552905,WHOLE FOODS MARKET GROUP INC,WHOLE FOODS MARKET,Supermarket - 819,Scale,Scale,Scale Inspection,Computing Scale - 01,74,74,0,,Complete Address,10,COLUMBUS CIR,,,,NEW YORK,NY,10019,Manhattan,104,6,1026318,1010497501,MN14,40.76827346,-73.98231027
A0134404,INS-000662731,09/07/2023,2023,BA-1552905-2022,BA-1552905,WHOLE FOODS MARKET GROUP INC,WHOLE FOODS MARKET,Supermarket - 819,Scale,Scale,Scale Inspection,Computing Scale - 01,7,7,0,,Complete Address,10,COLUMBUS CIR,,,,NEW YORK,NY,10019,Manhattan,104,6,1026318,1010497501,MN14,40.76827346,-73.98231027
A0211619,INS-000829361,02/12/2025,2025,BA-1538424-2022,BA-1538424,WHOLE FOODS MARKET GROUP INC,WHOLE FOODS MARKET,Supermarket - 819,Scale,Scale,Scale Inspection,Computing Scale - 01,45,45,0,,Complete Address,250,7TH AVE,,,,NEW YORK,NY,10001,Manhattan,104,3,1014176,1007747501,MN13,40.74501848,-73.99498364
A0202971,INS-000811616,12/10/2024,2024,BA-1526922-2022,BA-1526922,WHOLE FOODS MARKET GROUP INC.,WHOLE FOODS MARKET,Supermarket - 819,Scale,Scale,Scale Inspection,Computing Scale - 01,40,40,0,,Complete Address,292,ASHLAND PL,,,,BROOKLYN,NY,11217,Brooklyn,302,35,3428715,3021107501,BK68,40.68643509,-73.97814214
A0202549,INS-000810793,12/06/2024,2024,BA-1715797-2024,BA-1715797,"WHOLE FOODS MARKET GROUP, INC.",WHOLE FOODS MARKET DAILY SHOP,Supermarket - 819,Scale,Scale,Scale Inspection,Computing Scale - 01,13,13,0,,Complete Address,1175,3RD AVE,,,,NEW YORK,NY,10065,Manhattan,108,5,1043902,1014237501,MN31,40.76740131,-73.96229971
A0212680,INS-000831050,02/20/2025,2025,BA-1715797-2024,BA-1715797,"WHOLE FOODS MARKET GROUP, INC.",WHOLE FOODS MARKET DAILY SHOP,Supermarket - 819,Scale,Scale,Scale Inspection,Computing Scale - 01,16,16,0,,Complete Address,1175,3RD AVE,,,,NEW YORK,NY,10065,Manhattan,108,5,1043902,1014237501,MN31,40.76740131,-73.96229971
A0181604,INS-000769937,08/06/2024,2024,BA-1670237-2023,BA-1670237,132 WYCKOFF FOOD F & S CORP,WINDSOR FARMS MARKET,Supermarket - 819,Scale,Scale,Scale Inspection,Computing Scale - 01,12,12,0,,Complete Address,132,WYCKOFF AVE,,,,BROOKLYN,NY,11237,Brooklyn,304,37,3074542,3032700031,BK77,40.70328525,-73.91760292
A0210320,INS-000828982,02/04/2025,2025,BA-1242079-2022,BA-1242079,FRESH AND SAVE FOOD CORP,Windsor Farms Market,Supermarket - 819,Scale,Scale,Scale Inspection,Pre-pack Scale - 01,3,3,0,,Complete Address,589,PROSPECT AVE,,,,BROOKLYN,NY,11215,Brooklyn,307,39,3027435,3011160043,BK40,40.65668172,-73.97817351
A0210320,INS-000828982,02/04/2025,2025,BA-1242079-2022,BA-1242079,FRESH AND SAVE FOOD CORP,Windsor Farms Market,Supermarket - 819,Scale,Scale,Scale Inspection,Computing Scale - 01,11,11,0,,Complete Address,589,PROSPECT AVE,,,,BROOKLYN,NY,11215,Brooklyn,307,39,3027435,3011160043,BK40,40.65668172,-73.97817351
A0205651,INS-000816729,12/31/2024,2024,BA-1717861-2024,BA-1717861,HLBK SUPERMARKET INC.,YAOFEI DAI,Supermarket - 819,Scale,Scale,Scale Inspection,Customer Scale - 01,1,1,0,,Complete Address,6722,FORT HAMILTON PKWY,,,,BROOKLYN,NY,11219,Brooklyn,310,38,3142707,3057640001,BK30,40.62950441,-74.01093042
A0205651,INS-000816729,12/31/2024,2024,BA-1717861-2024,BA-1717861,HLBK SUPERMARKET INC.,YAOFEI DAI,Supermarket - 819,Scale,Scale,Scale Inspection,Pre-pack Scale - 01,2,2,0,,Complete Address,6722,FORT HAMILTON PKWY,,,,BROOKLYN,NY,11219,Brooklyn,310,38,3142707,3057640001,BK30,40.62950441,-74.01093042
A0205651,INS-000816729,12/31/2024,2024,BA-1717861-2024,BA-1717861,HLBK SUPERMARKET INC.,YAOFEI DAI,Supermarket - 819,Scale,Scale,Scale Inspection,Computing Scale - 01,17,17,0,,Complete Address,6722,FORT HAMILTON PKWY,,,,BROOKLYN,NY,11219,Brooklyn,310,38,3142707,3057640001,BK30,40.62950441,-74.01093042
A0141982,INS-000686831,11/03/2023,2023,BA-959326-2022,BA-959326-,"1040 SHERMAN AVE. SUPERMARKET, INC.",,Supermarket - 819,Scale - Condemned Follow-up,Scale,Scale Inspection,Computing Scale - 01,1,1,0,,Complete Address,1040,SHERMAN AVE,,,,BRONX,NY,10456,Bronx,204,16,2115819,2024510001,BX14,40.83025725,-73.91795158
A0202554,INS-000810801,12/06/2024,2024,BA-1027553-2022,BA-1027553,109 MEAT & PRODUCE CORP.,,Supermarket - 819,Scale,Scale,Scale Inspection,Computing Scale - 01,3,3,0,,Complete Address,10901,37TH AVE,,,,CORONA,NY,11368,Queens,403,21,4043673,4017530072,QN26,40.75395353,-73.8583898
A0202554,INS-000810801,12/06/2024,2024,BA-1027553-2022,BA-1027553,109 MEAT & PRODUCE CORP.,,Supermarket - 819,Scale,Scale,Scale Inspection,Customer Scale - 01,1,1,0,,Complete Address,10901,37TH AVE,,,,CORONA,NY,11368,Queens,403,21,4043673,4017530072,QN26,40.75395353,-73.8583898
A0202554,INS-000810801,12/06/2024,2024,BA-1027553-2022,BA-1027553,109 MEAT & PRODUCE CORP.,,Supermarket - 819,Scale,Scale,Scale Inspection,Pre-pack Scale - 01,2,2,0,,Complete Address,10901,37TH AVE,,,,CORONA,NY,11368,Queens,403,21,4043673,4017530072,QN26,40.75395353,-73.8583898
A0139463,INS-000682882,10/17/2023,2023,BA-1027553-2022,BA-1027553,109 MEAT & PRODUCE CORP.,,Supermarket - 819,Scale,Scale,Scale Inspection,Computing Scale - 01,7,7,0,,Complete Address,10901,37TH AVE,,,,CORONA,NY,11368,Queens,403,21,4043673,4017530072,QN26,40.75395353,-73.8583898
A0137550,INS-000679502,09/29/2023,2023,BA-1112942-2022,BA-1112942,11 UM FOOD CORP.,,Supermarket - 819,Scale,Scale,Scale Inspection,Computing Scale - 01,12,12,0,,Complete Address,11,BROADWAY,,,,BROOKLYN,NY,11249,Brooklyn,301,33,3397615,3024687501,BK73,40.71081459,-73.96839153
A0151595,INS-000707530,01/24/2024,2024,BA-1112942-2022,BA-1112942,11 UM FOOD CORP.,,Supermarket - 819,Scale,Scale,Scale Inspection,Computing Scale - 01,13,13,0,,Complete Address,11,BROADWAY,,,,BROOKLYN,NY,11249,Brooklyn,301,33,3397615,3024687501,BK73,40.71081459,-73.96839153
A0202408,INS-000810538,12/05/2024,2024,BA-1121903-2022,BA-1121903,1115 PENNSYLVANIA MEAT CORP.,,Supermarket - 819,Scale,Scale,Scale Inspection,Computing Scale - 01,13,13,0,,Complete Address,1115,PENNSYLVANIA AVE,,,,BROOKLYN,NY,11207,Brooklyn,305,42,3098070,3044130001,BK82,40.65336172,-73.88672121
A0131100,INS-000658843,08/11/2023,2023,BA-1112199-2022,BA-1112199,116-15 GMV CORP.,,Supermarket - 819,Scale,Scale,Scale Inspection,Computing Scale - 01,6,6,0,,Complete Address,11615,METROPOLITAN AVE,,,,RICHMOND HILL,NY,11418,Queens,409,29,4079441,4033240054,QN60,40.70729507,-73.83545195
A0212301,INS-000830463,02/18/2025,2025,BA-1112199-2022,BA-1112199,116-15 GMV CORP.,,Supermarket - 819,Scale,Scale,Scale Inspection,Computing Scale - 01,6,5,1,Confiscated,Complete Address,11615,METROPOLITAN AVE,,,,RICHMOND HILL,NY,11418,Queens,409,29,4079441,4033240054,QN60,40.70729507,-73.83545195
A0134227,INS-000664346,09/06/2023,2023,BA-1023832-2022,BA-1023832,119 MEAT & PRODUCE INC,,Supermarket - 819,Scale,Scale,Scale Inspection,Computing Scale - 01,11,11,0,,Complete Address,119,EINSTEIN LOOP,,,,BRONX,NY,10475,Bronx,210,12,2095160,2051350210,BX13,40.8647539,-73.82168539
A0169725,INS-000745276,05/16/2024,2024,BA-1130476-2022,BA-1130476,1225 Amsterdam Market LLC,,Supermarket - 819,Scale,Scale,Scale Inspection,Computing Scale - 01,4,4,0,,Complete Address,1225,AMSTERDAM AVE,,,,NEW YORK,NY,10027,Manhattan,109,7,1059515,1019630001,MN09,40.80954007,-73.95905359
A0169725,INS-000745276,05/16/2024,2024,BA-1130476-2022,BA-1130476,1225 Amsterdam Market LLC,,Supermarket - 819,Scale,Scale,Scale Inspection,Customer Scale - 01,1,1,0,,Complete Address,1225,AMSTERDAM AVE,,,,NEW YORK,NY,10027,Manhattan,109,7,1059515,1019630001,MN09,40.80954007,-73.95905359
A0169725,INS-000745276,05/16/2024,2024,BA-1130476-2022,BA-1130476,1225 Amsterdam Market LLC,,Supermarket - 819,Scale,Scale,Scale Inspection,Pre-pack Scale - 01,1,1,0,,Complete Address,1225,AMSTERDAM AVE,,,,NEW YORK,NY,10027,Manhattan,109,7,1059515,1019630001,MN09,40.80954007,-73.95905359
A0157166,INS-000722583,03/06/2024,2024,BA-1040866-2022,BA-1040866,130-10 FOOD CORP,,Supermarket - 819,Scale,Scale,Scale Inspection,Computing Scale - 01,7,7,0,,Complete Address,13010,METROPOLITAN AVE,,,,RICHMOND HILL,NY,11418,Queens,409,29,4193983,4092820002,QN54,40.7035947,-73.82224631
A0157166,INS-000722583,03/06/2024,2024,BA-1040866-2022,BA-1040866,130-10 FOOD CORP,,Supermarket - 819,Scale,Scale,Scale Inspection,Customer Scale - 01,2,2,0,,Complete Address,13010,METROPOLITAN AVE,,,,RICHMOND HILL,NY,11418,Queens,409,29,4193983,4092820002,QN54,40.7035947,-73.82224631
A0157166,INS-000722583,03/06/2024,2024,BA-1040866-2022,BA-1040866,130-10 FOOD CORP,,Supermarket - 819,Scale,Scale,Scale Inspection,Pre-pack Scale - 01,11,11,0,,Complete Address,13010,METROPOLITAN AVE,,,,RICHMOND HILL,NY,11418,Queens,409,29,4193983,4092820002,QN54,40.7035947,-73.82224631
A0130526,INS-000657938,08/08/2023,2023,BA-1040866-2022,BA-1040866,130-10 FOOD CORP,,Supermarket - 819,Scale,Scale,Scale Inspection,Computing Scale - 01,1,1,0,,Complete Address,13010,METROPOLITAN AVE,,,,RICHMOND HILL,NY,11418,Queens,409,29,4193983,4092820002,QN54,40.7035947,-73.82224631
A0171252,INS-000748327,05/28/2024,2024,BA-1108816-2022,BA-1108816,1305 MYRTLE LLC,,Supermarket - 819,Scale,Scale,Scale Inspection,Computing Scale - 01,8,8,0,,Complete Address,1305,MYRTLE AVE,,,,BROOKLYN,NY,11221,Brooklyn,304,34,3073409,3032280025,BK78,40.69798004,-73.92632602
A0202798,INS-000811320,12/09/2024,2024,BA-1119131-2022,BA-1119131,131 DRIGGS SUPERMARKET INC.,,Supermarket - 819,Scale,Scale,Scale Inspection,Computing Scale - 01,10,10,0,,Complete Address,131,DRIGGS AVE,,,,BROOKLYN,NY,11222,Brooklyn,301,33,3067671,3027030019,BK76,40.72311547,-73.94380281
A0129155,INS-000655130,07/21/2023,2023,BA-1123200-2022,BA-1123200,1316 CORP,,Supermarket - 819,Scale,Scale,Scale Inspection,Computing Scale - 01,10,10,0,,Complete Address,1316,AMSTERDAM AVE,,,,NEW YORK,NY,10027,Manhattan,109,7,1084110,1019780001,MN09,40.81251457,-73.95690951
A0175976,INS-000771495,06/26/2024,2024,BA-1701106-2024,BA-1701106,1316 FOOD CORP.,,Supermarket - 819,Scale,Scale,Scale Inspection,Computing Scale - 01,8,8,0,,Complete Address,1316,AMSTERDAM AVE,,,,NEW YORK,NY,10027,Manhattan,109,7,1084110,1019780001,MN09,40.81251457,-73.95690951
A0169622,INS-000745092,05/16/2024,2024,BA-1176398-2022,BA-1176398,134 FRESH MARKET INC.,,Supermarket - 819,Scale,Scale,Scale Inspection,Computing Scale - 01,9,9,0,,Complete Address,13416,LIBERTY AVE,,,,SOUTH RICHMOND HILL,NY,11419,Queens,410,28,4204924,4095880003,QN55,40.6914583,-73.81249198
A0169622,INS-000745092,05/16/2024,2024,BA-1176398-2022,BA-1176398,134 FRESH MARKET INC.,,Supermarket - 819,Scale,Scale,Scale Inspection,Customer Scale - 01,1,1,0,,Complete Address,13416,LIBERTY AVE,,,,SOUTH RICHMOND HILL,NY,11419,Queens,410,28,4204924,4095880003,QN55,40.6914583,-73.81249198
A0182189,INS-000771111,08/08/2024,2024,BA-1124263-2022,BA-1124263,134 LIBERTY AVENUE LLC,,Supermarket - 819,Scale,Scale,Scale Inspection,Computing Scale - 01,6,6,0,,Complete Address,134-02,LIBERTY AVENUE,,,,SOUTH RICHMOND HILL,NY,11419,Queens,410,28,4204922,4095880001,QN55,40.69143648,-73.81257498
A0159956,INS-000727765,03/25/2024,2024,BA-1102304-2022,BA-1102304,135 FUTURE L & M CORP.,,Supermarket - 819,Scale,Scale,Scale Inspection,Customer Scale - 01,1,1,0,,Complete Address,24,W 135TH ST,,,,NEW YORK,NY,10037,Manhattan,110,9,1053894,1017300052,MN03,40.81320901,-73.93875581
A0159956,INS-000727765,03/25/2024,2024,BA-1102304-2022,BA-1102304,135 FUTURE L & M CORP.,,Supermarket - 819,Scale,Scale,Scale Inspection,Computing Scale - 01,4,4,0,,Complete Address,24,W 135TH ST,,,,NEW YORK,NY,10037,Manhattan,110,9,1053894,1017300052,MN03,40.81320901,-73.93875581
A0159956,INS-000727765,03/25/2024,2024,BA-1102304-2022,BA-1102304,135 FUTURE L & M CORP.,,Supermarket - 819,Scale,Scale,Scale Inspection,Pre-pack Scale - 01,2,2,0,,Complete Address,24,W 135TH ST,,,,NEW YORK,NY,10037,Manhattan,110,9,1053894,1017300052,MN03,40.81320901,-73.93875581
A0186445,INS-000779792,09/05/2024,2024,BA-1119305-2022,BA-1119305,1421 Corp,,Supermarket - 819,Scale,Scale,Scale Inspection,Computing Scale - 01,4,4,0,,Complete Address,1423,NOSTRAND AVENUE,,,,BROOKLYN,NY,11226,Brooklyn,317,40,3108546,3048690011,BK95,40.65152356,-73.94964006
A0199527,INS-000805085,11/19/2024,2024,BA-1664090-2023,BA-1664090,1490 MEAT CORP.,,Supermarket - 819,Scale,Scale,Scale Inspection,Computing Scale - 01,8,7,4,Confiscated,Complete Address,1490,CLOVE RD,,,,STATEN ISLAND,NY,10301,Staten Island,501,49,5016628,5006610001,SI07,40.61212335,-74.09912253
A0178618,INS-000763196,07/17/2024,2024,BA-1697576-2024,BA-1697576,1510 MEAT & PRODUCE CORP,,Supermarket - 819,Scale,Scale,Scale Inspection,Computing Scale - 01,10,10,0,,Complete Address,1510,SAINT NICHOLAS AVE,,,,NEW YORK,NY,10033,Manhattan,112,10,1063780,1021570039,MN35,40.8520839,-73.93170027
A0202614,INS-000810892,12/06/2024,2024,BA-1130318-2022,BA-1130318,155 MEAT CORP,,Supermarket - 819,Scale,Scale,Scale Inspection,Computing Scale - 01,12,12,0,,Complete Address,155,BAY ST,,,,STATEN ISLAND,NY,10301,Staten Island,501,49,5149659,5000017502,SI22,40.63821381,-74.07588156
A0209283,INS-000823027,01/28/2025,2025,BA-1130318-2022,BA-1130318,155 MEAT CORP,,Supermarket - 819,Scale,Scale,Scale Inspection,Computing Scale - 01,12,12,0,,Complete Address,155,BAY ST,,,,STATEN ISLAND,NY,10301,Staten Island,501,49,5149659,5000017502,SI22,40.63821381,-74.07588156
A0155281,INS-000718834,02/22/2024,2024,BA-1676154-2023,BA-1676154,1612 Fresh Market Inc.,,Supermarket - 819,Scale,Scale,Scale Inspection,Computing Scale - 01,10,10,0,,Complete Address,1612,WESTCHESTER AVE,,,,BRONX,NY,10472,Bronx,209,18,2024005,2037440001,BX55,40.82939248,-73.87494876
A0135996,INS-000676836,09/19/2023,2023,BA-1008404-2022,BA-1008404,165 YORK FINE FOOD CORP.,,Supermarket - 819,Scale,Scale,Scale Inspection,Computing Scale - 01,4,4,0,,Complete Address,165,YORK ST,,,,BROOKLYN,NY,11201,Brooklyn,302,33,3000139,3000550001,BK38,40.70142527,-73.98426471
A0202372,INS-000810479,12/05/2024,2024,BA-1126466-2022,BA-1126466,18 AVE SUPERMARKET INC.,,Supermarket - 819,Scale,Scale,Scale Inspection,Computing Scale - 01,8,8,0,,Complete Address,1811,86TH ST,,,,BROOKLYN,NY,11214,Brooklyn,311,38,3165761,3063440011,BK28,40.60710466,-74.00237334
A0208324,INS-000821957,01/22/2025,2025,BA-1108449-2022,BA-1108449,180 3RD AVE LLC - 7484 WESTSIDE MARKET LLC,,Supermarket - 819,Scale,Scale,Scale Inspection,Computing Scale - 01,14,14,0,,Complete Address,180,3 AVENUE,,,,NEW YORK,NY,10003,Manhattan,106,2,1017822,1008720035,MN21,40.73502684,-73.98593105
A0149042,INS-000700422,01/03/2024,2024,BA-1682267-2024,BA-1682267,183 MEAT CORP.,,Supermarket - 819,Scale,Scale,Scale Inspection,Computing Scale - 01,4,4,0,,Complete Address,60,W 183RD ST,,,,BRONX,NY,10453,Bronx,205,14,2014529,2032080039,BX36,40.85916932,-73.90624642
A0142417,INS-000686380,11/13/2023,2023,BA-1676884-2023,BA-1676884,1850 FOOD CORP,,Supermarket - 819,Scale,Scale,Scale Inspection,Computing Scale - 01,15,15,0,,Complete Address,1850,JEROME AVE,,,,BRONX,NY,10453,Bronx,205,14,2000000,2028517501,BX41,40.84891374,-73.91147302
A0173611,INS-000753190,06/13/2024,2024,BA-1128649-2022,BA-1128649,19 W. BRONX DELI GROCERY CORP.,,Supermarket - 819,Scale,Scale,Scale Inspection,Computing Scale - 01,6,6,0,,Complete Address,19,W 183RD ST,,,,BRONX,NY,10453,Bronx,207,14,2112707,2031970017,BX40,40.85865206,-73.90472159
A0174714,INS-000764771,06/21/2024,2024,BA-1722159-2025,BA-1722159,191 FOOD CORP.,,Supermarket - 819,Scale,Scale,Scale Inspection,Customer Scale - 01,1,0,1,Confiscated,Complete Address,1617,SAINT NICHOLAS AVE,,,,NEW YORK,NY,10040,Manhattan,112,10,1084422,1021690048,MN35,40.85541452,-73.92928573
A0174714,INS-000764771,06/21/2024,2024,BA-1722159-2025,BA-1722159,191 FOOD CORP.,,Supermarket - 819,Scale,Scale,Scale Inspection,Computing Scale - 01,6,4,1,Confiscated,Complete Address,1617,SAINT NICHOLAS AVE,,,,NEW YORK,NY,10040,Manhattan,112,10,1084422,1021690048,MN35,40.85541452,-73.92928573
A0210569,INS-000827349,02/05/2025,2025,BA-1722159-2025,BA-1722159,191 FOOD CORP.,,Supermarket - 819,Scale,Scale,Scale Inspection,Computing Scale - 01,5,5,0,,Complete Address,1617,SAINT NICHOLAS AVE,,,,NEW YORK,NY,10040,Manhattan,112,10,1084422,1021690048,MN35,40.85541452,-73.92928573
A0150368,INS-000703789,01/17/2024,2024,BA-1079842-2022,BA-1079842,195 WEBSTER MEAT & PRODUCE CORP,,Supermarket - 819,Scale,Scale,Scale Inspection,Computing Scale - 01,3,3,0,,Complete Address,2645,WEBSTER AVE,,,,BRONX,NY,10458,Bronx,207,15,2016372,2032770041,BX06,40.86351807,-73.88897712
A0150368,INS-000703789,01/17/2024,2024,BA-1079842-2022,BA-1079842,195 WEBSTER MEAT & PRODUCE CORP,,Supermarket - 819,Scale,Scale,Scale Inspection,Customer Scale - 01,1,1,0,,Complete Address,2645,WEBSTER AVE,,,,BRONX,NY,10458,Bronx,207,15,2016372,2032770041,BX06,40.86351807,-73.88897712
A0155496,INS-000719266,02/23/2024,2024,BA-1005707-2022,BA-1005707,1966 K FOOD CORP.,,Supermarket - 819,Scale,Scale,Scale Inspection,Computing Scale - 01,11,11,0,,Complete Address,1958,RALPH AVE,,,,BROOKLYN,NY,11234,Brooklyn,318,46,3214956,3077630001,BK58,40.62964063,-73.91834953
A0164287,INS-000735328,04/18/2024,2024,BA-957683-2022,BA-957683-,1967 FLATBUSH FOOD CORP.,,Supermarket - 819,Scale,Scale,Scale Inspection,Computing Scale - 01,8,8,0,,Complete Address,1967,FLATBUSH AVE,,,,BROOKLYN,NY,11234,Brooklyn,318,45,3217261,3078210030,BK58,40.62174677,-73.93592724
A0199124,INS-000804223,11/15/2024,2024,BA-1714393-2024,BA-1714393,1999 FIRST AVE INC,,Supermarket - 819,Scale,Scale,Scale Inspection,Computing Scale - 01,1,1,0,,Complete Address,1999,1ST AVE,,,,NEW YORK,NY,10029,Manhattan,111,8,1086440,1016747501,MN33,40.78759941,-73.94155638
A0183394,INS-000773590,08/15/2024,2024,BA-1108747-2022,BA-1108747,200 MALCOLM X MEAT CORP.,,Supermarket - 819,Scale,Scale,Scale Inspection,Computing Scale - 01,4,4,0,,Complete Address,200,MALCOLM X BLVD,,,,BROOKLYN,NY,11221,Brooklyn,303,36,3045219,3016460043,BK35,40.6865777,-73.92980011
A0183394,INS-000773590,08/15/2024,2024,BA-1108747-2022,BA-1108747,200 MALCOLM X MEAT CORP.,,Supermarket - 819,Scale,Scale,Scale Inspection,Pre-pack Scale - 01,3,3,0,,Complete Address,200,MALCOLM X BLVD,,,,BROOKLYN,NY,11221,Brooklyn,303,36,3045219,3016460043,BK35,40.6865777,-73.92980011
A0199333,INS-000804755,11/13/2024,2024,BA-1568356-2023,BA-1568356,205 MEAT CORP,,Supermarket - 819,Scale,Scale,Scale Inspection,Computing Scale - 01,9,9,0,,Complete Address,205,SMITH ST,,,,BROOKLYN,NY,11201,Brooklyn,306,39,3006352,3003970001,,40.68490528,-73.9916854
A0212847,INS-000831318,02/21/2025,2025,BA-1020547-2022,BA-1020547,206-16 HOLLIS AVE FOOD CORP,,Supermarket - 819,Scale,Scale,Scale Inspection,Computing Scale - 01,4,4,0,,Complete Address,20616,HOLLIS AVE,,,,QUEENS VILLAGE,NY,11429,Queens,413,27,4234386,4109470030,QN34,40.70737377,-73.75092857
A0185843,INS-000778656,08/30/2024,2024,BA-1106424-2022,BA-1106424,"2061 MEAT & PRODUCE, INC.",,Supermarket - 819,Scale,Scale,Scale Inspection,Computing Scale - 01,9,9,0,,Complete Address,2061,BARTOW AVE,,,,BRONX,NY,10475,Bronx,210,12,2097466,2051410100,BX13,40.86949574,-73.82826401
A0182432,INS-000771555,08/09/2024,2024,BA-1704867-2024,BA-1704867,207 MEAT CORP,,Supermarket - 819,Scale,Scale,Scale Inspection,Computing Scale - 01,15,15,0,,Complete Address,3917,WHITE PLAINS RD,,,,BRONX,NY,10466,Bronx,212,12,2062885,2048240001,BX44,40.88629929,-73.86131216
A0182432,INS-000771555,08/09/2024,2024,BA-1704867-2024,BA-1704867,207 MEAT CORP,,Supermarket - 819,Scale,Scale,Scale Inspection,Customer Scale - 01,1,1,0,,Complete Address,3917,WHITE PLAINS RD,,,,BRONX,NY,10466,Bronx,212,12,2062885,2048240001,BX44,40.88629929,-73.86131216
A0194519,INS-000794629,10/18/2024,2024,BA-1704867-2024,BA-1704867,207 MEAT CORP,,Supermarket - 819,Scale,Scale,Scale Inspection,Computing Scale - 01,3,3,0,,Complete Address,3917,WHITE PLAINS RD,,,,BRONX,NY,10466,Bronx,212,12,2062885,2048240001,BX44,40.88629929,-73.86131216
A0178515,INS-000763006,07/17/2024,2024,BA-1118567-2022,BA-1118567,"208 CRESCENT MEAT & PRODUCE, INC.",,Supermarket - 819,Scale,Scale,Scale Inspection,Computing Scale - 01,9,9,0,,Complete Address,208,CRESCENT ST,,,,BROOKLYN,NY,11208,Brooklyn,305,37,3256591,3041300053,BK83,40.68435452,-73.87241199
A0178056,INS-000761963,07/05/2024,2024,BA-1701557-2024,BA-1701557,2080 MARKET CORP,,Supermarket - 819,Scale,Scale,Scale Inspection,Computing Scale - 01,7,7,0,,Complete Address,2080,WHITE PLAINS RD,,,,BRONX,NY,10462,Bronx,211,13,2095028,2042870005,BX49,40.85282977,-73.86774751
A0203480,INS-000812536,12/12/2024,2024,BA-1662097-2023,BA-1662097,20TH AVE SUPERMARKET INC,,Supermarket - 819,Scale,Scale,Scale Inspection,Customer Scale - 01,1,1,0,,Complete Address,8504,20TH AVE,,,,BROOKLYN,NY,11214,Brooklyn,311,38,3339759,3063450038,BK28,40.6051092,-73.99774917
A0203480,INS-000812536,12/12/2024,2024,BA-1662097-2023,BA-1662097,20TH AVE SUPERMARKET INC,,Supermarket - 819,Scale,Scale,Scale Inspection,Computing Scale - 01,8,8,0,,Complete Address,8504,20TH AVE,,,,BROOKLYN,NY,11214,Brooklyn,311,38,3339759,3063450038,BK28,40.6051092,-73.99774917
A0204717,INS-000814883,12/20/2024,2024,BA-1108122-2022,BA-1108122,"2257 EAST 16, CORP.",,Supermarket - 819,Scale,Scale,Scale Inspection,Computing Scale - 01,17,17,0,,Complete Address,2257,E 16TH ST,,,,BROOKLYN,NY,11229,Brooklyn,315,48,3200837,3073770029,BK17,40.59560334,-73.95483139
A0157856,INS-000723771,03/11/2024,2024,BA-1095829-2022,BA-1095829,229 KNICKERBOCKER MEAT CORP.,,Supermarket - 819,Scale,Scale,Scale Inspection,Computing Scale - 01,1,1,0,,Complete Address,229,KNICKERBOCKER AVE,,,,BROOKLYN,NY,11237,Brooklyn,304,34,3072538,3031870001,BK77,40.70301631,-73.92573618
A0157856,INS-000723771,03/11/2024,2024,BA-1095829-2022,BA-1095829,229 KNICKERBOCKER MEAT CORP.,,Supermarket - 819,Scale,Scale,Scale Inspection,Customer Scale - 01,1,1,0,,Complete Address,229,KNICKERBOCKER AVE,,,,BROOKLYN,NY,11237,Brooklyn,304,34,3072538,3031870001,BK77,40.70301631,-73.92573618
A0137553,INS-000679520,09/29/2023,2023,BA-1095829-2022,BA-1095829,229 KNICKERBOCKER MEAT CORP.,,Supermarket - 819,Scale,Scale,Scale Inspection,Computing Scale - 01,12,12,0,,Complete Address,229,KNICKERBOCKER AVE,,,,BROOKLYN,NY,11237,Brooklyn,304,34,3072538,3031870001,BK77,40.70301631,-73.92573618
A0154707,INS-000717495,02/16/2024,2024,BA-1095829-2022,BA-1095829,229 KNICKERBOCKER MEAT CORP.,,Supermarket - 819,Scale,Scale,Scale Inspection,Computing Scale - 01,13,12,3,Confiscated,Complete Address,229,KNICKERBOCKER AVE,,,,BROOKLYN,NY,11237,Brooklyn,304,34,3072538,3031870001,BK77,40.70301631,-73.92573618
A0171688,INS-000749328,05/30/2024,2024,BA-999207-2022,BA-999207-,2330 MEAT & PRODUCE CORP.,,Supermarket - 819,Scale,Scale,Scale Inspection,Pre-pack Scale - 01,1,1,0,,Complete Address,2330,1ST AVE,,,,NEW YORK,NY,10035,Manhattan,111,8,1054882,1018070048,MN34,40.79827767,-73.93373112
A0171688,INS-000749328,05/30/2024,2024,BA-999207-2022,BA-999207-,2330 MEAT & PRODUCE CORP.,,Supermarket - 819,Scale,Scale,Scale Inspection,Computing Scale - 01,5,5,0,,Complete Address,2330,1ST AVE,,,,NEW YORK,NY,10035,Manhattan,111,8,1054882,1018070048,MN34,40.79827767,-73.93373112
A0162293,INS-000731768,04/05/2024,2024,BA-1102863-2022,BA-1102863,2358 Meat Corp,,Supermarket - 819,Scale,Scale,Scale Inspection,Computing Scale - 01,9,8,6,Confiscated,Complete Address,2358,UNIVERSITY AVE,,,,BRONX,NY,10468,Bronx,207,14,2014612,2032120058,BX30,40.86168043,-73.90588858
A0154616,INS-000717273,02/15/2024,2024,BA-1123049-2022,BA-1123049,2400 C&F FOOD CORP.,,Supermarket - 819,Scale,Scale,Scale Inspection,Computing Scale - 01,4,4,0,,Complete Address,2400,RYER AVE,,,,BRONX,NY,10458,Bronx,205,15,2094662,2031520011,BX05,40.85997183,-73.89779311
A0164393,INS-000735488,04/18/2024,2024,BA-1108214-2022,BA-1108214,242 BAY RIDGE MEAT CORP.,,Supermarket - 819,Scale,Scale,Scale Inspection,Computing Scale - 01,23,22,4,Confiscated,Complete Address,242,BAY RIDGE AVE,,,,BROOKLYN,NY,11220,Brooklyn,310,47,3145616,3058710032,BK31,40.63609744,-74.02722786
A0141960,INS-000686880,11/03/2023,2023,BA-966018-2022,BA-966018-,2451 BROADWAY MARKET INC.,,Supermarket - 819,Scale - Condemned Follow-up,Scale,Scale Inspection,Computing Scale - 01,1,1,0,,Complete Address,2551,BROADWAY,,,,NEW YORK,NY,10025,Manhattan,107,7,1000000,1012437504,MN12,40.7943464,-73.97202122
A0203098,INS-000811836,12/10/2024,2024,BA-1124230-2022,BA-1124230,2720 CHURCH GROCERY CORP.,,Supermarket - 819,Scale,Scale,Scale Inspection,Computing Scale - 01,8,8,0,,Complete Address,2720,CHURCH AVE,,,,BROOKLYN,NY,11226,Brooklyn,317,40,3117260,3051050014,BK95,40.65067375,-73.95214893
A0130729,INS-000658272,08/09/2023,2023,BA-1076016-2022,BA-1076016,283 FOOD CORP.,,Supermarket - 819,Scale,Scale,Scale Inspection,Computing Scale - 01,14,14,0,,Complete Address,283,E 204TH ST,,,,BRONX,NY,10467,Bronx,207,11,2018099,2033410001,BX43,40.87349879,-73.87904937
A0135393,INS-000665101,09/14/2023,2023,BA-1076016-2022,BA-1076016,283 FOOD CORP.,,Supermarket - 819,Scale,Scale,Scale Inspection,Computing Scale - 01,1,1,0,,Complete Address,283,E 204TH ST,,,,BRONX,NY,10467,Bronx,207,11,2018099,2033410001,BX43,40.87349879,-73.87904937
A0148993,INS-000700344,01/03/2024,2024,BA-1684958-2024,BA-1684958,"3011 GROCERY, INC.",,Supermarket - 819,Scale,Scale,Scale Inspection,Computing Scale - 01,9,9,0,,Complete Address,3320,BROADWAY,,,,NEW YORK,NY,10031,Manhattan,109,7,1059751,1019880001,MN06,40.81945819,-73.95552849
A0204189,INS-000813914,12/17/2024,2024,BA-1126212-2022,BA-1126212,"3155 AMBOY, INC.",,Supermarket - 819,Scale,Scale,Scale Inspection,Computing Scale - 01,19,18,1,Confiscated,Complete Address,3155,AMBOY RD,,,,STATEN ISLAND,NY,10306,Staten Island,503,50,5107641,5044720001,SI54,40.56438849,-74.13187941
A0205367,INS-000816062,12/26/2024,2024,BA-1003776-2022,BA-1003776,3211 CHANNEL FOOD CORP.,,Supermarket - 819,Scale,Scale,Scale Inspection,Customer Scale - 01,1,1,0,,Complete Address,3211,BEACH CHANNEL DR,,,,FAR ROCKAWAY,NY,11691,Queens,414,31,4300870,4157470001,QN12,40.59851219,-73.76644439
A0205367,INS-000816062,12/26/2024,2024,BA-1003776-2022,BA-1003776,3211 CHANNEL FOOD CORP.,,Supermarket - 819,Scale,Scale,Scale Inspection,Computing Scale - 01,11,11,0,,Complete Address,3211,BEACH CHANNEL DR,,,,FAR ROCKAWAY,NY,11691,Queens,414,31,4300870,4157470001,QN12,40.59851219,-73.76644439
A0131260,INS-000659103,08/14/2023,2023,BA-1116393-2022,BA-1116393,333 J & M FOOD CORP.,,Supermarket - 819,Scale,Scale,Scale Inspection,Computing Scale - 01,6,6,0,,Complete Address,333,SENECA AVE,,,,RIDGEWOOD,NY,11385,Queens,405,34,4081692,4034230001,QN20,40.70743656,-73.915495
A0178548,INS-000763068,07/17/2024,2024,BA-1124771-2022,BA-1124771,340 PENNSYLVANIA FOOD CORP,,Supermarket - 819,Scale,Scale,Scale Inspection,Computing Scale - 01,5,5,0,,Complete Address,340,PENNSYLVANIA AVE,,,,BROOKLYN,NY,11207,Brooklyn,305,42,3391591,3037717501,BK85,40.66898751,-73.89513707
A0130272,INS-000657557,08/04/2023,2023,BA-1124771-2022,BA-1124771,340 PENNSYLVANIA FOOD CORP,,Supermarket - 819,Scale,Scale,Scale Inspection,Computing Scale - 01,5,5,0,,Complete Address,340,PENNSYLVANIA AVE,,,,BROOKLYN,NY,11207,Brooklyn,305,42,3391591,3037717501,BK85,40.66898751,-73.89513707
A0150713,INS-000704820,01/19/2024,2024,BA-1122765-2022,BA-1122765,3550 FOOD CORP.,,Supermarket - 819,Scale,Scale,Scale Inspection,Pre-pack Scale - 01,3,3,0,,Complete Address,3550,BROADWAY,,,,NEW YORK,NY,10031,Manhattan,109,7,1061957,1020770060,MN04,40.8267597,-73.95019396
A0150713,INS-000704820,01/19/2024,2024,BA-1122765-2022,BA-1122765,3550 FOOD CORP.,,Supermarket - 819,Scale,Scale,Scale Inspection,Customer Scale - 01,2,2,0,,Complete Address,3550,BROADWAY,,,,NEW YORK,NY,10031,Manhattan,109,7,1061957,1020770060,MN04,40.8267597,-73.95019396
A0150713,INS-000704820,01/19/2024,2024,BA-1122765-2022,BA-1122765,3550 FOOD CORP.,,Supermarket - 819,Scale,Scale,Scale Inspection,Computing Scale - 01,6,6,0,,Complete Address,3550,BROADWAY,,,,NEW YORK,NY,10031,Manhattan,109,7,1061957,1020770060,MN04,40.8267597,-73.95019396
A0149683,INS-000701702,01/10/2024,2024,BA-1623734-2023,BA-1623734,"37-54 MEAT & PRODUCE, INC.",,Supermarket - 819,Scale,Scale,Scale Inspection,Computing Scale - 01,6,6,0,,Complete Address,3754,90TH ST,,,,JACKSON HEIGHTS,NY,11372,Queens,403,21,4036331,4014770034,QN28,40.74939632,-73.87667612
A0149683,INS-000701702,01/10/2024,2024,BA-1623734-2023,BA-1623734,"37-54 MEAT & PRODUCE, INC.",,Supermarket - 819,Scale,Scale,Scale Inspection,Customer Scale - 01,1,1,0,,Complete Address,3754,90TH ST,,,,JACKSON HEIGHTS,NY,11372,Queens,403,21,4036331,4014770034,QN28,40.74939632,-73.87667612
A0149683,INS-000701702,01/10/2024,2024,BA-1623734-2023,BA-1623734,"37-54 MEAT & PRODUCE, INC.",,Supermarket - 819,Scale,Scale,Scale Inspection,Pre-pack Scale - 01,2,2,0,,Complete Address,3754,90TH ST,,,,JACKSON HEIGHTS,NY,11372,Queens,403,21,4036331,4014770034,QN28,40.74939632,-73.87667612
A0207083,INS-000819443,01/10/2025,2025,BA-1623734-2023,BA-1623734,"37-54 MEAT & PRODUCE, INC.",,Supermarket - 819,Scale,Scale,Scale Inspection,Pre-pack Scale - 01,2,2,0,,Complete Address,3754,90TH ST,,,,JACKSON HEIGHTS,NY,11372,Queens,403,21,4036331,4014770034,QN28,40.74939632,-73.87667612
A0207083,INS-000819443,01/10/2025,2025,BA-1623734-2023,BA-1623734,"37-54 MEAT & PRODUCE, INC.",,Supermarket - 819,Scale,Scale,Scale Inspection,Computing Scale - 01,8,8,0,,Complete Address,3754,90TH ST,,,,JACKSON HEIGHTS,NY,11372,Queens,403,21,4036331,4014770034,QN28,40.74939632,-73.87667612
A0207083,INS-000819443,01/10/2025,2025,BA-1623734-2023,BA-1623734,"37-54 MEAT & PRODUCE, INC.",,Supermarket - 819,Scale,Scale,Scale Inspection,Customer Scale - 01,1,1,0,,Complete Address,3754,90TH ST,,,,JACKSON HEIGHTS,NY,11372,Queens,403,21,4036331,4014770034,QN28,40.74939632,-73.87667612
A0201396,INS-000808698,11/29/2024,2024,BA-1623397-2023,BA-1623397,3821 FOOD CORP,,Supermarket - 819,Scale,Scale,Scale Inspection,Computing Scale - 01,10,10,0,,Complete Address,600,W 160TH ST,,,,NEW YORK,NY,10032,Manhattan,112,7,1063349,1021370001,MN36,40.83602564,-73.94376164
A0201396,INS-000808698,11/29/2024,2024,BA-1623397-2023,BA-1623397,3821 FOOD CORP,,Supermarket - 819,Scale,Scale,Scale Inspection,Misc Scale - 01,1,1,0,,Complete Address,600,W 160TH ST,,,,NEW YORK,NY,10032,Manhattan,112,7,1063349,1021370001,MN36,40.83602564,-73.94376164
A0194856,INS-000795940,10/22/2024,2024,BA-1110063-2022,BA-1110063,3JS FOOD CORP,,Supermarket - 819,Scale,Scale,Scale Inspection,Computing Scale - 01,5,5,0,,Complete Address,2222,PITKIN AVE,,,,BROOKLYN,NY,11207,Brooklyn,305,42,3401810,3040090027,BK82,40.67266131,-73.89062146
A0135261,INS-000666030,09/13/2023,2023,BA-1110063-2022,BA-1110063,3JS FOOD CORP,,Supermarket - 819,Scale,Scale,Scale Inspection,Computing Scale - 01,5,5,0,,Complete Address,2222,PITKIN AVE,,,,BROOKLYN,NY,11207,Brooklyn,305,42,3401810,3040090027,BK82,40.67266131,-73.89062146
A0217444,INS-000839221,03/21/2025,2025,BA-1114079-2022,BA-1114079,4121 CHURCH MEAT CORP.,,Supermarket - 819,Scale,Scale,Scale Inspection,Computing Scale - 01,6,6,0,,Complete Address,4121,CHURCH AVE,,,,BROOKLYN,NY,11203,Brooklyn,317,40,3409621,3048780033,BK91,40.65134811,-73.93876745
A0202635,INS-000810940,12/06/2024,2024,BA-1683653-2024,BA-1683653,4125 MEAT CORP.,,Supermarket - 819,Scale,Scale,Scale Inspection,Computing Scale - 01,5,5,0,,Complete Address,4125,102ND ST,,,,CORONA,NY,11368,Queens,404,21,4048569,4019760010,QN26,40.74793192,-73.86324233
A0202635,INS-000810940,12/06/2024,2024,BA-1683653-2024,BA-1683653,4125 MEAT CORP.,,Supermarket - 819,Scale,Scale,Scale Inspection,Pre-pack Scale - 01,2,2,0,,Complete Address,4125,102ND ST,,,,CORONA,NY,11368,Queens,404,21,4048569,4019760010,QN26,40.74793192,-73.86324233
A0142893,INS-000688687,11/15/2023,2023,BA-1683653-2024,BA-1683653,4125 MEAT CORP.,,Supermarket - 819,Scale,Scale,Scale Inspection,Computing Scale - 01,7,7,0,,Complete Address,4125,102ND ST,,,,CORONA,NY,11368,Queens,404,21,4048569,4019760010,QN26,40.74793192,-73.86324233
A0195861,INS-000797356,10/24/2024,2024,BA-1712464-2024,BA-1712464,4188 BROADWAY FOOD CORP.,,Supermarket - 819,Scale,Scale,Scale Inspection,Computing Scale - 01,4,4,0,,Complete Address,4188,BROADWAY,,,,NEW YORK,NY,10033,Manhattan,112,10,1063563,1021450027,MN36,40.84804716,-73.93781289
A0195861,INS-000797356,10/24/2024,2024,BA-1712464-2024,BA-1712464,4188 BROADWAY FOOD CORP.,,Supermarket - 819,Scale,Scale,Scale Inspection,Pre-pack Scale - 01,2,2,0,,Complete Address,4188,BROADWAY,,,,NEW YORK,NY,10033,Manhattan,112,10,1063563,1021450027,MN36,40.84804716,-73.93781289
A0186743,INS-000780329,09/06/2024,2024,BA-1666754-2023,BA-1666754,4490 FOOD CORP,,Supermarket - 819,Scale,Scale,Scale Inspection,Computing Scale - 01,7,7,0,,Complete Address,4490,BROADWAY,,,,NEW YORK,NY,10040,Manhattan,112,10,1064057,1021700078,MN35,40.85761749,-73.93214647
A0133853,INS-000663695,08/31/2023,2023,BA-1666754-2023,BA-1666754,4490 FOOD CORP,,Supermarket - 819,Scale,Scale,Scale Inspection,Computing Scale - 01,7,7,0,,Complete Address,4490,BROADWAY,,,,NEW YORK,NY,10040,Manhattan,112,10,1064057,1021700078,MN35,40.85761749,-73.93214647
A0216874,INS-000838260,03/19/2025,2025,BA-1666754-2023,BA-1666754,4490 FOOD CORP,,Supermarket - 819,Scale,Scale,Scale Inspection,Computing Scale - 01,6,6,0,,Complete Address,4490,BROADWAY,,,,NEW YORK,NY,10040,Manhattan,112,10,1064057,1021700078,MN35,40.85761749,-73.93214647
A0194005,INS-000794013,10/15/2024,2024,BA-1710698-2024,BA-1710698,457 FOOD CORP,,Supermarket - 819,Scale,Scale,Scale Inspection,Computing Scale - 01,3,3,0,,Complete Address,457,ATLANTIC AVE,,,,BROOKLYN,NY,11217,Brooklyn,302,33,3392991,3001797505,BK38,40.68596096,-73.98231408
A0151844,INS-000708715,01/26/2024,2024,BA-1622804-2023,BA-1622804,48 BROADWAY SUPERMARKET INC,,Supermarket - 819,Scale,Scale,Scale Inspection,Computing Scale - 01,3,3,0,,Complete Address,48-18,BROADWAY,,,,ASTORIA,NY,11103,Queens,401,26,4013642,4007340038,QN70,40.7559067,-73.91249178
A0151844,INS-000708715,01/26/2024,2024,BA-1622804-2023,BA-1622804,48 BROADWAY SUPERMARKET INC,,Supermarket - 819,Scale,Scale,Scale Inspection,Customer Scale - 01,1,1,0,,Complete Address,48-18,BROADWAY,,,,ASTORIA,NY,11103,Queens,401,26,4013642,4007340038,QN70,40.7559067,-73.91249178
A0151844,INS-000708715,01/26/2024,2024,BA-1622804-2023,BA-1622804,48 BROADWAY SUPERMARKET INC,,Supermarket - 819,Scale,Scale,Scale Inspection,Pre-pack Scale - 01,3,3,0,,Complete Address,48-18,BROADWAY,,,,ASTORIA,NY,11103,Queens,401,26,4013642,4007340038,QN70,40.7559067,-73.91249178
A0214261,INS-000833622,03/04/2025,2025,BA-1110281-2022,BA-1110281,48 BURNSIDE FOOD CORP.,,Supermarket - 819,Scale,Scale,Scale Inspection,Computing Scale - 01,8,8,0,,Complete Address,40,W BURNSIDE AVE,,,,BRONX,NY,10453,Bronx,205,14,2008631,2028700026,BX36,40.85383863,-73.90907709
A0201291,INS-000808478,11/27/2024,2024,BA-1110998-2022,BA-1110998,"486 HENRY ST SUPERMARKET, INC",,Supermarket - 819,Scale,Scale,Scale Inspection,Computing Scale - 01,6,6,0,,Complete Address,486,HENRY ST,,,,BROOKLYN,NY,11231,Brooklyn,306,39,3004112,3003310021,BK33,40.68471619,-73.99913826
A0201291,INS-000808478,11/27/2024,2024,BA-1110998-2022,BA-1110998,"486 HENRY ST SUPERMARKET, INC",,Supermarket - 819,Scale,Scale,Scale Inspection,Customer Scale - 01,1,1,0,,Complete Address,486,HENRY ST,,,,BROOKLYN,NY,11231,Brooklyn,306,39,3004112,3003310021,BK33,40.68471619,-73.99913826
A0201291,INS-000808478,11/27/2024,2024,BA-1110998-2022,BA-1110998,"486 HENRY ST SUPERMARKET, INC",,Supermarket - 819,Scale,Scale,Scale Inspection,Pre-pack Scale - 01,1,1,0,,Complete Address,486,HENRY ST,,,,BROOKLYN,NY,11231,Brooklyn,306,39,3004112,3003310021,BK33,40.68471619,-73.99913826
A0130227,INS-000657486,08/04/2023,2023,BA-1110998-2022,BA-1110998,"486 HENRY ST SUPERMARKET, INC",,Supermarket - 819,Scale,Scale,Scale Inspection,Computing Scale - 01,8,8,0,,Complete Address,486,HENRY ST,,,,BROOKLYN,NY,11231,Brooklyn,306,39,3004112,3003310021,BK33,40.68471619,-73.99913826
A0202029,INS-000809927,12/04/2024,2024,BA-1046673-2022,BA-1046673,492 SUPERMARKET CORP.,,Supermarket - 819,Scale,Scale,Scale Inspection,Computing Scale - 01,22,22,0,,Complete Address,492,MYRTLE AVE,,,,BROOKLYN,NY,11205,Brooklyn,302,35,3054893,3019057502,BK69,40.69346682,-73.96542833
A0190867,INS-000787840,09/27/2024,2024,BA-1635648-2023,BA-1635648,5 DE MAYO FOOD MARKET CORP,,Supermarket - 819,Scale,Scale,Scale Inspection,Computing Scale - 01,6,6,0,,Complete Address,8106,ROOSEVELT AVE,,,,JACKSON HTS,NY,11372,Queens,404,25,4036862,4014920003,QN29,40.74754641,-73.88467354
A0143273,INS-000689458,11/17/2023,2023,BA-1635648-2023,BA-1635648,5 DE MAYO FOOD MARKET CORP,,Supermarket - 819,Scale,Scale,Scale Inspection,Computing Scale - 01,7,7,0,,Complete Address,8106,ROOSEVELT AVE,,,,JACKSON HTS,NY,11372,Queens,404,25,4036862,4014920003,QN29,40.74754641,-73.88467354
A0168752,INS-000743215,05/10/2024,2024,BA-1694300-2024,BA-1694300,50 VAN CORTLANDT MEAT CORP.,,Supermarket - 819,Scale,Scale,Scale Inspection,Computing Scale - 01,8,8,0,,Complete Address,50,VAN CORTLANDT AVE W,,,,BRONX,NY,10463,Bronx,208,11,2016099,2032630275,BX28,40.88284435,-73.89281437
A0168752,INS-000743215,05/10/2024,2024,BA-1694300-2024,BA-1694300,50 VAN CORTLANDT MEAT CORP.,,Supermarket - 819,Scale,Scale,Scale Inspection,Customer Scale - 01,1,1,0,,Complete Address,50,VAN CORTLANDT AVE W,,,,BRONX,NY,10463,Bronx,208,11,2016099,2032630275,BX28,40.88284435,-73.89281437
A0178667,INS-000763295,07/18/2024,2024,BA-1635718-2023,BA-1635718,50-01 MEAT CORP,,Supermarket - 819,Scale,Scale,Scale Inspection,Computing Scale - 01,9,9,0,,Complete Address,5001,2ND ST,,,,LONG ISLAND CITY,NY,11101,Queens,402,26,4594739,4000160008,QN31,40.74344658,-73.95841936
A0178667,INS-000763295,07/18/2024,2024,BA-1635718-2023,BA-1635718,50-01 MEAT CORP,,Supermarket - 819,Scale,Scale,Scale Inspection,Pre-pack Scale - 01,1,1,0,,Complete Address,5001,2ND ST,,,,LONG ISLAND CITY,NY,11101,Queens,402,26,4594739,4000160008,QN31,40.74344658,-73.95841936
A0144502,INS-000692346,11/28/2023,2023,BA-1130214-2022,BA-1130214,532 NEPTUNE AVENUE LLC,,Supermarket - 819,Scale,Scale,Scale Inspection,Computing Scale - 01,36,36,0,,Complete Address,532,NEPTUNE AVE,,,,BROOKLYN,NY,11224,Brooklyn,313,48,3426198,3072737501,BK23,40.57986762,-73.97302546
A0204711,INS-000814868,12/20/2024,2024,BA-1130214-2022,BA-1130214,532 NEPTUNE AVENUE LLC,,Supermarket - 819,Scale,Scale,Scale Inspection,Computing Scale - 01,29,29,0,,Complete Address,532,NEPTUNE AVE,,,,BROOKLYN,NY,11224,Brooklyn,313,48,3426198,3072737501,BK23,40.57986762,-73.97302546
A0171841,INS-000754457,05/31/2024,2024,BA-1129292-2022,BA-1129292,55 FULTON MARKET INC.,,Supermarket - 819,Scale,Scale,Scale Inspection,Computing Scale - 01,14,14,0,,Complete Address,55,FULTON STREET,,,,NEW YORK,NY,10038,Manhattan,101,1,1083353,1000940001,MN25,40.70844735,-74.00484769
A0127529,INS-000650743,07/10/2023,2023,BA-1129292-2022,BA-1129292,55 FULTON MARKET INC.,,Supermarket - 819,Scale,Scale,Scale Inspection,Computing Scale - 01,19,19,0,,Complete Address,55,FULTON STREET,,,,NEW YORK,NY,10038,Manhattan,101,1,1083353,1000940001,MN25,40.70844735,-74.00484769
A0152933,INS-000711381,02/02/2024,2024,BA-1104217-2022,BA-1104217,"57TH AVENUE MARKET, INC.",,Supermarket - 819,Scale,Scale,Scale Inspection,Computing Scale - 01,21,21,0,,Complete Address,9727,57TH AVE,,,,CORONA,NY,11368,Queens,404,21,4047197,4019060001,QN25,40.73746869,-73.8630473
A0159416,INS-000726616,03/20/2024,2024,BA-1635802-2023,BA-1635802,597 FOOD CORP.,,Supermarket - 819,Scale,Scale,Scale Inspection,Computing Scale - 01,6,6,0,,Complete Address,597,E 16TH ST,,,,BROOKLYN,NY,11226,Brooklyn,314,45,3121219,3052370052,BK42,40.63555928,-73.96239941
A0159416,INS-000726616,03/20/2024,2024,BA-1635802-2023,BA-1635802,597 FOOD CORP.,,Supermarket - 819,Scale,Scale,Scale Inspection,Platform Scale - 01,1,1,0,,Complete Address,597,E 16TH ST,,,,BROOKLYN,NY,11226,Brooklyn,314,45,3121219,3052370052,BK42,40.63555928,-73.96239941
A0192583,INS-000791196,10/08/2024,2024,BA-1635802-2023,BA-1635802,597 FOOD CORP.,,Supermarket - 819,Scale,Scale,Scale Inspection,Computing Scale - 01,1,1,0,,Complete Address,597,E 16TH ST,,,,BROOKLYN,NY,11226,Brooklyn,314,45,3121219,3052370052,BK42,40.63555928,-73.96239941
A0159416,INS-000726616,03/20/2024,2024,BA-1635802-2023,BA-1635802,597 FOOD CORP.,,Supermarket - 819,Scale,Scale,Scale Inspection,Pre-pack Scale - 01,1,0,6,Confiscated,Complete Address,597,E 16TH ST,,,,BROOKLYN,NY,11226,Brooklyn,314,45,3121219,3052370052,BK42,40.63555928,-73.96239941
A0178622,INS-000763202,07/17/2024,2024,BA-1128538-2022,BA-1128538,602 PRODUCE & MEAT CORP.,,Supermarket - 819,Scale,Scale,Scale Inspection,Computing Scale - 01,7,7,0,,Complete Address,602,LIVONIA AVE,,,,BROOKLYN,NY,11207,Brooklyn,305,42,3085050,3038220020,BK85,40.66461483,-73.89486639
A0200982,INS-000807893,11/26/2024,2024,BA-1126497-2022,BA-1126497,608 FRANKLIN MEAT CORP.,,Supermarket - 819,Scale,Scale,Scale Inspection,Computing Scale - 01,14,14,0,,Complete Address,608,FRANKLIN AVE,,,,BROOKLYN,NY,11238,Brooklyn,308,35,3418229,3011427501,BK61,40.67746414,-73.95552584
A0205333,INS-000816004,12/26/2024,2024,BA-1010599-2022,BA-1010599,66 MEAT CORP,,Supermarket - 819,Scale,Scale,Scale Inspection,Computing Scale - 01,9,9,0,,Complete Address,66,FRONT ST,,,,BROOKLYN,NY,11201,Brooklyn,302,33,3387676,3000450115,BK38,40.70252659,-73.990255
A0141941,INS-000686877,11/03/2023,2023,BA-1106514-2022,BA-1106514,70-72 MEAT & PRODUCE CORP.,,Supermarket - 819,Scale - Condemned Follow-up,Scale,Scale Inspection,Computing Scale - 01,1,1,0,,Complete Address,70,NAGLE AVE,,,,NEW YORK,NY,10040,Manhattan,112,10,1064145,1021720056,MN35,40.86019261,-73.92857931
A0161949,INS-000731183,04/04/2024,2024,BA-1106514-2022,BA-1106514,70-72 MEAT & PRODUCE CORP.,,Supermarket - 819,Scale,Scale,Scale Inspection,Computing Scale - 01,6,6,0,,Complete Address,70,NAGLE AVE,,,,NEW YORK,NY,10040,Manhattan,112,10,1064145,1021720056,MN35,40.86019261,-73.92857931
A0207899,INS-000820915,01/16/2025,2025,BA-1106514-2022,BA-1106514,70-72 MEAT & PRODUCE CORP.,,Supermarket - 819,Scale,Scale,Scale Inspection,Customer Scale - 01,1,1,0,,Complete Address,70,NAGLE AVE,,,,NEW YORK,NY,10040,Manhattan,112,10,1064145,1021720056,MN35,40.86019261,-73.92857931
A0207899,INS-000820915,01/16/2025,2025,BA-1106514-2022,BA-1106514,70-72 MEAT & PRODUCE CORP.,,Supermarket - 819,Scale,Scale,Scale Inspection,Computing Scale - 01,5,5,0,,Complete Address,70,NAGLE AVE,,,,NEW YORK,NY,10040,Manhattan,112,10,1064145,1021720056,MN35,40.86019261,-73.92857931
A0207899,INS-000820915,01/16/2025,2025,BA-1106514-2022,BA-1106514,70-72 MEAT & PRODUCE CORP.,,Supermarket - 819,Scale,Scale,Scale Inspection,Pre-pack Scale - 01,2,1,1,Confiscated,Complete Address,70,NAGLE AVE,,,,NEW YORK,NY,10040,Manhattan,112,10,1064145,1021720056,MN35,40.86019261,-73.92857931
A0209591,INS-000822146,01/30/2025,2025,BA-1106514-2022,BA-1106514,70-72 MEAT & PRODUCE CORP.,,Supermarket - 819,Scale,Scale,Scale Inspection,Pre-pack Scale - 01,1,1,0,,Complete Address,70,NAGLE AVE,,,,NEW YORK,NY,10040,Manhattan,112,10,1064145,1021720056,MN35,40.86019261,-73.92857931
A0135792,INS-000667148,09/18/2023,2023,BA-992605-2022,BA-992605-,"700 FOOTHILL FOOD CO., LLC",,Supermarket - 819,Scale,Scale,Scale Inspection,Computing Scale - 01,8,8,0,,Complete Address,11411,LEFFERTS BLVD,,,,SOUTH OZONE PARK,NY,11420,Queens,410,28,4251284,4116460053,QN55,40.67836444,-73.8202982
A0207891,INS-000820898,01/16/2025,2025,BA-992605-2022,BA-992605-,"700 FOOTHILL FOOD CO., LLC",,Supermarket - 819,Scale,Scale,Scale Inspection,Computing Scale - 01,8,8,0,,Complete Address,11411,LEFFERTS BLVD,,,,SOUTH OZONE PARK,NY,11420,Queens,410,28,4251284,4116460053,QN55,40.67836444,-73.8202982
A0154347,INS-000716804,02/14/2024,2024,BA-1127338-2022,BA-1127338,739 FOOD INC,,Supermarket - 819,Scale,Scale,Scale Inspection,Computing Scale - 01,7,7,0,,Complete Address,739,NOSTRAND AVE,,,,BROOKLYN,NY,11216,Brooklyn,308,35,3031914,3012480005,BK61,40.67205754,-73.95028425
A0201472,INS-000808837,11/29/2024,2024,BA-1092786-2022,BA-1092786,77 MEAT CORP.,,Supermarket - 819,Scale,Scale,Scale Inspection,Computing Scale - 01,6,6,0,,Complete Address,367,NOSTRAND AVE,,,,BROOKLYN,NY,11216,Brooklyn,303,36,3051096,3018130001,BK75,40.68557843,-73.95060229
A0203819,INS-000813120,12/13/2024,2024,BA-1114942-2022,BA-1114942,"778 MANOR ROAD MEAT, LLC",,Supermarket - 819,Scale,Scale,Scale Inspection,Computing Scale - 01,9,9,0,,Complete Address,778,MANOR RD,,,,STATEN ISLAND,NY,10314,Staten Island,502,49,5018078,5007140015,SI05,40.60766674,-74.12105965
A0134551,INS-000664866,09/08/2023,2023,BA-1090902-2022,BA-1090902,7TH AVE GOURMET INC.,,Supermarket - 819,Scale,Scale,Scale Inspection,Computing Scale - 01,1,1,0,,Complete Address,75,7TH AVE,,,,BROOKLYN,NY,11217,Brooklyn,306,39,3024556,3010630007,BK37,40.6750217,-73.97507072
A0155949,INS-000720153,02/27/2024,2024,BA-1090902-2022,BA-1090902,7TH AVE GOURMET INC.,,Supermarket - 819,Scale,Scale,Scale Inspection,Computing Scale - 01,2,2,0,,Complete Address,75,7TH AVE,,,,BROOKLYN,NY,11217,Brooklyn,306,39,3024556,3010630007,BK37,40.6750217,-73.97507072
A0150123,INS-000703198,01/12/2024,2024,BA-1123085-2022,BA-1123085,82-10 BAXTER AVE. FOOD CORP.,,Supermarket - 819,Scale,Scale,Scale Inspection,Computing Scale - 01,8,8,0,,Complete Address,8210,BAXTER AVE,,,,ELMHURST,NY,11373,Queens,404,25,4037154,4015050005,QN29,40.74655143,-73.88330025
A0154037,INS-000715883,02/09/2024,2024,BA-1678465-2023,BA-1678465,86 FOOD MARKET INC.,,Supermarket - 819,Scale,Scale,Scale Inspection,Computing Scale - 01,15,15,0,,Complete Address,2231,86TH ST,,,,BROOKLYN,NY,11214,Brooklyn,311,43,3165948,3063480065,BK28,40.60137607,-73.99286977
A0163990,INS-000734813,04/16/2024,2024,BA-1120852-2022,BA-1120852,86-02 MEAT & PRODUCE INC.,,Supermarket - 819,Scale,Scale,Scale Inspection,Computing Scale - 01,12,12,0,,Complete Address,8602,NORTHERN BLVD,,,,JACKSON HEIGHTS,NY,11372,Queens,403,25,4035313,4014340001,QN28,40.75595858,-73.88149346
A0163990,INS-000734813,04/16/2024,2024,BA-1120852-2022,BA-1120852,86-02 MEAT & PRODUCE INC.,,Supermarket - 819,Scale,Scale,Scale Inspection,Customer Scale - 01,1,1,0,,Complete Address,8602,NORTHERN BLVD,,,,JACKSON HEIGHTS,NY,11372,Queens,403,25,4035313,4014340001,QN28,40.75595858,-73.88149346
A0163990,INS-000734813,04/16/2024,2024,BA-1120852-2022,BA-1120852,86-02 MEAT & PRODUCE INC.,,Supermarket - 819,Scale,Scale,Scale Inspection,Pre-pack Scale - 01,3,3,0,,Complete Address,8602,NORTHERN BLVD,,,,JACKSON HEIGHTS,NY,11372,Queens,403,25,4035313,4014340001,QN28,40.75595858,-73.88149346
A0209624,INS-000825728,01/30/2025,2025,BA-1120852-2022,BA-1120852,86-02 MEAT & PRODUCE INC.,,Supermarket - 819,Scale,Scale,Scale Inspection,Pre-pack Scale - 01,3,3,0,,Complete Address,8602,NORTHERN BLVD,,,,JACKSON HEIGHTS,NY,11372,Queens,403,25,4035313,4014340001,QN28,40.75595858,-73.88149346
A0209624,INS-000825728,01/30/2025,2025,BA-1120852-2022,BA-1120852,86-02 MEAT & PRODUCE INC.,,Supermarket - 819,Scale,Scale,Scale Inspection,Computing Scale - 01,12,12,0,,Complete Address,8602,NORTHERN BLVD,,,,JACKSON HEIGHTS,NY,11372,Queens,403,25,4035313,4014340001,QN28,40.75595858,-73.88149346
A0209624,INS-000825728,01/30/2025,2025,BA-1120852-2022,BA-1120852,86-02 MEAT & PRODUCE INC.,,Supermarket - 819,Scale,Scale,Scale Inspection,Customer Scale - 01,1,1,0,,Complete Address,8602,NORTHERN BLVD,,,,JACKSON HEIGHTS,NY,11372,Queens,403,25,4035313,4014340001,QN28,40.75595858,-73.88149346
A0175681,INS-000757325,06/28/2024,2024,BA-1127209-2022,BA-1127209,881 STADIUM FOOD CORP.,,Supermarket - 819,Scale,Scale,Scale Inspection,Computing Scale - 01,13,13,0,,Complete Address,885,GERARD AVE,,,,BRONX,NY,10452,Bronx,204,16,2002990,2024840033,BX63,40.82797549,-73.9246753
A0175681,INS-000757325,06/28/2024,2024,BA-1127209-2022,BA-1127209,881 STADIUM FOOD CORP.,,Supermarket - 819,Scale,Scale,Scale Inspection,Customer Scale - 01,1,1,0,,Complete Address,885,GERARD AVE,,,,BRONX,NY,10452,Bronx,204,16,2002990,2024840033,BX63,40.82797549,-73.9246753
A0135642,INS-000666870,09/15/2023,2023,BA-1127209-2022,BA-1127209,881 STADIUM FOOD CORP.,,Supermarket - 819,Scale,Scale,Scale Inspection,Computing Scale - 01,7,7,0,,Complete Address,885,GERARD AVE,,,,BRONX,NY,10452,Bronx,204,16,2002990,2024840033,BX63,40.82797549,-73.9246753
A0158198,INS-000724398,03/13/2024,2024,BA-1120269-2022,BA-1120269,9105 K FOOD CORP.,,Supermarket - 819,Scale,Scale,Scale Inspection,Computing Scale - 01,15,15,0,,Complete Address,9105,3RD AVE,,,,BROOKLYN,NY,11209,Brooklyn,310,47,3154729,3060860001,BK31,40.62025044,-74.03236165
A0158198,INS-000724398,03/13/2024,2024,BA-1120269-2022,BA-1120269,9105 K FOOD CORP.,,Supermarket - 819,Scale,Scale,Scale Inspection,Customer Scale - 01,1,1,0,,Complete Address,9105,3RD AVE,,,,BROOKLYN,NY,11209,Brooklyn,310,47,3154729,3060860001,BK31,40.62025044,-74.03236165
A0158198,INS-000724398,03/13/2024,2024,BA-1120269-2022,BA-1120269,9105 K FOOD CORP.,,Supermarket - 819,Scale,Scale,Scale Inspection,Pre-pack Scale - 01,9,9,0,,Complete Address,9105,3RD AVE,,,,BROOKLYN,NY,11209,Brooklyn,310,47,3154729,3060860001,BK31,40.62025044,-74.03236165
A0200810,INS-000806562,11/26/2024,2024,BA-1120269-2022,BA-1120269,9105 K FOOD CORP.,,Supermarket - 819,Scale,Scale,Scale Inspection,Computing Scale - 01,1,1,0,,Complete Address,9105,3RD AVE,,,,BROOKLYN,NY,11209,Brooklyn,310,47,3154729,3060860001,BK31,40.62025044,-74.03236165
A0203243,INS-000812090,12/11/2024,2024,BA-1679601-2023,BA-1679601,9202 MARKET CORP,,Supermarket - 819,Scale,Scale,Scale Inspection,Pre-pack Scale - 01,2,2,0,,Complete Address,9202,63RD DR,,,,REGO PARK,NY,11374,Queens,406,30,4072462,4030960050,QN18,40.72748442,-73.86402032
A0203243,INS-000812090,12/11/2024,2024,BA-1679601-2023,BA-1679601,9202 MARKET CORP,,Supermarket - 819,Scale,Scale,Scale Inspection,Computing Scale - 01,5,5,0,,Complete Address,9202,63RD DR,,,,REGO PARK,NY,11374,Queens,406,30,4072462,4030960050,QN18,40.72748442,-73.86402032
A0203243,INS-000812090,12/11/2024,2024,BA-1679601-2023,BA-1679601,9202 MARKET CORP,,Supermarket - 819,Scale,Scale,Scale Inspection,Customer Scale - 01,1,1,0,,Complete Address,9202,63RD DR,,,,REGO PARK,NY,11374,Queens,406,30,4072462,4030960050,QN18,40.72748442,-73.86402032
A0160572,INS-000728788,03/27/2024,2024,BA-1117962-2022,BA-1117962,953 MANHATTAN FOOD CORP.,,Supermarket - 819,Scale,Scale,Scale Inspection,Computing Scale - 01,7,7,0,,Complete Address,953,MANHATTAN AVE,,,,BROOKLYN,NY,11222,Brooklyn,301,33,3064436,3025400041,BK76,40.73185402,-73.9545442
A0160572,INS-000728788,03/27/2024,2024,BA-1117962-2022,BA-1117962,953 MANHATTAN FOOD CORP.,,Supermarket - 819,Scale,Scale,Scale Inspection,Pre-pack Scale - 01,2,2,0,,Complete Address,953,MANHATTAN AVE,,,,BROOKLYN,NY,11222,Brooklyn,301,33,3064436,3025400041,BK76,40.73185402,-73.9545442
A0200844,INS-000807669,11/26/2024,2024,BA-1111992-2022,BA-1111992,96 MEAT & PRODUCE CORP,,Supermarket - 819,Scale,Scale,Scale Inspection,Computing Scale - 01,7,7,0,,Complete Address,9617,NORTHERN BLVD,,,,CORONA,NY,11368,Queens,403,21,4035000,4014260033,QN27,40.75697494,-73.87198412
A0200844,INS-000807669,11/26/2024,2024,BA-1111992-2022,BA-1111992,96 MEAT & PRODUCE CORP,,Supermarket - 819,Scale,Scale,Scale Inspection,Customer Scale - 01,1,1,0,,Complete Address,9617,NORTHERN BLVD,,,,CORONA,NY,11368,Queens,403,21,4035000,4014260033,QN27,40.75697494,-73.87198412
A0200844,INS-000807669,11/26/2024,2024,BA-1111992-2022,BA-1111992,96 MEAT & PRODUCE CORP,,Supermarket - 819,Scale,Scale,Scale Inspection,Pre-pack Scale - 01,3,3,0,,Complete Address,9617,NORTHERN BLVD,,,,CORONA,NY,11368,Queens,403,21,4035000,4014260033,QN27,40.75697494,-73.87198412
A0205247,INS-000815830,12/26/2024,2024,BA-1115891-2022,BA-1115891,97-10 QUEENS BLVD STORE LLC,,Supermarket - 819,Scale,Scale,Scale Inspection,Computing Scale - 01,16,16,0,,Complete Address,9710,QUEENS BLVD,,,,REGO PARK,NY,11374,Queens,406,30,4072141,4030840002,QN18,40.72919212,-73.85983151
A0156705,INS-000721752,03/04/2024,2024,BA-1088978-2022,BA-1088978,A & C SEAFOOD & MEAT MARKET INC.,,Supermarket - 819,Scale,Scale,Scale Inspection,Computing Scale - 01,5,5,0,,Complete Address,1237,AVENUE U,,,,BROOKLYN,NY,11229,Brooklyn,315,48,3197984,3073170044,BK25,40.59855829,-73.95895611
A0156705,INS-000721752,03/04/2024,2024,BA-1088978-2022,BA-1088978,A & C SEAFOOD & MEAT MARKET INC.,,Supermarket - 819,Scale,Scale,Scale Inspection,Customer Scale - 01,1,1,0,,Complete Address,1237,AVENUE U,,,,BROOKLYN,NY,11229,Brooklyn,315,48,3197984,3073170044,BK25,40.59855829,-73.95895611
A0156705,INS-000721752,03/04/2024,2024,BA-1088978-2022,BA-1088978,A & C SEAFOOD & MEAT MARKET INC.,,Supermarket - 819,Scale,Scale,Scale Inspection,Pre-pack Scale - 01,6,6,0,,Complete Address,1237,AVENUE U,,,,BROOKLYN,NY,11229,Brooklyn,315,48,3197984,3073170044,BK25,40.59855829,-73.95895611
A0154339,INS-000716790,02/14/2024,2024,BA-1023601-2022,BA-1023601,A & C SUPERMAS INC,,Supermarket - 819,Scale,Scale,Scale Inspection,Computing Scale - 01,6,6,0,,Complete Address,2444,ADAM CLAYTON POWELL JR BLVD,,,,NEW YORK,NY,10030,Manhattan,110,9,1060430,1020280016,MN03,40.81981642,-73.94041891
A0154339,INS-000716790,02/14/2024,2024,BA-1023601-2022,BA-1023601,A & C SUPERMAS INC,,Supermarket - 819,Scale,Scale,Scale Inspection,Customer Scale - 01,1,1,0,,Complete Address,2444,ADAM CLAYTON POWELL JR BLVD,,,,NEW YORK,NY,10030,Manhattan,110,9,1060430,1020280016,MN03,40.81981642,-73.94041891
A0202906,INS-000811507,12/10/2024,2024,BA-1102668-2022,BA-1102668,A & J MEAT MARKET INC,,Supermarket - 819,Scale,Scale,Scale Inspection,Computing Scale - 01,3,3,0,,Complete Address,2108,ADAM CLAYTON POWELL JR BLVD,,,,NEW YORK,NY,10027,Manhattan,110,9,1058661,1019310036,MN11,40.8092859,-73.94811186
A0202906,INS-000811507,12/10/2024,2024,BA-1102668-2022,BA-1102668,A & J MEAT MARKET INC,,Supermarket - 819,Scale,Scale,Scale Inspection,Customer Scale - 01,1,1,0,,Complete Address,2108,ADAM CLAYTON POWELL JR BLVD,,,,NEW YORK,NY,10027,Manhattan,110,9,1058661,1019310036,MN11,40.8092859,-73.94811186
A0157458,INS-000723062,03/07/2024,2024,BA-1659219-2023,BA-1659219,A & J SUPERMARKET CORP.,,Supermarket - 819,Scale,Scale,Scale Inspection,Computing Scale - 01,13,13,0,,Complete Address,2211,3 AVENUE,,,,NEW YORK,NY,10035,Manhattan,111,8,1089662,1017857503,MN34,40.80079692,-73.93792566
A0216620,INS-000837814,03/18/2025,2025,BA-1659219-2023,BA-1659219,A & J SUPERMARKET CORP.,,Supermarket - 819,Scale,Scale,Scale Inspection,Computing Scale - 01,13,13,0,,Complete Address,2211,3 AVENUE,,,,NEW YORK,NY,10035,Manhattan,111,8,1089662,1017857503,MN34,40.80079692,-73.93792566
A0137484,INS-000679381,09/29/2023,2023,BA-1121158-2022,BA-1121158,"A MATTER OF HEALTH NYC, INC.",,Supermarket - 819,Scale,Scale,Scale Inspection,Computing Scale - 01,13,13,0,,Complete Address,1347,1ST AVE,,,,NEW YORK,NY,10021,Manhattan,108,5,1080484,1014470023,MN31,40.76797817,-73.95588417
A0163202,INS-000733363,04/11/2024,2024,BA-1130873-2022,BA-1130873,A TO Z GLATT KOSHER LLC,,Supermarket - 819,Scale,Scale,Scale Inspection,Computing Scale - 01,7,7,0,,Complete Address,18605,UNION TPKE,,,,FRESH MEADOWS,NY,11366,Queens,408,24,4154998,4072030043,QN41,40.72869375,-73.78276902
A0165417,INS-000737213,04/24/2024,2024,BA-1121340-2022,BA-1121340,"A.M.I.S. FOOD, L.L.C",,Supermarket - 819,Scale,Scale,Scale Inspection,Computing Scale - 01,5,5,0,,Complete Address,651,NOSTRAND AVE,,,,BROOKLYN,NY,11216,Brooklyn,308,36,3030991,3012270006,BK61,40.67487631,-73.95001898
A0165417,INS-000737213,04/24/2024,2024,BA-1121340-2022,BA-1121340,"A.M.I.S. FOOD, L.L.C",,Supermarket - 819,Scale,Scale,Scale Inspection,Misc Scale - 01,1,1,0,,Complete Address,651,NOSTRAND AVE,,,,BROOKLYN,NY,11216,Brooklyn,308,36,3030991,3012270006,BK61,40.67487631,-73.95001898
A0165417,INS-000737213,04/24/2024,2024,BA-1121340-2022,BA-1121340,"A.M.I.S. FOOD, L.L.C",,Supermarket - 819,Scale,Scale,Scale Inspection,Pre-pack Scale - 01,5,5,0,,Complete Address,651,NOSTRAND AVE,,,,BROOKLYN,NY,11216,Brooklyn,308,36,3030991,3012270006,BK61,40.67487631,-73.95001898
A0208550,INS-000822326,01/23/2025,2025,BA-1003304-2022,BA-1003304,A.S. Fulton Food Corp.,,Supermarket - 819,Scale,Scale,Scale Inspection,Computing Scale - 01,4,4,0,,Complete Address,1299,FULTON ST,,,,BROOKLYN,NY,11216,Brooklyn,303,36,3053257,3018490053,BK75,40.68037369,-73.94911712
A0208550,INS-000822326,01/23/2025,2025,BA-1003304-2022,BA-1003304,A.S. Fulton Food Corp.,,Supermarket - 819,Scale,Scale,Scale Inspection,Customer Scale - 01,1,1,0,,Complete Address,1299,FULTON ST,,,,BROOKLYN,NY,11216,Brooklyn,303,36,3053257,3018490053,BK75,40.68037369,-73.94911712
A0208550,INS-000822326,01/23/2025,2025,BA-1003304-2022,BA-1003304,A.S. Fulton Food Corp.,,Supermarket - 819,Scale,Scale,Scale Inspection,Pre-pack Scale - 01,2,2,0,,Complete Address,1299,FULTON ST,,,,BROOKLYN,NY,11216,Brooklyn,303,36,3053257,3018490053,BK75,40.68037369,-73.94911712
A0168297,INS-000742452,05/09/2024,2024,BA-1695031-2024,BA-1695031,A&C 2541 MEAT CORP.,,Supermarket - 819,Scale,Scale,Scale Inspection,Pre-pack Scale - 01,2,2,0,,Complete Address,2541,ADAM CLAYTON POWELL JR BLVD,,,,NEW YORK,NY,10039,Manhattan,110,9,1079770,1020160050,MN03,40.82302375,-73.93804945
A0168297,INS-000742452,05/09/2024,2024,BA-1695031-2024,BA-1695031,A&C 2541 MEAT CORP.,,Supermarket - 819,Scale,Scale,Scale Inspection,Computing Scale - 01,5,5,0,,Complete Address,2541,ADAM CLAYTON POWELL JR BLVD,,,,NEW YORK,NY,10039,Manhattan,110,9,1079770,1020160050,MN03,40.82302375,-73.93804945
A0175536,INS-000757076,06/26/2024,2024,BA-1700793-2024,BA-1700793,A&E SUPERMARKET INC,,Supermarket - 819,Scale,Scale,Scale Inspection,Computing Scale - 01,5,5,0,,Complete Address,11731,FARMERS BLVD,,,,SAINT ALBANS,NY,11412,Queens,412,27,4538926,4126000046,QN08,40.69081106,-73.76226631
A0161498,INS-000730419,04/02/2024,2024,BA-1112597-2022,BA-1112597,ABC MEAT CORP.,,Supermarket - 819,Scale,Scale,Scale Inspection,Computing Scale - 01,8,8,0,,Complete Address,9028,JAMAICA AVE,,,,WOODHAVEN,NY,11421,Queens,409,32,4184221,4089320011,QN53,40.69289955,-73.8543833
A0217720,INS-000840050,03/25/2025,2025,BA-1112597-2022,BA-1112597,ABC MEAT CORP.,,Supermarket - 819,Scale,Scale,Scale Inspection,Computing Scale - 01,8,8,0,,Complete Address,9028,JAMAICA AVE,,,,WOODHAVEN,NY,11421,Queens,409,32,4184221,4089320011,QN53,40.69289955,-73.8543833
A0139104,INS-000680195,10/13/2023,2023,BA-1100488-2022,BA-1100488,AC & L FOOD CORP.,,Supermarket - 819,Scale,Scale,Scale Inspection,Computing Scale - 01,15,15,0,,Complete Address,3680,E TREMONT AVE,,,,BRONX,NY,10465,Bronx,210,13,2079918,2055430105,BX52,40.827351,-73.82300694
A0164373,INS-000735453,04/18/2024,2024,BA-1100488-2022,BA-1100488,AC & L FOOD CORP.,,Supermarket - 819,Scale,Scale,Scale Inspection,Computing Scale - 01,13,13,0,,Complete Address,3680,E TREMONT AVE,,,,BRONX,NY,10465,Bronx,210,13,2079918,2055430105,BX52,40.827351,-73.82300694
A0158307,INS-000724557,03/13/2024,2024,BA-1682507-2024,BA-1682507,AFRICAN UNITY MEAT V CORP,,Supermarket - 819,Scale,Scale,Scale Inspection,Computing Scale - 01,1,1,0,,Complete Address,1770,JEROME AVE,,,,BRONX,NY,10453,Bronx,205,14,2008209,2028500009,BX41,40.84828829,-73.91191844
A0155588,INS-000719383,02/23/2024,2024,BA-1682507-2024,BA-1682507,AFRICAN UNITY MEAT V CORP,,Supermarket - 819,Scale,Scale,Scale Inspection,Computing Scale - 01,5,4,3,Confiscated,Complete Address,1770,JEROME AVE,,,,BRONX,NY,10453,Bronx,205,14,2008209,2028500009,BX41,40.84828829,-73.91191844
A0216411,INS-000837340,03/14/2025,2025,BA-1723946-2025,BA-1723946,AJBP CORP.,,Supermarket - 819,Scale,Scale,Scale Inspection,Pre-pack Scale - 01,2,2,0,,Complete Address,1,UNIVERSITY PL,,,,NEW YORK,NY,10003,Manhattan,102,2,1008832,1005480001,MN23,40.73078422,-73.99548624
A0216411,INS-000837340,03/14/2025,2025,BA-1723946-2025,BA-1723946,AJBP CORP.,,Supermarket - 819,Scale,Scale,Scale Inspection,Computing Scale - 01,4,4,0,,Complete Address,1,UNIVERSITY PL,,,,NEW YORK,NY,10003,Manhattan,102,2,1008832,1005480001,MN23,40.73078422,-73.99548624
A0203599,INS-000812723,12/12/2024,2024,BA-1084326-2022,BA-1084326,"Al-Lid Food Corp.,",,Supermarket - 819,Scale,Scale,Scale Inspection,Computing Scale - 01,9,9,0,,Complete Address,2326,NOSTRAND AVE,,,,BROOKLYN,NY,11210,Brooklyn,314,45,3207038,3075930061,BK43,40.62802157,-73.94712158
A0149447,INS-000701137,01/05/2024,2024,BA-1118743-2022,BA-1118743,ALANWAR FOOD CORP.,,Supermarket - 819,Scale,Scale,Scale Inspection,Computing Scale - 01,12,12,0,,Complete Address,7128,5TH AVE,,,,BROOKLYN,NY,11209,Brooklyn,310,47,3146612,3058920057,BK31,40.63226967,-74.02151227
A0200945,INS-000807834,11/26/2024,2024,BA-1715420-2024,BA-1715420,ALDI INC,,Supermarket - 819,Scale,Scale,Scale Inspection,Computing Scale - 01,5,5,0,,Complete Address,3231,RICHMOND AVE,,,,STATEN ISLAND,NY,10312,Staten Island,503,51,5000000,5055330062,SI54,40.56039994,-74.16976458
A0149705,INS-000701748,01/10/2024,2024,BA-1105393-2022,BA-1105393,ALDI INC,,Supermarket - 819,Scale,Scale,Scale Inspection,Computing Scale - 01,8,8,0,,Complete Address,5532,BROADWAY,,,,BRONX,NY,10463,Bronx,208,11,2124371,2032660013,BX29,40.87779429,-73.9055801
A0144009,INS-000690666,11/22/2023,2023,BA-1105393-2022,BA-1105393,ALDI INC,,Supermarket - 819,Scale,Scale,Scale Inspection,Computing Scale - 01,8,6,3,Confiscated,Complete Address,5532,BROADWAY,,,,BRONX,NY,10463,Bronx,208,11,2124371,2032660013,BX29,40.87779429,-73.9055801
A0203515,INS-000812591,12/12/2024,2024,BA-1567968-2023,BA-1567968,ALDI INC,,Supermarket - 819,Scale,Scale,Scale Inspection,Computing Scale - 01,4,4,0,,Complete Address,1628,FLATBUSH AVE,,,,BROOKLYN,NY,11210,Brooklyn,314,45,3396696,3075767501,BK42,40.63063653,-73.94536139
A0162596,INS-000732348,04/09/2024,2024,BA-966535-2022,BA-966535-,ALDI INC.,,Supermarket - 819,Scale,Scale,Scale Inspection,Computing Scale - 01,8,8,0,,Complete Address,1750,E GUN HILL RD,,,,BRONX,NY,10469,Bronx,211,13,2118930,2044940001,BX31,40.86445505,-73.83481363
A0211545,INS-000829218,02/12/2025,2025,BA-966535-2022,BA-966535-,ALDI INC.,,Supermarket - 819,Scale,Scale,Scale Inspection,Computing Scale - 01,8,7,1,Confiscated,Complete Address,1750,E GUN HILL RD,,,,BRONX,NY,10469,Bronx,211,13,2118930,2044940001,BX31,40.86445505,-73.83481363
A0205276,INS-000815886,12/26/2024,2024,BA-1105317-2022,BA-1105317,ALDI INC. (NEW YORK),,Supermarket - 819,Scale,Scale,Scale Inspection,Computing Scale - 01,14,14,0,,Complete Address,3785,NOSTRAND AVE,,,,BROOKLYN,NY,11235,Brooklyn,315,48,3204766,3074460001,BK17,40.59125983,-73.94010796
A0166815,INS-000739548,05/01/2024,2024,BA-1122316-2022,BA-1122316,ALEC FOOD CORP.,,Supermarket - 819,Scale,Scale,Scale Inspection,Computing Scale - 01,5,5,0,,Complete Address,5915,ROOSEVELT AVE,,,,WOODSIDE,NY,11377,Queens,402,26,4028344,4012300005,QN63,40.74542156,-73.90529855
A0166815,INS-000739548,05/01/2024,2024,BA-1122316-2022,BA-1122316,ALEC FOOD CORP.,,Supermarket - 819,Scale,Scale,Scale Inspection,Customer Scale - 01,1,1,0,,Complete Address,5915,ROOSEVELT AVE,,,,WOODSIDE,NY,11377,Queens,402,26,4028344,4012300005,QN63,40.74542156,-73.90529855
A0166815,INS-000739548,05/01/2024,2024,BA-1122316-2022,BA-1122316,ALEC FOOD CORP.,,Supermarket - 819,Scale,Scale,Scale Inspection,Pre-pack Scale - 01,1,1,0,,Complete Address,5915,ROOSEVELT AVE,,,,WOODSIDE,NY,11377,Queens,402,26,4028344,4012300005,QN63,40.74542156,-73.90529855
A0191327,INS-000788707,10/01/2024,2024,BA-997034-2022,BA-997034-,ALEXA'S FOOD CORP.,,Supermarket - 819,Scale,Scale,Scale Inspection,Computing Scale - 01,9,9,0,,Complete Address,329,9TH ST,,,,BROOKLYN,NY,11215,Brooklyn,306,39,3022124,3010057501,BK37,40.66876539,-73.98544397
A0191327,INS-000788707,10/01/2024,2024,BA-997034-2022,BA-997034-,ALEXA'S FOOD CORP.,,Supermarket - 819,Scale,Scale,Scale Inspection,Customer Scale - 01,1,1,0,,Complete Address,329,9TH ST,,,,BROOKLYN,NY,11215,Brooklyn,306,39,3022124,3010057501,BK37,40.66876539,-73.98544397
A0191327,INS-000788707,10/01/2024,2024,BA-997034-2022,BA-997034-,ALEXA'S FOOD CORP.,,Supermarket - 819,Scale,Scale,Scale Inspection,Pre-pack Scale - 01,5,5,0,,Complete Address,329,9TH ST,,,,BROOKLYN,NY,11215,Brooklyn,306,39,3022124,3010057501,BK37,40.66876539,-73.98544397
A0210567,INS-000829469,02/05/2025,2025,BA-997034-2022,BA-997034-,ALEXA'S FOOD CORP.,,Supermarket - 819,Scale,Scale,Scale Inspection,Computing Scale - 01,16,16,0,,Complete Address,329,9TH ST,,,,BROOKLYN,NY,11215,Brooklyn,306,39,3022124,3010057501,BK37,40.66876539,-73.98544397
A0172734,INS-000751435,06/06/2024,2024,BA-1119566-2022,BA-1119566,ALI & OMER LLC,,Supermarket - 819,Scale,Scale,Scale Inspection,Computing Scale - 01,5,5,0,,Complete Address,2130,NEWTOWN AVE,,,,ASTORIA,NY,11102,Queens,401,22,4006138,4005430028,QN71,40.77164303,-73.9251867
A0172734,INS-000751435,06/06/2024,2024,BA-1119566-2022,BA-1119566,ALI & OMER LLC,,Supermarket - 819,Scale,Scale,Scale Inspection,Pre-pack Scale - 01,2,2,0,,Complete Address,2130,NEWTOWN AVE,,,,ASTORIA,NY,11102,Queens,401,22,4006138,4005430028,QN71,40.77164303,-73.9251867
A0165241,INS-000736940,04/24/2024,2024,BA-1120103-2022,BA-1120103,ALI SUPERMARKET INC.,,Supermarket - 819,Scale,Scale,Scale Inspection,Computing Scale - 01,4,4,0,,Complete Address,1860,WESTCHESTER AVE,,,,BRONX,NY,10472,Bronx,209,18,2024869,2037670051,BX55,40.83272258,-73.86351976
A0202550,INS-000810797,12/06/2024,2024,BA-1113496-2022,BA-1113496,ALMOND FRUIT CORP.,,Supermarket - 819,Scale,Scale,Scale Inspection,Computing Scale - 01,8,8,0,,Complete Address,1488,PITKIN AVE,,,,BROOKLYN,NY,11212,Brooklyn,316,41,3080901,3035130033,BK81,40.66849331,-73.91872012
A0131415,INS-000659333,08/15/2023,2023,BA-1660235-2023,BA-1660235,ALMONTE BAY FOOD CORP,,Supermarket - 819,Scale,Scale,Scale Inspection,Computing Scale - 01,14,14,0,,Complete Address,16330,CROSSBAY BLVD,,,,HOWARD BEACH,NY,11414,Queens,410,32,4294473,4140760118,QN57,40.65185427,-73.83807175
A0216892,INS-000838293,03/19/2025,2025,BA-1660235-2023,BA-1660235,ALMONTE BAY FOOD CORP,,Supermarket - 819,Scale,Scale,Scale Inspection,Computing Scale - 01,14,14,0,,Complete Address,16330,CROSSBAY BLVD,,,,HOWARD BEACH,NY,11414,Queens,410,32,4294473,4140760118,QN57,40.65185427,-73.83807175
A0205050,INS-000815501,12/24/2024,2024,BA-1120651-2022,BA-1120651,ALMONTE HEIGHTS FOOD CORP.,,Supermarket - 819,Scale,Scale,Scale Inspection,Computing Scale - 01,11,11,0,,Complete Address,1525,86TH ST,,,,BROOKLYN,NY,11228,Brooklyn,311,47,3165664,3063410015,BK27,40.61107331,-74.00894649
A0205050,INS-000815501,12/24/2024,2024,BA-1120651-2022,BA-1120651,ALMONTE HEIGHTS FOOD CORP.,,Supermarket - 819,Scale,Scale,Scale Inspection,Pre-pack Scale - 01,3,3,0,,Complete Address,1525,86TH ST,,,,BROOKLYN,NY,11228,Brooklyn,311,47,3165664,3063410015,BK27,40.61107331,-74.00894649
A0181938,INS-000770591,08/07/2024,2024,BA-1102781-2022,BA-1102781,ALMONTE LANDS FOOD CORP.,,Supermarket - 819,Scale,Scale,Scale Inspection,Computing Scale - 01,10,9,1,Confiscated,Complete Address,5101,AVENUE N,,,,BROOKLYN,NY,11234,Brooklyn,318,46,3219997,3078760001,BK58,40.61902878,-73.92573597
A0190743,INS-000787645,09/27/2024,2024,BA-1102781-2022,BA-1102781,ALMONTE LANDS FOOD CORP.,,Supermarket - 819,Scale,Scale,Scale Inspection,Computing Scale - 01,1,1,0,,Complete Address,5101,AVENUE N,,,,BROOKLYN,NY,11234,Brooklyn,318,46,3219997,3078760001,BK58,40.61902878,-73.92573597
A0130914,INS-000658559,07/25/2023,2023,BA-1102781-2022,BA-1102781,ALMONTE LANDS FOOD CORP.,,Supermarket - 819,Scale,Scale,,Computing Scale - 01,11,11,0,,Complete Address,5101,AVENUE N,,,,BROOKLYN,NY,11234,Brooklyn,318,46,3219997,3078760001,BK58,40.61902878,-73.92573597
A0178246,INS-000762474,07/16/2024,2024,BA-1116900-2022,BA-1116900,ALMONTE PLAZA FOOD CORP,,Supermarket - 819,Scale,Scale,Scale Inspection,Computing Scale - 01,9,9,0,,Complete Address,675,LINCOLN AVE,,,,BROOKLYN,NY,11208,Brooklyn,305,42,3095889,3042710005,BK82,40.6726742,-73.86643565
A0217195,INS-000838784,03/20/2025,2025,BA-1116900-2022,BA-1116900,ALMONTE PLAZA FOOD CORP,,Supermarket - 819,Scale,Scale,Scale Inspection,Pre-pack Scale - 01,3,3,0,,Complete Address,675,LINCOLN AVE,,,,BROOKLYN,NY,11208,Brooklyn,305,42,3095889,3042710005,BK82,40.6726742,-73.86643565
A0217195,INS-000838784,03/20/2025,2025,BA-1116900-2022,BA-1116900,ALMONTE PLAZA FOOD CORP,,Supermarket - 819,Scale,Scale,Scale Inspection,Customer Scale - 01,1,1,0,,Complete Address,675,LINCOLN AVE,,,,BROOKLYN,NY,11208,Brooklyn,305,42,3095889,3042710005,BK82,40.6726742,-73.86643565
A0217195,INS-000838784,03/20/2025,2025,BA-1116900-2022,BA-1116900,ALMONTE PLAZA FOOD CORP,,Supermarket - 819,Scale,Scale,Scale Inspection,Computing Scale - 01,8,8,0,,Complete Address,675,LINCOLN AVE,,,,BROOKLYN,NY,11208,Brooklyn,305,42,3095889,3042710005,BK82,40.6726742,-73.86643565
A0174603,INS-000755148,06/20/2024,2024,BA-1120292-2022,BA-1120292,AMAL MEAT CORP,,Supermarket - 819,Scale,Scale,Scale Inspection,Computing Scale - 01,10,10,0,,Complete Address,16913,HILLSIDE AVE,,,,JAMAICA,NY,11432,Queens,408,24,4210573,4098440001,QN06,40.71080264,-73.79280442
A0135763,INS-000667077,09/18/2023,2023,BA-1116154-2022,BA-1116154,AMANA FOOD CORP.,,Supermarket - 819,Scale,Scale,Scale Inspection,Computing Scale - 01,10,10,0,,Complete Address,7720,JAMAICA AVE,,,,WOODHAVEN,NY,11421,Queens,409,32,4183181,4089080007,QN53,40.69182446,-73.86406059
A0217814,INS-000840277,03/25/2025,2025,BA-1116154-2022,BA-1116154,AMANA FOOD CORP.,,Supermarket - 819,Scale,Scale,Scale Inspection,Computing Scale - 01,9,9,0,,Complete Address,7720,JAMAICA AVE,,,,WOODHAVEN,NY,11421,Queens,409,32,4183181,4089080007,QN53,40.69182446,-73.86406059
A0154716,INS-000717508,02/16/2024,2024,BA-1677975-2023,BA-1677975,"AMH SUPERMARKET, LLC",,Supermarket - 819,Scale,Scale,Scale Inspection,Computing Scale - 01,4,4,0,,Complete Address,14811,HILLSIDE AVE,,,,JAMAICA,NY,11435,Queens,408,24,4207425,4097040063,QN61,40.70617696,-73.8082126
A0206832,INS-000819094,01/09/2025,2025,BA-1677975-2023,BA-1677975,"AMH SUPERMARKET, LLC",,Supermarket - 819,Scale,Scale,Scale Inspection,Computing Scale - 01,4,4,0,,Complete Address,14811,HILLSIDE AVE,,,,JAMAICA,NY,11435,Queens,408,24,4207425,4097040063,QN61,40.70617696,-73.8082126
A0177260,INS-000760485,07/10/2024,2024,BA-1124587-2022,BA-1124587,"AMISH MANHATTAN FARMER'S MARKET, INC.",,Supermarket - 819,Scale,Scale,Scale Inspection,Computing Scale - 01,13,13,0,,Complete Address,731,9TH AVE,,,,NEW YORK,NY,10019,Manhattan,104,3,1026649,1010590032,MN15,40.76319928,-73.98917038
A0129516,INS-000655851,07/27/2023,2023,BA-1126308-2022,BA-1126308,AMSTERDAM MARKETPLACE LLC,,Supermarket - 819,Scale,Scale,Scale Inspection,Computing Scale - 01,1,1,0,,Complete Address,401,AMSTERDAM AVE,,,,NEW YORK,NY,10024,Manhattan,107,6,1031752,1012100001,MN12,40.78329745,-73.97820422
A0159364,INS-000726535,03/20/2024,2024,BA-1689277-2024,BA-1689277,"ANTILLANA SUPERFOOD MEAT, CORP,",,Supermarket - 819,Scale,Scale,Scale Inspection,Computing Scale - 01,10,10,0,,Complete Address,3900,BROADWAY,,,,NEW YORK,NY,10032,Manhattan,112,10,1062924,1021220058,MN36,40.83789395,-73.94206513
A0186403,INS-000779710,09/04/2024,2024,BA-1108610-2022,BA-1108610,ANTONICO FOODS CORP.,,Supermarket - 819,Scale,Scale,Scale Inspection,Computing Scale - 01,21,21,0,,Complete Address,99,ELLIS ST,,,,STATEN ISLAND,NY,10307,Staten Island,503,51,5088569,5079910100,SI11,40.51606448,-74.24358246
A0149330,INS-000700954,01/05/2024,2024,BA-1597715-2023,BA-1597715,ASTORIA FARM FOOD CORP.,,Supermarket - 819,Scale,Scale,Scale Inspection,Computing Scale - 01,9,9,0,,Complete Address,3715,31ST AVE,,,,ASTORIA,NY,11103,Queens,401,22,4010550,4006590003,QN70,40.76198522,-73.91847969
A0149330,INS-000700954,01/05/2024,2024,BA-1597715-2023,BA-1597715,ASTORIA FARM FOOD CORP.,,Supermarket - 819,Scale,Scale,Scale Inspection,Pre-pack Scale - 01,3,3,0,,Complete Address,3715,31ST AVE,,,,ASTORIA,NY,11103,Queens,401,22,4010550,4006590003,QN70,40.76198522,-73.91847969
A0175240,INS-000756405,06/25/2024,2024,BA-1664665-2023,BA-1664665,AURORA 65 FOOD CORP.,,Supermarket - 819,Scale,Scale,Scale Inspection,Computing Scale - 01,5,5,0,,Complete Address,3907,65TH PL,,,,WOODSIDE,NY,11377,Queens,402,26,4030207,4012980027,QN63,40.74570163,-73.89895366
A0175240,INS-000756405,06/25/2024,2024,BA-1664665-2023,BA-1664665,AURORA 65 FOOD CORP.,,Supermarket - 819,Scale,Scale,Scale Inspection,Pre-pack Scale - 01,1,1,0,,Complete Address,3907,65TH PL,,,,WOODSIDE,NY,11377,Queens,402,26,4030207,4012980027,QN63,40.74570163,-73.89895366
A0130749,INS-000658303,08/09/2023,2023,BA-1664665-2023,BA-1664665,AURORA 65 FOOD CORP.,,Supermarket - 819,Scale,Scale,Scale Inspection,Computing Scale - 01,6,6,0,,Complete Address,3907,65TH PL,,,,WOODSIDE,NY,11377,Queens,402,26,4030207,4012980027,QN63,40.74570163,-73.89895366
A0175784,INS-000757510,06/28/2024,2024,BA-1115166-2022,BA-1115166,AV FOOD CORP,,Supermarket - 819,Scale,Scale,Scale Inspection,Computing Scale - 01,5,5,0,,Complete Address,630,E 169TH ST,,,,BRONX,NY,10456,Bronx,203,17,2004305,2026150031,BX35,40.83116333,-73.90089444
A0175784,INS-000757510,06/28/2024,2024,BA-1115166-2022,BA-1115166,AV FOOD CORP,,Supermarket - 819,Scale,Scale,Scale Inspection,Customer Scale - 01,1,1,0,,Complete Address,630,E 169TH ST,,,,BRONX,NY,10456,Bronx,203,17,2004305,2026150031,BX35,40.83116333,-73.90089444
A0178314,INS-000762630,07/16/2024,2024,BA-998616-2022,BA-998616-,B & F MARKET INC.,,Supermarket - 819,Scale,Scale,Scale Inspection,Computing Scale - 01,11,11,0,,Complete Address,1215,SUTTER AVENUE,,,,BROOKLYN,NY,11208,Brooklyn,305,42,3095362,3042480001,BK82,40.67261035,-73.87307614
A0175021,INS-000756004,06/25/2024,2024,BA-1699989-2024,BA-1699989,BAAM SUPERMARKET 13 AVENUE LLC,,Supermarket - 819,Scale,Scale,Scale Inspection,Computing Scale - 01,12,12,0,,Complete Address,1274,39TH ST,,,,BROOKLYN,NY,11218,Brooklyn,312,39,3123080,3052930029,BK88,40.64104603,-73.98700662
A0177909,INS-000761570,07/12/2024,2024,BA-1130237-2022,BA-1130237,BAKIR INC,,Supermarket - 819,Scale,Scale,Scale Inspection,Computing Scale - 01,9,9,0,,Complete Address,633,MARCY AVE,,,,BROOKLYN,NY,11206,Brooklyn,303,36,3425662,3017710005,BK75,40.69291712,-73.94870727
A0166362,INS-000738800,04/30/2024,2024,BA-1089779-2022,BA-1089779,BATFER FOOD CORP.,,Supermarket - 819,Scale,Scale,Scale Inspection,Computing Scale - 01,8,8,0,,Complete Address,256,E 167TH ST,,,,BRONX,NY,10456,Bronx,204,16,2002600,2024490053,BX14,40.83346341,-73.91463387
A0208512,INS-000822260,01/23/2025,2025,BA-1595858-2023,BA-1595858,BAYAN MEAT CORP,,Supermarket - 819,Scale,Scale,Scale Inspection,Computing Scale - 01,6,6,0,,Complete Address,170,BROAD ST,,,,STATEN ISLAND,NY,10304,Staten Island,501,49,5014175,5005450030,SI37,40.62431658,-74.08044797
A0158777,INS-000725543,03/18/2024,2024,BA-1125576-2022,BA-1125576,BAYFRUIT CORP.,,Supermarket - 819,Scale,Scale,Scale Inspection,Computing Scale - 01,1,1,0,,Complete Address,1717,AVENUE Z,,,,BROOKLYN,NY,11235,Brooklyn,315,48,3204044,3074380024,BK17,40.58820779,-73.95220089
A0154188,INS-000716332,02/12/2024,2024,BA-1125576-2022,BA-1125576,BAYFRUIT CORP.,,Supermarket - 819,Scale,Scale,Scale Inspection,Computing Scale - 01,17,17,0,,Complete Address,1717,AVENUE Z,,,,BROOKLYN,NY,11235,Brooklyn,315,48,3204044,3074380024,BK17,40.58820779,-73.95220089
A0154188,INS-000716332,02/12/2024,2024,BA-1125576-2022,BA-1125576,BAYFRUIT CORP.,,Supermarket - 819,Scale,Scale,Scale Inspection,No Fee Scale,1,0,3,Confiscated,Complete Address,1717,AVENUE Z,,,,BROOKLYN,NY,11235,Brooklyn,315,48,3204044,3074380024,BK17,40.58820779,-73.95220089
A0129090,INS-000655034,07/21/2023,2023,BA-1125381-2022,BA-1125381,BAYPARKWAY FOOD INC,,Supermarket - 819,Scale,Scale,Scale Inspection,Computing Scale - 01,7,7,0,,Complete Address,320,KINGS HWY,,,,BROOKLYN,NY,11223,Brooklyn,311,43,3176863,3066510027,BK29,40.60498096,-73.97857215
A0159328,INS-000726482,03/20/2024,2024,BA-1123744-2022,BA-1123744,"BAYSIDE MILK FARM, INC.",,Supermarket - 819,Scale,Scale,Scale Inspection,Computing Scale - 01,5,5,0,,Complete Address,3515,BELL BLVD,,,,BAYSIDE,NY,11361,Queens,411,19,4136526,4061730052,QN46,40.76873863,-73.77363099
A0159328,INS-000726482,03/20/2024,2024,BA-1123744-2022,BA-1123744,"BAYSIDE MILK FARM, INC.",,Supermarket - 819,Scale,Scale,Scale Inspection,Customer Scale - 01,2,2,0,,Complete Address,3515,BELL BLVD,,,,BAYSIDE,NY,11361,Queens,411,19,4136526,4061730052,QN46,40.76873863,-73.77363099
A0159328,INS-000726482,03/20/2024,2024,BA-1123744-2022,BA-1123744,"BAYSIDE MILK FARM, INC.",,Supermarket - 819,Scale,Scale,Scale Inspection,Pre-pack Scale - 01,2,2,0,,Complete Address,3515,BELL BLVD,,,,BAYSIDE,NY,11361,Queens,411,19,4136526,4061730052,QN46,40.76873863,-73.77363099
A0210495,INS-000827228,02/05/2025,2025,BA-1123744-2022,BA-1123744,"BAYSIDE MILK FARM, INC.",,Supermarket - 819,Scale,Scale,Scale Inspection,Customer Scale - 01,2,2,0,,Complete Address,3515,BELL BLVD,,,,BAYSIDE,NY,11361,Queens,411,19,4136526,4061730052,QN46,40.76873863,-73.77363099
A0210495,INS-000827228,02/05/2025,2025,BA-1123744-2022,BA-1123744,"BAYSIDE MILK FARM, INC.",,Supermarket - 819,Scale,Scale,Scale Inspection,Computing Scale - 01,5,5,0,,Complete Address,3515,BELL BLVD,,,,BAYSIDE,NY,11361,Queens,411,19,4136526,4061730052,QN46,40.76873863,-73.77363099
A0210495,INS-000827228,02/05/2025,2025,BA-1123744-2022,BA-1123744,"BAYSIDE MILK FARM, INC.",,Supermarket - 819,Scale,Scale,Scale Inspection,Pre-pack Scale - 01,2,2,0,,Complete Address,3515,BELL BLVD,,,,BAYSIDE,NY,11361,Queens,411,19,4136526,4061730052,QN46,40.76873863,-73.77363099
A0196670,INS-000799652,10/30/2024,2024,BA-1114461-2022,BA-1114461,BC FOOD & PRODUCE CORP.,,Supermarket - 819,Scale,Scale,Scale Inspection,Computing Scale - 01,10,10,0,,Complete Address,191,PARKSIDE AVE,,,,BROOKLYN,NY,11226,Brooklyn,309,40,3114662,3050260304,BK60,40.65516213,-73.96118101
A0158685,INS-000725268,03/15/2024,2024,BA-1127201-2022,BA-1127201,BC FOOD CORP.,,Supermarket - 819,Scale,Scale,Scale Inspection,Computing Scale - 01,18,18,0,,Complete Address,200,SCHERMERHORN STREET,,,,BROOKLYN,NY,11201,Brooklyn,302,33,3000541,3001710001,BK38,40.68882148,-73.98567397
A0144211,INS-000690939,11/24/2023,2023,BA-1127201-2022,BA-1127201,BC FOOD CORP.,,Supermarket - 819,Scale,Scale,Scale Inspection,Computing Scale - 01,18,18,0,,Complete Address,200,SCHERMERHORN STREET,,,,BROOKLYN,NY,11201,Brooklyn,302,33,3000541,3001710001,BK38,40.68882148,-73.98567397
A0163461,INS-000733778,04/12/2024,2024,BA-1121930-2022,BA-1121930,BEACH CHANNEL MEAT & PRODUCE CORP,,Supermarket - 819,Scale,Scale,Scale Inspection,Computing Scale - 01,13,13,0,,Complete Address,1329,BEACH CHANNEL DR,,,,FAR ROCKAWAY,NY,11691,Queens,414,31,4299557,4156610070,QN15,40.6061487,-73.75479957
A0163461,INS-000733778,04/12/2024,2024,BA-1121930-2022,BA-1121930,BEACH CHANNEL MEAT & PRODUCE CORP,,Supermarket - 819,Scale,Scale,Scale Inspection,Pre-pack Scale - 01,1,1,0,,Complete Address,1329,BEACH CHANNEL DR,,,,FAR ROCKAWAY,NY,11691,Queens,414,31,4299557,4156610070,QN15,40.6061487,-73.75479957
A0126834,INS-000651365,07/03/2023,2023,BA-1031403-2022,BA-1031403,BEDFORD BOULEVARD FOOD CORP.,,Supermarket - 819,Scale,Scale,Scale Inspection,Computing Scale - 01,17,17,0,,Complete Address,2870,WEBSTER AVE,,,,BRONX,NY,10458,Bronx,207,15,2000000,2032730122,BX06,40.86713051,-73.88382982
A0190865,INS-000787836,09/27/2024,2024,BA-1009675-2022,BA-1009675,"BERRY FRESH FARM, INC.",,Supermarket - 819,Scale,Scale,Scale Inspection,Customer Scale - 01,1,1,0,,Complete Address,4326,DITMARS BLVD,,,,ASTORIA,NY,11105,Queens,401,22,4595486,4007820001,QN72,40.7712374,-73.90379244
A0190865,INS-000787836,09/27/2024,2024,BA-1009675-2022,BA-1009675,"BERRY FRESH FARM, INC.",,Supermarket - 819,Scale,Scale,Scale Inspection,Computing Scale - 01,12,12,0,,Complete Address,4326,DITMARS BLVD,,,,ASTORIA,NY,11105,Queens,401,22,4595486,4007820001,QN72,40.7712374,-73.90379244
A0159396,INS-000726582,03/20/2024,2024,BA-1111905-2022,BA-1111905,BERRY GOODS SUPERMARKET CORP,,Supermarket - 819,Scale,Scale,Scale Inspection,Computing Scale - 01,6,6,0,,Complete Address,1413,AVENUE J,,,,BROOKLYN,NY,11230,Brooklyn,314,44,3179618,3067070047,BK43,40.62510977,-73.96210269
A0185365,INS-000777844,08/28/2024,2024,BA-1084519-2022,BA-1084519,BEST FOOD CORP OF NY,,Supermarket - 819,Scale,Scale,Scale Inspection,Computing Scale - 01,10,9,4,Confiscated,Complete Address,331,PORT RICHMOND AVE,,,,STATEN ISLAND,NY,10302,Staten Island,501,49,5095249,5010380004,SI28,40.63369506,-74.13628577
A0178361,INS-000762710,07/16/2024,2024,BA-1109059-2022,BA-1109059,BEYOND NATURAL MARKET INC,,Supermarket - 819,Scale,Scale,Scale Inspection,Computing Scale - 01,8,8,0,,Complete Address,195,MONTROSE AVE,,,,BROOKLYN,NY,11206,Brooklyn,301,34,3426421,3030547504,BK78,40.70754307,-73.94108194
A0133981,INS-000663917,09/01/2023,2023,BA-1002744-2022,BA-1002744,BFF FOOD CORP.,,Supermarket - 819,Scale,Scale,Scale Inspection,Computing Scale - 01,7,7,0,,Complete Address,4733,BELL BLVD,,,,BAYSIDE,NY,11361,Queens,411,19,4157770,4073460030,QN46,40.7564381,-73.76746802
A0206619,INS-000818510,01/07/2025,2025,BA-1002744-2022,BA-1002744,BFF FOOD CORP.,,Supermarket - 819,Scale,Scale,Scale Inspection,Pre-pack Scale - 01,2,2,0,,Complete Address,4733,BELL BLVD,,,,BAYSIDE,NY,11361,Queens,411,19,4157770,4073460030,QN46,40.7564381,-73.76746802
A0206619,INS-000818510,01/07/2025,2025,BA-1002744-2022,BA-1002744,BFF FOOD CORP.,,Supermarket - 819,Scale,Scale,Scale Inspection,Computing Scale - 01,4,4,0,,Complete Address,4733,BELL BLVD,,,,BAYSIDE,NY,11361,Queens,411,19,4157770,4073460030,QN46,40.7564381,-73.76746802
A0172332,INS-000750655,06/05/2024,2024,BA-1649428-2023,BA-1649428,BH KEY FOOD NY LLC,,Supermarket - 819,Scale,Scale,Scale Inspection,Computing Scale - 01,10,10,0,,Complete Address,22046,HILLSIDE AVE,,,,QUEENS VILLAGE,NY,11427,Queens,413,23,4166343,4079450002,QN43,40.73107573,-73.74258453
A0172332,INS-000750655,06/05/2024,2024,BA-1649428-2023,BA-1649428,BH KEY FOOD NY LLC,,Supermarket - 819,Scale,Scale,Scale Inspection,Customer Scale - 01,1,1,0,,Complete Address,22046,HILLSIDE AVE,,,,QUEENS VILLAGE,NY,11427,Queens,413,23,4166343,4079450002,QN43,40.73107573,-73.74258453
A0208585,INS-000822386,01/23/2025,2025,BA-1696710-2024,BA-1696710,BIG APPLE MARKET INC.,,Supermarket - 819,Scale,Scale,Scale Inspection,Computing Scale - 01,14,14,0,,Complete Address,577,9TH AVE,,,,NEW YORK,NY,10036,Manhattan,104,3,1089690,1010517503,MN15,40.75825902,-73.99276635
A0187048,INS-000781021,09/10/2024,2024,BA-1122826-2022,BA-1122826,BILLY BOY FOOD CORP.,,Supermarket - 819,Scale,Scale,Scale Inspection,Computing Scale - 01,8,8,0,,Complete Address,130,HAVEMEYER ST,,,,BROOKLYN,NY,11211,Brooklyn,301,34,3062830,3023950019,BK73,40.71232055,-73.95709693
A0176018,INS-000767540,06/26/2024,2024,BA-1701140-2024,BA-1701140,BLUE AND WHITE MARKETS INC,,Supermarket - 819,Scale,Scale,Scale Inspection,Computing Scale - 01,9,9,0,,Complete Address,,"2941 BROADWAY, NEW YORK, NY 10025",,,,NEW YORK,NY,10025,Outside NYC,,,,,,,
A0159836,INS-000727332,03/22/2024,2024,BA-1103551-2022,BA-1103551,BLUE SUPERMARKET INC,,Supermarket - 819,Scale,Scale,Scale Inspection,Computing Scale - 01,4,4,0,,Complete Address,515,TARGEE ST,,,,STATEN ISLAND,NY,10304,Staten Island,501,49,5043325,5028770048,SI08,40.61469029,-74.08469735
A0159836,INS-000727332,03/22/2024,2024,BA-1103551-2022,BA-1103551,BLUE SUPERMARKET INC,,Supermarket - 819,Scale,Scale,Scale Inspection,Pre-pack Scale - 01,2,2,0,,Complete Address,515,TARGEE ST,,,,STATEN ISLAND,NY,10304,Staten Island,501,49,5043325,5028770048,SI08,40.61469029,-74.08469735
A0210259,INS-000826869,02/04/2025,2025,BA-1103551-2022,BA-1103551,BLUE SUPERMARKET INC,,Supermarket - 819,Scale,Scale,Scale Inspection,Computing Scale - 01,6,6,0,,Complete Address,515,TARGEE ST,,,,STATEN ISLAND,NY,10304,Staten Island,501,49,5043325,5028770048,SI08,40.61469029,-74.08469735
A0181854,INS-000770431,08/07/2024,2024,BA-1604721-2023,BA-1604721,Bogopa Cambria Heights Inc,,Supermarket - 819,Scale,Scale,Scale Inspection,Computing Scale - 01,31,31,0,,Complete Address,21720,LINDEN BLVD,,,,CAMBRIA HEIGHTS,NY,11411,Queens,413,27,4274305,4127340015,QN33,40.6957826,-73.74221232
A0194056,INS-000784321,10/15/2024,2024,BA-1709418-2024,BA-1709418,"BOGOPA CROPSEY, INC.",,Supermarket - 819,Scale,Scale,Scale Inspection,Computing Scale - 01,4,4,0,,Complete Address,2965,CROPSEY AVE,,,,BROOKLYN,NY,11214,Brooklyn,313,47,3188541,3069970300,BK21,40.58270809,-73.98624035
A0194056,INS-000784321,10/15/2024,2024,BA-1709418-2024,BA-1709418,"BOGOPA CROPSEY, INC.",,Supermarket - 819,Scale,Scale,Scale Inspection,Customer Scale - 01,1,1,0,,Complete Address,2965,CROPSEY AVE,,,,BROOKLYN,NY,11214,Brooklyn,313,47,3188541,3069970300,BK21,40.58270809,-73.98624035
A0194056,INS-000784321,10/15/2024,2024,BA-1709418-2024,BA-1709418,"BOGOPA CROPSEY, INC.",,Supermarket - 819,Scale,Scale,Scale Inspection,Pre-pack Scale - 01,11,10,3,Confiscated,Complete Address,2965,CROPSEY AVE,,,,BROOKLYN,NY,11214,Brooklyn,313,47,3188541,3069970300,BK21,40.58270809,-73.98624035
A0130611,INS-000658072,08/08/2023,2023,BA-1605236-2023,BA-1605236,BOGOPA DOUGLASTON LLC,,Supermarket - 819,Scale,Scale,Scale Inspection,Computing Scale - 01,43,43,0,,Complete Address,24202,61ST AVE,,,,LITTLE NECK,NY,11362,Queens,411,23,4438369,4082860185,QN45,40.75554409,-73.73840044
A0206150,INS-000817584,01/03/2025,2025,BA-1605236-2023,BA-1605236,BOGOPA DOUGLASTON LLC,,Supermarket - 819,Scale,Scale,Scale Inspection,Computing Scale - 01,41,41,0,,Complete Address,24202,61ST AVE,,,,LITTLE NECK,NY,11362,Queens,411,23,4438369,4082860185,QN45,40.75554409,-73.73840044
A0130603,INS-000658065,08/08/2023,2023,BA-1114428-2022,BA-1114428,BOGOPA GATES INC,,Supermarket - 819,Scale,Scale,Scale Inspection,Computing Scale - 01,21,21,0,,Complete Address,1590,GATES AVE,,,,RIDGEWOOD,NY,11385,Queens,405,34,4082319,4034440001,QN20,40.70024499,-73.91147929
A0202620,INS-000810904,12/06/2024,2024,BA-1108386-2022,BA-1108386,BOGOPA ST. JOHN'S INC.,,Supermarket - 819,Scale,Scale,Scale Inspection,Computing Scale - 01,19,19,0,,Complete Address,1682,SAINT JOHNS PL,,,,BROOKLYN,NY,11233,Brooklyn,316,41,3039499,3014730016,BK79,40.67007649,-73.92187963
A0182152,INS-000771052,08/08/2024,2024,BA-1091668-2022,BA-1091668,"BOGOPA-170TH, INC.",,Supermarket - 819,Scale,Scale,Scale Inspection,Computing Scale - 01,21,21,0,,Complete Address,535,E 170TH ST,,,,BRONX,NY,10456,Bronx,203,16,2009624,2029260002,BX01,40.83493099,-73.90314382
A0182152,INS-000771052,08/08/2024,2024,BA-1091668-2022,BA-1091668,"BOGOPA-170TH, INC.",,Supermarket - 819,Scale,Scale,Scale Inspection,Customer Scale - 01,1,1,0,,Complete Address,535,E 170TH ST,,,,BRONX,NY,10456,Bronx,203,16,2009624,2029260002,BX01,40.83493099,-73.90314382
A0154589,INS-000717217,02/15/2024,2024,BA-1101356-2022,BA-1101356,BOGOPA-MADISON LLC,,Supermarket - 819,Scale,Scale,Scale Inspection,Customer Scale - 01,1,1,0,,Complete Address,1718,MADISON AVE,,,,NEW YORK,NY,10029,Manhattan,111,8,1080504,1016180001,MN34,40.79826491,-73.94611953
A0154589,INS-000717217,02/15/2024,2024,BA-1101356-2022,BA-1101356,BOGOPA-MADISON LLC,,Supermarket - 819,Scale,Scale,Scale Inspection,Computing Scale - 01,10,10,0,,Complete Address,1718,MADISON AVE,,,,NEW YORK,NY,10029,Manhattan,111,8,1080504,1016180001,MN34,40.79826491,-73.94611953
A0142719,INS-000688430,11/14/2023,2023,BA-988318-2022,BA-988318-,"BOGOPA, INC.",,Supermarket - 819,Scale,Scale,Scale Inspection,Computing Scale - 01,29,29,0,,Complete Address,1759,RIDGEWOOD PLACE,,UNIT,,BROOKLYN,NY,11237,Brooklyn,,,,,,,
A0174803,INS-000755540,06/21/2024,2024,BA-1113270-2022,BA-1113270,BONILLA FOOD CORP.,,Supermarket - 819,Scale,Scale,Scale Inspection,Computing Scale - 01,8,8,0,,Complete Address,22251,JAMAICA AVE,,,,QUEENS VILLAGE,NY,11428,Queens,413,23,4230247,4107410033,QN34,40.72095831,-73.73167454
A0204188,INS-000813912,12/17/2024,2024,BA-1035300-2022,BA-1035300,BREADBERRY INC,,Supermarket - 819,Scale,Scale,Scale Inspection,Customer Scale - 01,1,1,0,,Complete Address,1683,60TH ST,,,,BROOKLYN,NY,11204,Brooklyn,312,44,3131734,3055100047,BK88,40.62377064,-73.99013321
A0204188,INS-000813912,12/17/2024,2024,BA-1035300-2022,BA-1035300,BREADBERRY INC,,Supermarket - 819,Scale,Scale,Scale Inspection,Computing Scale - 01,13,13,0,,Complete Address,1683,60TH ST,,,,BROOKLYN,NY,11204,Brooklyn,312,44,3131734,3055100047,BK88,40.62377064,-73.99013321
A0204188,INS-000813912,12/17/2024,2024,BA-1035300-2022,BA-1035300,BREADBERRY INC,,Supermarket - 819,Scale,Scale,Scale Inspection,Pre-pack Scale - 01,2,2,0,,Complete Address,1683,60TH ST,,,,BROOKLYN,NY,11204,Brooklyn,312,44,3131734,3055100047,BK88,40.62377064,-73.99013321
A0199729,INS-000805426,11/19/2024,2024,BA-1583205-2023,BA-1583205,Bronxdale Vegs & Meat Corp,,Supermarket - 819,Scale,Scale,Scale Inspection,Computing Scale - 01,9,9,0,,Complete Address,1859,BRONXDALE AVE,,,,BRONX,NY,10462,Bronx,211,13,2043791,2040560063,BX37,40.84799299,-73.86025347
A0199729,INS-000805426,11/19/2024,2024,BA-1583205-2023,BA-1583205,Bronxdale Vegs & Meat Corp,,Supermarket - 819,Scale,Scale,Scale Inspection,Customer Scale - 01,1,1,0,,Complete Address,1859,BRONXDALE AVE,,,,BRONX,NY,10462,Bronx,211,13,2043791,2040560063,BX37,40.84799299,-73.86025347
A0130151,INS-000655935,08/03/2023,2023,BA-1583205-2023,BA-1583205,Bronxdale Vegs & Meat Corp,,Supermarket - 819,Scale,Scale,Scale Inspection,Computing Scale - 01,8,8,0,,Complete Address,1859,BRONXDALE AVE,,,,BRONX,NY,10462,Bronx,211,13,2043791,2040560063,BX37,40.84799299,-73.86025347
A0129416,INS-000655593,07/26/2023,2023,BA-1118269-2022,BA-1118269,"BRONZE & WHITE MARKETS, INC.",,Supermarket - 819,Scale,Scale,Scale Inspection,Computing Scale - 01,10,10,0,,Complete Address,917,9TH AVE,,,,NEW YORK,NY,10019,Manhattan,104,6,1085140,1010680003,MN14,40.768971,-73.98495996
A0205086,INS-000815546,12/24/2024,2024,BA-1118269-2022,BA-1118269,"BRONZE & WHITE MARKETS, INC.",,Supermarket - 819,Scale,Scale,Scale Inspection,Computing Scale - 01,5,5,0,,Complete Address,917,9TH AVE,,,,NEW YORK,NY,10019,Manhattan,104,6,1085140,1010680003,MN14,40.768971,-73.98495996
A0160871,INS-000729271,03/28/2024,2024,BA-991760-2022,BA-991760-,"BROWN & WHITE MARKETS, INC.",,Supermarket - 819,Scale,Scale,Scale Inspection,Computing Scale - 01,16,14,1,Confiscated,Complete Address,311,E 23RD ST,,,,NEW YORK,NY,10010,Manhattan,106,2,1084710,1009290001,,40.73766373,-73.98035538
A0201166,INS-000808261,11/27/2024,2024,BA-991760-2022,BA-991760-,"BROWN & WHITE MARKETS, INC.",,Supermarket - 819,Scale,Scale,Scale Inspection,Customer Scale - 01,1,1,0,,Complete Address,311,E 23RD ST,,,,NEW YORK,NY,10010,Manhattan,106,2,1084710,1009290001,,40.73766373,-73.98035538
A0152038,INS-000709520,01/29/2024,2024,BA-1222524-2022,BA-1222524,C & R FOOD CORP.,,Supermarket - 819,Scale,Scale,Scale Inspection,Computing Scale - 01,11,11,0,,Complete Address,708,E TREMONT AVE,,FRNT,1,BRONX,NY,10457,Bronx,206,15,2009975,2029500054,BX17,40.84522633,-73.89077144
A0160503,INS-000728670,03/27/2024,2024,BA-1186375-2022,BA-1186375,C-TOWN,,Supermarket - 819,Scale,Scale,Scale Inspection,Computing Scale - 01,5,5,0,,Complete Address,10854,GUY R BREWER BLVD,,,,JAMAICA,NY,11433,Queens,412,28,4216194,4101500061,QN01,40.69571344,-73.79063348
A0160503,INS-000728670,03/27/2024,2024,BA-1186375-2022,BA-1186375,C-TOWN,,Supermarket - 819,Scale,Scale,Scale Inspection,Pre-pack Scale - 01,3,3,0,,Complete Address,10854,GUY R BREWER BLVD,,,,JAMAICA,NY,11433,Queens,412,28,4216194,4101500061,QN01,40.69571344,-73.79063348
A0168666,INS-000743067,05/10/2024,2024,BA-1727171-2025,BA-1727171,C&A Supermarket INC,,Supermarket - 819,Scale,Scale,Scale Inspection,Customer Scale - 01,1,1,0,,Complete Address,4141,KISSENA BLVD,,,,FLUSHING,NY,11355,Queens,407,20,4309526,4050447501,QN22,40.75792572,-73.8284903
A0168666,INS-000743067,05/10/2024,2024,BA-1727171-2025,BA-1727171,C&A Supermarket INC,,Supermarket - 819,Scale,Scale,Scale Inspection,Pre-pack Scale - 01,6,6,0,,Complete Address,4141,KISSENA BLVD,,,,FLUSHING,NY,11355,Queens,407,20,4309526,4050447501,QN22,40.75792572,-73.8284903
A0168666,INS-000743067,05/10/2024,2024,BA-1727171-2025,BA-1727171,C&A Supermarket INC,,Supermarket - 819,Scale,Scale,Scale Inspection,Computing Scale - 01,11,11,0,,Complete Address,4141,KISSENA BLVD,,,,FLUSHING,NY,11355,Queens,407,20,4309526,4050447501,QN22,40.75792572,-73.8284903
A0157024,INS-000722380,03/05/2024,2024,BA-1168094-2022,BA-1168094,CALHOUN FOODS LLC,,Supermarket - 819,Scale,Scale,Scale Inspection,Computing Scale - 01,10,10,0,,Complete Address,13546,LEFFERTS BLVD,,,,S OZONE PARK,NY,11420,Queens,410,28,4256605,4118050047,QN55,40.6702684,-73.82097609
A0203725,INS-000812942,12/13/2024,2024,BA-1170533-2022,BA-1170533,"CALVI SUPERMARKET, INC.",,Supermarket - 819,Scale,Scale,Scale Inspection,Computing Scale - 01,9,9,0,,Complete Address,10766,CROSSBAY BLVD,,,,OZONE PARK,NY,11417,Queens,410,32,4190941,4091600209,QN56,40.67831967,-73.84417973
A0202966,INS-000811608,12/10/2024,2024,BA-1222571-2022,BA-1222571,CC MART CORP,,Supermarket - 819,Scale,Scale,Scale Inspection,Computing Scale - 01,7,7,0,,Complete Address,3008,CHURCH AVE,,,,BROOKLYN,NY,11226,Brooklyn,317,40,3327753,3048840001,BK95,40.6508098,-73.94937031
A0201409,INS-000808725,11/29/2024,2024,BA-1236795-2022,BA-1236795,CEE FOOD CORP,,Supermarket - 819,Scale,Scale,Scale Inspection,Computing Scale - 01,6,6,0,,Complete Address,844,DEKALB AVE,,,,BROOKLYN,NY,11221,Brooklyn,303,36,3049690,3017820010,BK35,40.6924227,-73.94215547
A0166284,INS-000738678,04/30/2024,2024,BA-1228234-2022,BA-1228234,CEM FOOD CORP,,Supermarket - 819,Scale,Scale,Scale Inspection,Computing Scale - 01,5,5,0,,Complete Address,256,LIVONIA AVE,,,,BROOKLYN,NY,11212,Brooklyn,316,41,3082153,3035900016,BK81,40.66261725,-73.90843302
A0175131,INS-000756203,06/25/2024,2024,BA-1191103-2022,BA-1191103,CENTER FRESH INC,,Supermarket - 819,Scale,Scale,Scale Inspection,Computing Scale - 01,7,7,0,,Complete Address,4517,13 AVENUE,,,,BROOKLYN,NY,11219,Brooklyn,312,44,3328600,3056170002,BK88,40.6371103,-73.98993307
A0200992,INS-000807914,11/26/2024,2024,BA-1252910-2022,BA-1252910,"CHANG FA FOOD MARKET, INC.",,Supermarket - 819,Scale,Scale,Scale Inspection,Computing Scale - 01,12,12,0,,Complete Address,1418,AVENUE U,,,,BROOKLYN,NY,11229,Brooklyn,315,48,3199526,3073470006,BK44,40.59875249,-73.95707268
A0135273,INS-000666045,09/13/2023,2023,BA-1252910-2022,BA-1252910,"CHANG FA FOOD MARKET, INC.",,Supermarket - 819,Scale,Scale,Scale Inspection,Computing Scale - 01,12,12,0,,Complete Address,1418,AVENUE U,,,,BROOKLYN,NY,11229,Brooklyn,315,48,3199526,3073470006,BK44,40.59875249,-73.95707268
A0176016,INS-000758088,06/26/2024,2024,BA-1195485-2022,BA-1195485,"CHANG LI SUPERMARKET, INC.",,Supermarket - 819,Scale,Scale,Scale Inspection,Computing Scale - 01,20,20,0,,Complete Address,2079,BENEDICT AVE,,,,BRONX,NY,10462,Bronx,209,18,2028967,2039320182,BX46,40.83455481,-73.85573198
A0199221,INS-000804378,11/15/2024,2024,BA-1652369-2023,BA-1652369,"CHANG XIN FOODS MARKET, INC.",,Supermarket - 819,Scale,Scale,Scale Inspection,Computing Scale - 01,9,9,0,,Complete Address,16723,UNION TPKE,,,,FRESH MEADOWS,NY,11366,Queens,408,24,4151757,4070030025,QN38,40.7227455,-73.8007944
A0207838,INS-000820798,01/16/2025,2025,BA-1238441-2022,BA-1238441,"CHANG XIN FOODS MARKET, INC.",,Supermarket - 819,Scale,Scale,Scale Inspection,Pre-pack Scale - 01,1,1,0,,Complete Address,16721,UNION TPKE,,,,FRESH MEADOWS,NY,11366,Queens,408,24,4151757,4070030025,QN38,40.72274004,-73.80080885
A0207838,INS-000820798,01/16/2025,2025,BA-1238441-2022,BA-1238441,"CHANG XIN FOODS MARKET, INC.",,Supermarket - 819,Scale,Scale,Scale Inspection,Customer Scale - 01,1,1,0,,Complete Address,16721,UNION TPKE,,,,FRESH MEADOWS,NY,11366,Queens,408,24,4151757,4070030025,QN38,40.72274004,-73.80080885
A0207838,INS-000820798,01/16/2025,2025,BA-1238441-2022,BA-1238441,"CHANG XIN FOODS MARKET, INC.",,Supermarket - 819,Scale,Scale,Scale Inspection,Computing Scale - 01,8,8,0,,Complete Address,16721,UNION TPKE,,,,FRESH MEADOWS,NY,11366,Queens,408,24,4151757,4070030025,QN38,40.72274004,-73.80080885
A0202673,INS-000811002,12/06/2024,2024,BA-1204841-2022,BA-1204841,"CHARLES SCATURRO & SON, INC",,Supermarket - 819,Scale,Scale,Scale Inspection,Computing Scale - 01,7,7,0,,Complete Address,6301,11TH AVE,,,,BROOKLYN,NY,11219,Brooklyn,310,43,3141772,3057380001,BK30,40.62971618,-74.00479874
A0202673,INS-000811002,12/06/2024,2024,BA-1204841-2022,BA-1204841,"CHARLES SCATURRO & SON, INC",,Supermarket - 819,Scale,Scale,Scale Inspection,Pre-pack Scale - 01,2,2,0,,Complete Address,6301,11TH AVE,,,,BROOKLYN,NY,11219,Brooklyn,310,43,3141772,3057380001,BK30,40.62971618,-74.00479874
A0202673,INS-000811002,12/06/2024,2024,BA-1204841-2022,BA-1204841,"CHARLES SCATURRO & SON, INC",,Supermarket - 819,Scale,Scale,Scale Inspection,Customer Scale - 01,1,1,0,,Complete Address,6301,11TH AVE,,,,BROOKLYN,NY,11219,Brooklyn,310,43,3141772,3057380001,BK30,40.62971618,-74.00479874
A0185678,INS-000778392,08/29/2024,2024,BA-1272268-2022,BA-1272268,"CHARLES SCATURRO & SONS, INC",,Supermarket - 819,Scale,Scale,Scale Inspection,Computing Scale - 01,7,7,0,,Complete Address,8439,JAMAICA AVE,,,,WOODHAVEN,NY,11421,Queens,409,32,4181517,4088530105,QN53,40.69240989,-73.86013962
A0201753,INS-000809432,12/03/2024,2024,BA-1017638-2022,BA-1017638,"CHERRY HILL GOURMET, INC.",,Supermarket - 819,Scale,Scale,Scale Inspection,Computing Scale - 01,16,16,0,,Complete Address,1901,EMMONS AVE,,,,BROOKLYN,NY,11235,Brooklyn,315,48,3326914,3087750041,BK17,40.58356514,-73.94943209
A0188312,INS-000783427,09/17/2024,2024,BA-1214420-2022,BA-1214420,CHERRY HILL MARKET CORP.,,Supermarket - 819,Scale,Scale,Scale Inspection,Computing Scale - 01,5,5,0,,Complete Address,2284,86TH ST,,,,BROOKLYN,NY,11214,Brooklyn,311,43,3167179,3063830046,BK28,40.60074745,-73.99188674
A0188312,INS-000783427,09/17/2024,2024,BA-1214420-2022,BA-1214420,CHERRY HILL MARKET CORP.,,Supermarket - 819,Scale,Scale,Scale Inspection,Pre-pack Scale - 01,6,6,0,,Complete Address,2284,86TH ST,,,,BROOKLYN,NY,11214,Brooklyn,311,43,3167179,3063830046,BK28,40.60074745,-73.99188674
A0171806,INS-000749548,05/31/2024,2024,BA-1696363-2024,BA-1696363,CHICKEN MEAT CORP,,Supermarket - 819,Scale,Scale,Scale Inspection,Computing Scale - 01,8,8,0,,Complete Address,1380,ROCKAWAY PKWY,,,,BROOKLYN,NY,11236,Brooklyn,318,46,3229386,3081650048,BK50,40.64598788,-73.90327756
A0171806,INS-000749548,05/31/2024,2024,BA-1696363-2024,BA-1696363,CHICKEN MEAT CORP,,Supermarket - 819,Scale,Scale,Scale Inspection,Misc Scale - 01,2,2,0,,Complete Address,1380,ROCKAWAY PKWY,,,,BROOKLYN,NY,11236,Brooklyn,318,46,3229386,3081650048,BK50,40.64598788,-73.90327756
A0171806,INS-000749548,05/31/2024,2024,BA-1696363-2024,BA-1696363,CHICKEN MEAT CORP,,Supermarket - 819,Scale,Scale,Scale Inspection,Pre-pack Scale - 01,3,3,0,,Complete Address,1380,ROCKAWAY PKWY,,,,BROOKLYN,NY,11236,Brooklyn,318,46,3229386,3081650048,BK50,40.64598788,-73.90327756
A0160984,INS-000729482,03/29/2024,2024,BA-1200615-2022,BA-1200615,"CHINATOWN SUPERMARKET OF MANHATTAN, INC.",,Supermarket - 819,Scale,Scale,Scale Inspection,Computing Scale - 01,15,15,0,,Complete Address,109,E BROADWAY,,,,NEW YORK,NY,10002,Manhattan,103,1,1088290,1002820023,MN27,40.71380777,-73.99309221
A0205345,INS-000816021,12/26/2024,2024,BA-1215416-2022,BA-1215416,CHIVO MEAT CORP.,,Supermarket - 819,Scale,Scale,Scale Inspection,Computing Scale - 01,13,13,0,,Complete Address,720,WASHINGTON AVE,,,,BROOKLYN,NY,11238,Brooklyn,308,35,3028878,3011600037,BK64,40.67630591,-73.96349404
A0156919,INS-000722179,03/05/2024,2024,BA-1678119-2023,BA-1678119,"CHRISTOPHER MINI MARKET, CORP.",,Supermarket - 819,Scale,Scale,Scale Inspection,Computing Scale - 01,3,3,0,,Complete Address,1539,WATSON AVE,,,,BRONX,NY,10472,Bronx,209,18,2023839,2037400001,BX55,40.8261403,-73.87779854
A0164346,INS-000735414,04/18/2024,2024,BA-1202847-2022,BA-1202847,"CHUNG FAT SUPERMARKET, INC.",,Supermarket - 819,Scale,Scale,Scale Inspection,Customer Scale - 01,1,1,0,,Complete Address,4182,MAIN ST,,,,FLUSHING,NY,11355,Queens,407,20,4115370,4051210037,QN22,40.75595778,-73.82851703
A0164346,INS-000735414,04/18/2024,2024,BA-1202847-2022,BA-1202847,"CHUNG FAT SUPERMARKET, INC.",,Supermarket - 819,Scale,Scale,Scale Inspection,Pre-pack Scale - 01,1,1,0,,Complete Address,4182,MAIN ST,,,,FLUSHING,NY,11355,Queens,407,20,4115370,4051210037,QN22,40.75595778,-73.82851703
A0164346,INS-000735414,04/18/2024,2024,BA-1202847-2022,BA-1202847,"CHUNG FAT SUPERMARKET, INC.",,Supermarket - 819,Scale,Scale,Scale Inspection,Computing Scale - 01,19,19,0,,Complete Address,4182,MAIN ST,,,,FLUSHING,NY,11355,Queens,407,20,4115370,4051210037,QN22,40.75595778,-73.82851703
A0166951,INS-000734843,05/02/2024,2024,BA-1197652-2022,BA-1197652,"CITARELLA EAST, INC.",,Supermarket - 819,Scale,Scale,Scale Inspection,Pre-pack Scale - 01,3,3,0,,Complete Address,1313,3RD AVE,,,,NEW YORK,NY,10021,Manhattan,108,5,1044055,1014300002,MN31,40.77184394,-73.95906232
A0130951,INS-000658618,08/10/2023,2023,BA-1197652-2022,BA-1197652,"CITARELLA EAST, INC.",,Supermarket - 819,Scale,Scale,Scale Inspection,Computing Scale - 01,23,23,0,,Complete Address,1313,3RD AVE,,,,NEW YORK,NY,10021,Manhattan,108,5,1044055,1014300002,MN31,40.77184394,-73.95906232
A0138201,INS-000680807,10/04/2023,2023,BA-1240275-2022,BA-1240275,CITARELLA WEST LLC,,Supermarket - 819,Scale,Scale,Scale Inspection,Computing Scale - 01,22,22,0,,Complete Address,2135,BROADWAY,,,,NEW YORK,NY,10023,Manhattan,107,6,1030728,1011660045,MN12,40.7808497,-73.98137172
A0178485,INS-000762949,07/17/2024,2024,BA-1702759-2024,BA-1702759,CITY PLAZA MEAT II CORP.,,Supermarket - 819,Scale,Scale,Scale Inspection,Computing Scale - 01,6,6,0,,Complete Address,592,SUTTER AVE,,,,BROOKLYN,NY,11207,Brooklyn,305,42,3328038,3037700022,BK85,40.66910444,-73.89696451
A0157764,INS-000723622,03/11/2024,2024,BA-1223348-2022,BA-1223348,"COVERT SUPERMARKET, LLC",,Supermarket - 819,Scale,Scale,Scale Inspection,Computing Scale - 01,8,8,0,,Complete Address,1657,BROADWAY,,,,BROOKLYN,NY,11207,Brooklyn,304,37,3400943,3034200001,BK78,40.68461778,-73.91345789
A0157764,INS-000723622,03/11/2024,2024,BA-1223348-2022,BA-1223348,"COVERT SUPERMARKET, LLC",,Supermarket - 819,Scale,Scale,Scale Inspection,Pre-pack Scale - 01,2,2,0,,Complete Address,1657,BROADWAY,,,,BROOKLYN,NY,11207,Brooklyn,304,37,3400943,3034200001,BK78,40.68461778,-73.91345789
A0150272,INS-000703539,01/16/2024,2024,BA-1194432-2022,BA-1194432,CR MEAT & PRODUCE CORP,,Supermarket - 819,Scale,Scale,Scale Inspection,Computing Scale - 01,14,14,0,,Complete Address,245,BEACH 20TH ST,,,,FAR ROCKAWAY,NY,11691,Queens,414,31,4301264,4157800075,QN15,40.59619185,-73.75413037
A0141939,INS-000686623,11/03/2023,2023,BA-1200670-2022,BA-1200670,CRYSTAL & CHRIS FOOD CORP.,,Supermarket - 819,Scale - Condemned Follow-up,Scale,Scale Inspection,Computing Scale - 01,1,1,0,,Complete Address,10854,GUY R BREWER BLVD,,,,JAMAICA,NY,11433,Queens,412,28,4216194,4101500061,QN01,40.69571344,-73.79063348
A0130498,INS-000657883,08/07/2023,2023,BA-1200670-2022,BA-1200670,CRYSTAL & CHRIS FOOD CORP.,,Supermarket - 819,Scale,Scale,Scale Inspection,Computing Scale - 01,8,5,3,Confiscated,Complete Address,10854,GUY R BREWER BLVD,,,,JAMAICA,NY,11433,Queens,412,28,4216194,4101500061,QN01,40.69571344,-73.79063348
A0207072,INS-000819427,01/10/2025,2025,BA-1200670-2022,BA-1200670,CRYSTAL & CHRIS FOOD CORP.,,Supermarket - 819,Scale,Scale,Scale Inspection,Computing Scale - 01,9,9,0,,Complete Address,10854,GUY R BREWER BLVD,,,,JAMAICA,NY,11433,Queens,412,28,4216194,4101500061,QN01,40.69571344,-73.79063348
A0181309,INS-000769362,08/02/2024,2024,BA-1703828-2024,BA-1703828,CTown Supermarkets,,Supermarket - 819,Scale,Scale,Scale Inspection,Computing Scale - 01,9,9,0,,Complete Address,1999,1ST AVE,,,,NEW YORK,NY,10029,Manhattan,111,8,1086440,1016747501,MN33,40.78759941,-73.94155638
A0184474,INS-000775955,08/22/2024,2024,BA-1706794-2024,BA-1706794,D & G FOOD MARKET CORP.,,Supermarket - 819,Scale,Scale,Scale Inspection,Computing Scale - 01,6,6,0,,Complete Address,1161,SUTTER AVE,,,,BROOKLYN,NY,11208,Brooklyn,305,42,3095336,3042460044,BK82,40.67232988,-73.87512789
A0185321,INS-000777781,08/28/2024,2024,BA-1672032-2023,BA-1672032,D & J MEAT AND PRODUCE LLC,,Supermarket - 819,Scale,Scale,Scale Inspection,Computing Scale - 01,7,7,0,,Complete Address,385,CITY ISLAND AVE,,,,BRONX,NY,10464,Bronx,210,13,2082322,2056330113,BX10,40.84883632,-73.78709001
A0185321,INS-000777781,08/28/2024,2024,BA-1672032-2023,BA-1672032,D & J MEAT AND PRODUCE LLC,,Supermarket - 819,Scale,Scale,Scale Inspection,Customer Scale - 01,1,1,0,,Complete Address,385,CITY ISLAND AVE,,,,BRONX,NY,10464,Bronx,210,13,2082322,2056330113,BX10,40.84883632,-73.78709001
A0137340,INS-000679135,09/28/2023,2023,BA-1672032-2023,BA-1672032,D & J MEAT AND PRODUCE LLC,,Supermarket - 819,Scale,Scale,Scale Inspection,Computing Scale - 01,6,6,0,,Complete Address,385,CITY ISLAND AVE,,,,BRONX,NY,10464,Bronx,210,13,2082322,2056330113,BX10,40.84883632,-73.78709001
A0199906,INS-000805737,11/20/2024,2024,BA-1043042-2022,BA-1043042,D & L FOOD CORP.,,Supermarket - 819,Scale,Scale,Scale Inspection,Computing Scale - 01,8,8,0,,Complete Address,239,BOND ST,,,,BROOKLYN,NY,11217,Brooklyn,306,39,3006593,3004110003,BK38,40.6821547,-73.98806944
A0129136,INS-000655099,07/21/2023,2023,BA-1043042-2022,BA-1043042,D & L FOOD CORP.,,Supermarket - 819,Scale,Scale,Scale Inspection,Computing Scale - 01,8,8,0,,Complete Address,239,BOND ST,,,,BROOKLYN,NY,11217,Brooklyn,306,39,3006593,3004110003,BK38,40.6821547,-73.98806944
A0153978,INS-000715808,02/09/2024,2024,BA-1212475-2022,BA-1212475,"D & S PRODUCE, INC.",,Supermarket - 819,Scale,Scale,Scale Inspection,Pre-pack Scale - 01,2,2,0,,Complete Address,160,E 110TH ST,,,,NEW YORK,NY,10029,Manhattan,111,8,1084325,1016370043,MN33,40.79449524,-73.9436956
A0153978,INS-000715808,02/09/2024,2024,BA-1212475-2022,BA-1212475,"D & S PRODUCE, INC.",,Supermarket - 819,Scale,Scale,Scale Inspection,Computing Scale - 01,10,10,0,,Complete Address,160,E 110TH ST,,,,NEW YORK,NY,10029,Manhattan,111,8,1084325,1016370043,MN33,40.79449524,-73.9436956
A0208763,INS-000822635,01/24/2025,2025,BA-1212475-2022,BA-1212475,"D & S PRODUCE, INC.",,Supermarket - 819,Scale,Scale,Scale Inspection,Pre-pack Scale - 01,1,1,0,,Complete Address,160,E 110TH ST,,,,NEW YORK,NY,10029,Manhattan,111,8,1084325,1016370043,MN33,40.79449524,-73.9436956
A0208763,INS-000822635,01/24/2025,2025,BA-1212475-2022,BA-1212475,"D & S PRODUCE, INC.",,Supermarket - 819,Scale,Scale,Scale Inspection,Computing Scale - 01,8,8,0,,Complete Address,160,E 110TH ST,,,,NEW YORK,NY,10029,Manhattan,111,8,1084325,1016370043,MN33,40.79449524,-73.9436956
A0168335,INS-000742529,05/09/2024,2024,BA-1230507-2022,BA-1230507,D & Z SUPERMARKET CORP,,Supermarket - 819,Scale,Scale,Scale Inspection,Computing Scale - 01,6,6,0,,Complete Address,7700,QUEENS BLVD,,,,ELMHURST,NY,11373,Queens,404,30,4056456,4024520001,QN50,40.73844365,-73.88626984
A0168335,INS-000742529,05/09/2024,2024,BA-1230507-2022,BA-1230507,D & Z SUPERMARKET CORP,,Supermarket - 819,Scale,Scale,Scale Inspection,Customer Scale - 01,1,1,0,,Complete Address,7700,QUEENS BLVD,,,,ELMHURST,NY,11373,Queens,404,30,4056456,4024520001,QN50,40.73844365,-73.88626984
A0168335,INS-000742529,05/09/2024,2024,BA-1230507-2022,BA-1230507,D & Z SUPERMARKET CORP,,Supermarket - 819,Scale,Scale,Scale Inspection,Pre-pack Scale - 01,8,8,0,,Complete Address,7700,QUEENS BLVD,,,,ELMHURST,NY,11373,Queens,404,30,4056456,4024520001,QN50,40.73844365,-73.88626984
A0174712,INS-000755342,06/21/2024,2024,BA-1230287-2022,BA-1230287,D.A.R. FOOD CORP.,,Supermarket - 819,Scale,Scale,Scale Inspection,Computing Scale - 01,12,12,0,,Complete Address,4407,GREENPOINT AVE,,,,SUNNYSIDE,NY,11104,Queens,402,26,4001965,4001660001,QN31,40.74145609,-73.92076024
A0174712,INS-000755342,06/21/2024,2024,BA-1230287-2022,BA-1230287,D.A.R. FOOD CORP.,,Supermarket - 819,Scale,Scale,Scale Inspection,Pre-pack Scale - 01,2,2,0,,Complete Address,4407,GREENPOINT AVE,,,,SUNNYSIDE,NY,11104,Queens,402,26,4001965,4001660001,QN31,40.74145609,-73.92076024
A0136821,INS-000678384,09/25/2023,2023,BA-1230287-2022,BA-1230287,D.A.R. FOOD CORP.,,Supermarket - 819,Scale,Scale,Scale Inspection,Computing Scale - 01,18,18,0,,Complete Address,4407,GREENPOINT AVE,,,,SUNNYSIDE,NY,11104,Queens,402,26,4001965,4001660001,QN31,40.74145609,-73.92076024
A0186785,INS-000780393,09/06/2024,2024,BA-1199909-2022,BA-1199909,"D'AGOSTINO'S MARKETS, LLC",,Supermarket - 819,Scale,Scale,Scale Inspection,Computing Scale - 01,8,8,0,,Complete Address,790,GREENWICH ST,,,,NEW YORK,NY,10014,Manhattan,102,3,1012065,1006400057,MN23,40.73718489,-74.00650606
A0127292,INS-000652124,07/07/2023,2023,BA-1205240-2022,BA-1205240,"D'AGOSTINO'S MARKETS, LLC",,Supermarket - 819,Scale,Scale,Scale Inspection,Computing Scale - 01,8,8,0,,Complete Address,633,COLUMBUS AVE,,,,NEW YORK,NY,10024,Manhattan,107,6,1031595,1012040001,,40.78947674,-73.96997927
A0210542,INS-000827310,02/05/2025,2025,BA-1213253-2022,BA-1213253,"D'AGOSTINO'S MARKETS, LLC",,Supermarket - 819,Scale,Scale,Scale Inspection,Pre-pack Scale - 01,2,2,0,,Complete Address,815,10TH AVE,,,,NEW YORK,NY,10019,Manhattan,104,6,1087122,1010830029,MN15,40.76728627,-73.98990617
A0210542,INS-000827310,02/05/2025,2025,BA-1213253-2022,BA-1213253,"D'AGOSTINO'S MARKETS, LLC",,Supermarket - 819,Scale,Scale,Scale Inspection,Customer Scale - 01,1,1,0,,Complete Address,815,10TH AVE,,,,NEW YORK,NY,10019,Manhattan,104,6,1087122,1010830029,MN15,40.76728627,-73.98990617
A0210542,INS-000827310,02/05/2025,2025,BA-1213253-2022,BA-1213253,"D'AGOSTINO'S MARKETS, LLC",,Supermarket - 819,Scale,Scale,Scale Inspection,Computing Scale - 01,6,6,0,,Complete Address,815,10TH AVE,,,,NEW YORK,NY,10019,Manhattan,104,6,1087122,1010830029,MN15,40.76728627,-73.98990617
A0154580,INS-000717203,02/15/2024,2024,BA-1172783-2022,BA-1172783,DAGOSTINO SUPERMARKETS INC.,,Supermarket - 819,Scale,Scale,Scale Inspection,Computing Scale - 01,9,9,0,,Complete Address,341,3RD AVE,,,,NEW YORK,NY,10010,Manhattan,106,2,1019821,1009060001,MN20,40.74020291,-73.98213729
A0185333,INS-000777793,08/28/2024,2024,BA-1213339-2022,BA-1213339,DAGOSTINOS MARKETS LLC,,Supermarket - 819,Scale,Scale,Scale Inspection,Computing Scale - 01,8,8,0,,Complete Address,966,1ST AVE,,,,NEW YORK,NY,10022,Manhattan,106,4,1040162,1013657501,MN19,40.7558467,-73.96470655
A0138468,INS-000681256,10/06/2023,2023,BA-1635209-2023,BA-1635209,DAN'S SUPREME SUPERMARKETS INC.,,Supermarket - 819,Scale,Scale,Scale Inspection,Computing Scale - 01,18,18,0,,Complete Address,21414,73RD AVE,,,,OAKLAND GDNS,NY,11364,Queens,411,23,4444451,4077320050,QN42,40.7403626,-73.7597114
A0206751,INS-000818820,01/09/2025,2025,BA-1635209-2023,BA-1635209,DAN'S SUPREME SUPERMARKETS INC.,,Supermarket - 819,Scale,Scale,Scale Inspection,Computing Scale - 01,18,18,0,,Complete Address,21414,73RD AVE,,,,OAKLAND GDNS,NY,11364,Queens,411,23,4444451,4077320050,QN42,40.7403626,-73.7597114
A0187803,INS-000782425,09/12/2024,2024,BA-1232293-2022,BA-1232293,DANS SUPREME SUPERMARKETS INC,,Supermarket - 819,Scale,Scale,Scale Inspection,Computing Scale - 01,17,17,0,,Complete Address,450,FOREST AVE,,,,STATEN ISLAND,NY,10301,Staten Island,501,49,5007151,5002590001,SI35,40.63071462,-74.10443172
A0189542,INS-000784967,09/23/2024,2024,BA-1232293-2022,BA-1232293,DANS SUPREME SUPERMARKETS INC,,Supermarket - 819,Scale,Scale,Scale Inspection,Computing Scale - 01,1,1,0,,Complete Address,450,FOREST AVE,,,,STATEN ISLAND,NY,10301,Staten Island,501,49,5007151,5002590001,SI35,40.63071462,-74.10443172
A0168648,INS-000741991,05/10/2024,2024,BA-1231912-2022,BA-1231912,DANS SUPREME SUPERMARKETS INC,,Supermarket - 819,Scale,Scale,Scale Inspection,Computing Scale - 01,1,1,0,,Complete Address,540,W 235TH ST,,,,BRONX,NY,10463,Bronx,208,11,2084091,2057860204,BX29,40.88550152,-73.90917844
A0191316,INS-000788689,10/01/2024,2024,BA-1232646-2022,BA-1232646,DANS SUPREME SUPERMARKETS INC,,Supermarket - 819,Scale,Scale,Scale Inspection,Computing Scale - 01,25,25,0,,Complete Address,15355,CROSS ISLAND PKWY,,,,WHITESTONE,NY,11357,Queens,407,19,4439673,4047170016,QN49,40.78693887,-73.80835191
A0157698,INS-000721566,03/11/2024,2024,BA-1231912-2022,BA-1231912,DANS SUPREME SUPERMARKETS INC,,Supermarket - 819,Scale,Scale,Scale Inspection,Computing Scale - 01,1,1,0,,Complete Address,540,W 235TH ST,,,,BRONX,NY,10463,Bronx,208,11,2084091,2057860204,BX29,40.88550152,-73.90917844
A0162867,INS-000730874,04/10/2024,2024,BA-1231912-2022,BA-1231912,DANS SUPREME SUPERMARKETS INC,,Supermarket - 819,Scale,Scale,Scale Inspection,Computing Scale - 01,20,20,0,,Complete Address,540,W 235TH ST,,,,BRONX,NY,10463,Bronx,208,11,2084091,2057860204,BX29,40.88550152,-73.90917844
A0213860,INS-000832905,02/27/2025,2025,BA-1231912-2022,BA-1231912,DANS SUPREME SUPERMARKETS INC,,Supermarket - 819,Scale,Scale,Scale Inspection,Computing Scale - 01,18,18,0,,Complete Address,540,W 235TH ST,,,,BRONX,NY,10463,Bronx,208,11,2084091,2057860204,BX29,40.88550152,-73.90917844
A0213860,INS-000832905,02/27/2025,2025,BA-1231912-2022,BA-1231912,DANS SUPREME SUPERMARKETS INC,,Supermarket - 819,Scale,Scale,Scale Inspection,Customer Scale - 01,1,1,0,,Complete Address,540,W 235TH ST,,,,BRONX,NY,10463,Bronx,208,11,2084091,2057860204,BX29,40.88550152,-73.90917844
A0161094,INS-000729637,03/29/2024,2024,BA-1690258-2024,BA-1690258,DAY FRESH 75 BROADWAY INC,,Supermarket - 819,Scale,Scale,Scale Inspection,Computing Scale - 01,14,14,0,,Complete Address,75,E BROADWAY,,,,NEW YORK,NY,10002,Manhattan,103,1,1081960,1002820003,MN27,40.71370628,-73.99434031
A0214591,INS-000834166,03/05/2025,2025,BA-1690258-2024,BA-1690258,DAY FRESH 75 BROADWAY INC,,Supermarket - 819,Scale,Scale,Scale Inspection,Computing Scale - 01,14,14,0,,Complete Address,75,E BROADWAY,,,,NEW YORK,NY,10002,Manhattan,103,1,1081960,1002820003,MN27,40.71370628,-73.99434031
A0160369,INS-000728452,03/26/2024,2024,BA-1596319-2023,BA-1596319,DEKALB FRESH MARKET LLC,,Supermarket - 819,Scale,Scale,Scale Inspection,Computing Scale - 01,5,5,0,,Complete Address,825,DEKALB AVE,,,,BROOKLYN,NY,11221,Brooklyn,303,36,3424850,3017767504,BK75,40.69228612,-73.94349343
A0160369,INS-000728452,03/26/2024,2024,BA-1596319-2023,BA-1596319,DEKALB FRESH MARKET LLC,,Supermarket - 819,Scale,Scale,Scale Inspection,Customer Scale - 01,1,1,0,,Complete Address,825,DEKALB AVE,,,,BROOKLYN,NY,11221,Brooklyn,303,36,3424850,3017767504,BK75,40.69228612,-73.94349343
A0160369,INS-000728452,03/26/2024,2024,BA-1596319-2023,BA-1596319,DEKALB FRESH MARKET LLC,,Supermarket - 819,Scale,Scale,Scale Inspection,Pre-pack Scale - 01,3,3,0,,Complete Address,825,DEKALB AVE,,,,BROOKLYN,NY,11221,Brooklyn,303,36,3424850,3017767504,BK75,40.69228612,-73.94349343
A0174544,INS-000755030,06/20/2024,2024,BA-1654868-2023,BA-1654868,DEVIN FOOD CORP,,Supermarket - 819,Scale,Scale,Scale Inspection,Computing Scale - 01,7,7,0,,Complete Address,14840,HILLSIDE AVE,,,,JAMAICA,NY,11435,Queens,412,27,4207108,4096940023,QN61,40.70617412,-73.8081549
A0174544,INS-000755030,06/20/2024,2024,BA-1654868-2023,BA-1654868,DEVIN FOOD CORP,,Supermarket - 819,Scale,Scale,Scale Inspection,Customer Scale - 01,1,1,0,,Complete Address,14840,HILLSIDE AVE,,,,JAMAICA,NY,11435,Queens,412,27,4207108,4096940023,QN61,40.70617412,-73.8081549
A0174544,INS-000755030,06/20/2024,2024,BA-1654868-2023,BA-1654868,DEVIN FOOD CORP,,Supermarket - 819,Scale,Scale,Scale Inspection,Pre-pack Scale - 01,1,1,0,,Complete Address,14840,HILLSIDE AVE,,,,JAMAICA,NY,11435,Queens,412,27,4207108,4096940023,QN61,40.70617412,-73.8081549
A0132202,INS-000660959,08/21/2023,2023,BA-1654868-2023,BA-1654868,DEVIN FOOD CORP,,Supermarket - 819,Scale,Scale,Scale Inspection,Computing Scale - 01,9,9,0,,Complete Address,14840,HILLSIDE AVE,,,,JAMAICA,NY,11435,Queens,412,27,4207108,4096940023,QN61,40.70617412,-73.8081549
A0206704,INS-000818740,01/09/2025,2025,BA-1654868-2023,BA-1654868,DEVIN FOOD CORP,,Supermarket - 819,Scale,Scale,Scale Inspection,Computing Scale - 01,9,9,0,,Complete Address,14840,HILLSIDE AVE,,,,JAMAICA,NY,11435,Queens,412,27,4207108,4096940023,QN61,40.70617412,-73.8081549
A0173264,INS-000752558,06/11/2024,2024,BA-1196459-2022,BA-1196459,DKA FOOD CORP.,,Supermarket - 819,Scale,Scale,Scale Inspection,Computing Scale - 01,8,8,0,,Complete Address,1125,FULTON STREET,,,,BROOKLYN,NY,11238,Brooklyn,303,36,3057398,3019970053,BK69,40.68134293,-73.95662291
A0210665,INS-000827511,02/05/2025,2025,BA-1217230-2022,BA-1217230,DYNASTY MEAT CORP.,,Supermarket - 819,Scale,Scale,Scale Inspection,Pre-pack Scale - 01,9,9,0,,Complete Address,4610,QUEENS BLVD,,,,SUNNYSIDE,NY,11104,Queens,402,26,4001549,4001520005,QN31,40.74312332,-73.91849194
A0210665,INS-000827511,02/05/2025,2025,BA-1217230-2022,BA-1217230,DYNASTY MEAT CORP.,,Supermarket - 819,Scale,Scale,Scale Inspection,Computing Scale - 01,9,9,0,,Complete Address,4610,QUEENS BLVD,,,,SUNNYSIDE,NY,11104,Queens,402,26,4001549,4001520005,QN31,40.74312332,-73.91849194
A0210665,INS-000827511,02/05/2025,2025,BA-1217230-2022,BA-1217230,DYNASTY MEAT CORP.,,Supermarket - 819,Scale,Scale,Scale Inspection,Customer Scale - 01,1,1,0,,Complete Address,4610,QUEENS BLVD,,,,SUNNYSIDE,NY,11104,Queens,402,26,4001549,4001520005,QN31,40.74312332,-73.91849194
A0157240,INS-000722693,03/06/2024,2024,BA-1724959-2025,BA-1724959,E & H SEAFOOD & MEAT MARKET INC,,Supermarket - 819,Scale,Scale,Scale Inspection,Computing Scale - 01,12,12,0,,Complete Address,1805,AVENUE U,,,,BROOKLYN,NY,11229,Brooklyn,315,48,3198242,3073230044,BK44,40.59917375,-73.95338498
A0166338,INS-000738766,04/30/2024,2024,BA-1184052-2022,BA-1184052,E & M FOOD MARKET CORP,,Supermarket - 819,Scale,Scale,Scale Inspection,Computing Scale - 01,7,7,0,,Complete Address,760,MELROSE AVE,,,,BRONX,NY,10451,Bronx,201,17,2114124,2023780001,BX34,40.82143106,-73.91528882
A0166338,INS-000738766,04/30/2024,2024,BA-1184052-2022,BA-1184052,E & M FOOD MARKET CORP,,Supermarket - 819,Scale,Scale,Scale Inspection,Customer Scale - 01,1,1,0,,Complete Address,760,MELROSE AVE,,,,BRONX,NY,10451,Bronx,201,17,2114124,2023780001,BX34,40.82143106,-73.91528882
A0217590,INS-000839465,03/21/2025,2025,BA-1184052-2022,BA-1184052,E & M FOOD MARKET CORP,,Supermarket - 819,Scale,Scale,Scale Inspection,Computing Scale - 01,7,6,1,Confiscated,Complete Address,760,MELROSE AVE,,,,BRONX,NY,10451,Bronx,201,17,2114124,2023780001,BX34,40.82143106,-73.91528882
A0204547,INS-000814588,12/19/2024,2024,BA-1613829-2023,BA-1613829,EAST 93RD STREET FOOD CORP.,,Supermarket - 819,Scale,Scale,Scale Inspection,Computing Scale - 01,8,8,0,,Complete Address,80,E 93RD ST,,,,BROOKLYN,NY,11212,Brooklyn,317,41,3346868,3045950215,BK96,40.66245484,-73.92696359
A0184147,INS-000775276,08/21/2024,2024,BA-1161224-2022,BA-1161224,EAST NEW YORK KOSHER CORP.,,Supermarket - 819,Scale,Scale,Scale Inspection,Computing Scale - 01,5,5,0,,Complete Address,589,E NEW YORK AVE,,,,BROOKLYN,NY,11225,Brooklyn,309,40,3035484,3013320038,BK60,40.66202495,-73.94342896
A0184147,INS-000775276,08/21/2024,2024,BA-1161224-2022,BA-1161224,EAST NEW YORK KOSHER CORP.,,Supermarket - 819,Scale,Scale,Scale Inspection,Customer Scale - 01,2,2,0,,Complete Address,589,E NEW YORK AVE,,,,BROOKLYN,NY,11225,Brooklyn,309,40,3035484,3013320038,BK60,40.66202495,-73.94342896
A0184147,INS-000775276,08/21/2024,2024,BA-1161224-2022,BA-1161224,EAST NEW YORK KOSHER CORP.,,Supermarket - 819,Scale,Scale,Scale Inspection,Pre-pack Scale - 01,7,7,0,,Complete Address,589,E NEW YORK AVE,,,,BROOKLYN,NY,11225,Brooklyn,309,40,3035484,3013320038,BK60,40.66202495,-73.94342896
A0138660,INS-000681565,10/10/2023,2023,BA-1221468-2022,BA-1221468,EASTERN FRUIT & VEGETABLE INC.,,Supermarket - 819,Scale,Scale,Scale Inspection,Computing Scale - 01,3,3,0,,Complete Address,1234,CONEY ISLAND AVE,,,,BROOKLYN,NY,11230,Brooklyn,312,45,3170583,3065130035,BK43,40.62760592,-73.96572183
A0205314,INS-000815966,12/26/2024,2024,BA-1221468-2022,BA-1221468,EASTERN FRUIT & VEGETABLE INC.,,Supermarket - 819,Scale,Scale,Scale Inspection,Computing Scale - 01,2,2,0,,Complete Address,1234,CONEY ISLAND AVE,,,,BROOKLYN,NY,11230,Brooklyn,312,45,3170583,3065130035,BK43,40.62760592,-73.96572183
A0202359,INS-000810456,12/05/2024,2024,BA-1090701-2022,BA-1090701,EATALY LLC,,Supermarket - 819,Scale,Scale,Scale Inspection,Computing Scale - 01,3,3,0,,Complete Address,200,5 AVENUE,,,,NEW YORK,NY,10010,Manhattan,105,3,1015583,1008250031,MN13,40.74186438,-73.98936511
A0159773,INS-000725638,03/22/2024,2024,BA-1219411-2022,BA-1219411,EATALY NY FIDI LLC,,Supermarket - 819,Scale,Scale,Scale Inspection,Computing Scale - 01,2,1,2,Confiscated,Complete Address,200,5TH AVE,,,,NEW YORK,NY,10010,Manhattan,105,3,1015583,1008250031,MN13,40.74186438,-73.98936511
A0175037,INS-000756039,06/25/2024,2024,BA-1232214-2022,BA-1232214,EATALY NY FIDI LLC,,Supermarket - 819,Scale,Scale,Scale Inspection,Computing Scale - 01,25,25,0,,Complete Address,101,LIBERTY ST,,,,NEW YORK,NY,10006,Manhattan,101,1,1088795,1000580001,MN25,40.7098055,-74.01187779
A0161334,INS-000730139,04/02/2024,2024,BA-1619278-2023,BA-1619278,EL GALLO MEAT MARKET INC.,,Supermarket - 819,Scale,Scale,Scale Inspection,Computing Scale - 01,16,16,0,,Complete Address,538,W 138TH ST,,,,NEW YORK,NY,10031,Manhattan,109,7,,,MN06,40.82129023,-73.9519576
A0184119,INS-000775228,08/21/2024,2024,BA-1228214-2022,BA-1228214,"ELI'S MANHATTAN WAREHOUSE, INC.",,Supermarket - 819,Scale,Scale,Scale Inspection,Computing Scale - 01,21,21,0,,Complete Address,1411,3RD AVE,,,,NEW YORK,NY,10028,Manhattan,108,5,1048523,1015267501,MN32,40.77500778,-73.95675687
A0184119,INS-000775228,08/21/2024,2024,BA-1228214-2022,BA-1228214,"ELI'S MANHATTAN WAREHOUSE, INC.",,Supermarket - 819,Scale,Scale,Scale Inspection,Customer Scale - 01,1,1,0,,Complete Address,1411,3RD AVE,,,,NEW YORK,NY,10028,Manhattan,108,5,1048523,1015267501,MN32,40.77500778,-73.95675687
A0159837,INS-000727333,03/22/2024,2024,BA-1218202-2022,BA-1218202,EMERALD & WHITE MARKETS INC,,Supermarket - 819,Scale,Scale,Scale Inspection,Customer Scale - 01,1,1,0,,Complete Address,1331,1ST AVE,,,,NEW YORK,NY,10021,Manhattan,108,5,1044862,1014460023,MN31,40.7674184,-73.95629248
A0159837,INS-000727333,03/22/2024,2024,BA-1218202-2022,BA-1218202,EMERALD & WHITE MARKETS INC,,Supermarket - 819,Scale,Scale,Scale Inspection,Pre-pack Scale - 01,4,4,0,,Complete Address,1331,1ST AVE,,,,NEW YORK,NY,10021,Manhattan,108,5,1044862,1014460023,MN31,40.7674184,-73.95629248
A0159837,INS-000727333,03/22/2024,2024,BA-1218202-2022,BA-1218202,EMERALD & WHITE MARKETS INC,,Supermarket - 819,Scale,Scale,Scale Inspection,Computing Scale - 01,9,9,0,,Complete Address,1331,1ST AVE,,,,NEW YORK,NY,10021,Manhattan,108,5,1044862,1014460023,MN31,40.7674184,-73.95629248
A0150689,INS-000704793,01/19/2024,2024,BA-1201519-2022,BA-1201519,Emporium Supermarket Corp,,Supermarket - 819,Scale,Scale,Scale Inspection,Computing Scale - 01,8,8,0,,Complete Address,148,E 170TH ST,,,,BRONX,NY,10452,Bronx,204,16,2008086,2028420055,BX63,40.83905441,-73.91466284
A0137144,INS-000678858,09/27/2023,2023,BA-1201519-2022,BA-1201519,Emporium Supermarket Corp,,Supermarket - 819,Scale,Scale,Scale Inspection,Computing Scale - 01,9,8,3,Confiscated,Complete Address,148,E 170TH ST,,,,BRONX,NY,10452,Bronx,204,16,2008086,2028420055,BX63,40.83905441,-73.91466284
A0212794,INS-000831242,02/21/2025,2025,BA-1224374-2022,BA-1224374,ESPERANZA MEAT CORP.,,Supermarket - 819,Scale,Scale,Scale Inspection,Computing Scale - 01,11,11,0,,Complete Address,8412,97TH AVE,,,,OZONE PARK,NY,11416,Queens,409,32,4188267,4090550001,QN53,40.68331962,-73.85603393
A0204748,INS-000814934,12/20/2024,2024,BA-1717220-2024,BA-1717220,EZ FRESH SUPERMARKET INC,,Supermarket - 819,Scale,Scale,Scale Inspection,Pre-pack Scale - 01,2,2,0,,Complete Address,863,65TH ST,,,,BROOKLYN,NY,11220,Brooklyn,310,38,3141911,3057420043,BK34,40.63185118,-74.01121902
A0204748,INS-000814934,12/20/2024,2024,BA-1717220-2024,BA-1717220,EZ FRESH SUPERMARKET INC,,Supermarket - 819,Scale,Scale,Scale Inspection,Customer Scale - 01,1,1,0,,Complete Address,863,65TH ST,,,,BROOKLYN,NY,11220,Brooklyn,310,38,3141911,3057420043,BK34,40.63185118,-74.01121902
A0204748,INS-000814934,12/20/2024,2024,BA-1717220-2024,BA-1717220,EZ FRESH SUPERMARKET INC,,Supermarket - 819,Scale,Scale,Scale Inspection,Computing Scale - 01,14,14,0,,Complete Address,863,65TH ST,,,,BROOKLYN,NY,11220,Brooklyn,310,38,3141911,3057420043,BK34,40.63185118,-74.01121902
A0163578,INS-000736073,04/12/2024,2024,BA-1203449-2022,BA-1203449,F.T. MEAT CORP.,,Supermarket - 819,Scale,Scale,Scale Inspection,Computing Scale - 01,12,12,0,,Complete Address,1065,E 163RD ST,,,,BRONX,NY,10459,Bronx,202,17,2094370,2027420003,BX27,40.82100961,-73.89065945
A0163578,INS-000736073,04/12/2024,2024,BA-1203449-2022,BA-1203449,F.T. MEAT CORP.,,Supermarket - 819,Scale,Scale,Scale Inspection,Pre-pack Scale - 01,3,3,0,,Complete Address,1065,E 163RD ST,,,,BRONX,NY,10459,Bronx,202,17,2094370,2027420003,BX27,40.82100961,-73.89065945
A0156586,INS-000732142,03/01/2024,2024,BA-1205152-2022,BA-1205152,FAD 2300 FOOD CORP,,Supermarket - 819,Scale,Scale,Scale Inspection,Customer Scale - 01,17,17,0,,Complete Address,2300,RANDALL AVE,,,,BRONX,NY,10473,Bronx,209,18,2021680,2035400101,BX09,40.81947995,-73.84450676
A0198229,INS-000802643,11/08/2024,2024,BA-1199286-2022,BA-1199286,FAIRWAY #1012,,Supermarket - 819,Scale,Scale,Scale Inspection,Computing Scale - 01,33,33,0,,Complete Address,542,2ND AVE,,,,NEW YORK,NY,10016,Manhattan,106,4,1087237,1009360001,MN20,40.74234028,-73.97760414
A0198229,INS-000802643,11/08/2024,2024,BA-1199286-2022,BA-1199286,FAIRWAY #1012,,Supermarket - 819,Scale,Scale,Scale Inspection,Misc Scale - 01,1,1,0,,Complete Address,542,2ND AVE,,,,NEW YORK,NY,10016,Manhattan,106,4,1087237,1009360001,MN20,40.74234028,-73.97760414
A0165386,INS-000737160,04/24/2024,2024,BA-1693000-2024,BA-1693000,FAITH SUPERMARKET CORP.,,Supermarket - 819,Scale,Scale,Scale Inspection,Computing Scale - 01,13,13,0,,Complete Address,2852,WEBSTER AVE,,,,BRONX,NY,10458,Bronx,207,15,2130640,2032737501,BX06,40.86670035,-73.88457898
A0165386,INS-000737160,04/24/2024,2024,BA-1693000-2024,BA-1693000,FAITH SUPERMARKET CORP.,,Supermarket - 819,Scale,Scale,Scale Inspection,Customer Scale - 01,1,1,0,,Complete Address,2852,WEBSTER AVE,,,,BRONX,NY,10458,Bronx,207,15,2130640,2032737501,BX06,40.86670035,-73.88457898
A0168126,INS-000742100,05/08/2024,2024,BA-1685705-2024,BA-1685705,"FANCY FARMS NY, LLC",,Supermarket - 819,Scale,Scale,Scale Inspection,Computing Scale - 01,15,15,0,,Complete Address,1524,KINGS HWY,,,,BROOKLYN,NY,11229,Brooklyn,315,48,3183035,3067980125,BK44,40.60899081,-73.95769996
A0179294,INS-000764550,07/23/2024,2024,BA-1200388-2022,BA-1200388,FARE FARM FOOD CORP.,,Supermarket - 819,Scale,Scale,Scale Inspection,Computing Scale - 01,12,12,0,,Complete Address,4776,BROADWAY,,,,NEW YORK,NY,10034,Manhattan,112,10,1064892,1022330005,MN01,40.86579598,-73.92650526
A0179294,INS-000764550,07/23/2024,2024,BA-1200388-2022,BA-1200388,FARE FARM FOOD CORP.,,Supermarket - 819,Scale,Scale,Scale Inspection,Pre-pack Scale - 01,3,3,0,,Complete Address,4776,BROADWAY,,,,NEW YORK,NY,10034,Manhattan,112,10,1064892,1022330005,MN01,40.86579598,-73.92650526
A0212340,INS-000830552,02/19/2025,2025,BA-1200388-2022,BA-1200388,FARE FARM FOOD CORP.,,Supermarket - 819,Scale,Scale,Scale Inspection,Pre-pack Scale - 01,8,8,0,,Complete Address,4776,BROADWAY,,,,NEW YORK,NY,10034,Manhattan,112,10,1064892,1022330005,MN01,40.86579598,-73.92650526
A0212340,INS-000830552,02/19/2025,2025,BA-1200388-2022,BA-1200388,FARE FARM FOOD CORP.,,Supermarket - 819,Scale,Scale,Scale Inspection,Customer Scale - 01,1,1,0,,Complete Address,4776,BROADWAY,,,,NEW YORK,NY,10034,Manhattan,112,10,1064892,1022330005,MN01,40.86579598,-73.92650526
A0212340,INS-000830552,02/19/2025,2025,BA-1200388-2022,BA-1200388,FARE FARM FOOD CORP.,,Supermarket - 819,Scale,Scale,Scale Inspection,Computing Scale - 01,5,5,0,,Complete Address,4776,BROADWAY,,,,NEW YORK,NY,10034,Manhattan,112,10,1064892,1022330005,MN01,40.86579598,-73.92650526
A0174450,INS-000754880,06/20/2024,2024,BA-1228573-2022,BA-1228573,FATIMA GROCERY INC,,Supermarket - 819,Scale,Scale,Scale Inspection,Computing Scale - 01,3,3,0,,Complete Address,16711,HILLSIDE AVE,,,,JAMAICA,NY,11432,Queens,408,24,4210475,4098390005,QN35,40.70981921,-73.79542615
A0174736,INS-000755380,06/21/2024,2024,BA-1207846-2022,BA-1207846,FINE FARE SUPERMARKET,,Supermarket - 819,Scale,Scale,Scale Inspection,Computing Scale - 01,11,11,0,,Complete Address,4211,BROADWAY,,STE,25,NEW YORK,NY,10033,Manhattan,112,10,1064259,1021760017,MN36,40.84870289,-73.937346
A0174736,INS-000755380,06/21/2024,2024,BA-1207846-2022,BA-1207846,FINE FARE SUPERMARKET,,Supermarket - 819,Scale,Scale,Scale Inspection,Customer Scale - 01,2,2,0,,Complete Address,4211,BROADWAY,,STE,25,NEW YORK,NY,10033,Manhattan,112,10,1064259,1021760017,MN36,40.84870289,-73.937346
A0174736,INS-000755380,06/21/2024,2024,BA-1207846-2022,BA-1207846,FINE FARE SUPERMARKET,,Supermarket - 819,Scale,Scale,Scale Inspection,Pre-pack Scale - 01,2,2,0,,Complete Address,4211,BROADWAY,,STE,25,NEW YORK,NY,10033,Manhattan,112,10,1064259,1021760017,MN36,40.84870289,-73.937346
A0128310,INS-000652272,07/14/2023,2023,BA-1207846-2022,BA-1207846,FINE FARE SUPERMARKET,,Supermarket - 819,Scale,Scale,Scale Inspection,Computing Scale - 01,1,1,0,,Complete Address,4211,BROADWAY,,,,NEW YORK,NY,10033,Manhattan,112,10,1064259,1021760017,MN36,40.84870289,-73.937346
A0130317,INS-000657633,08/07/2023,2023,BA-1671219-2023,BA-1671219,Fine Fare Supermarket,,Supermarket - 819,Scale,Scale,Scale Inspection,Computing Scale - 01,5,5,0,,Place (Landmark),1481,BEACH AVE,,,,BRONX,NY,10460,Bronx,209,17,2028508,2039160026,BX08,40.83738747,-73.86725419
A0180551,INS-000767849,07/17/2024,2024,BA-1208644-2022,BA-1208644,FIRST AVENUE MARKET INC,,Supermarket - 819,Scale,Scale,Scale Inspection,Computing Scale - 01,9,9,0,,Complete Address,2076,1ST AVE,,,,NEW YORK,NY,10029,Manhattan,111,8,1083953,1017010001,MN33,40.7905132,-73.93940507
A0130361,INS-000657684,08/07/2023,2023,BA-1204813-2022,BA-1204813,FIVE AND ONE FOOD STORES INC.,,Supermarket - 819,Scale,Scale,Scale Inspection,Computing Scale - 01,15,15,0,,Complete Address,21322,JAMAICA AVE,,,,QUEENS VILLAGE,NY,11428,Queens,413,27,4230633,4107590058,QN34,40.71622521,-73.74445999
A0206144,INS-000817574,01/03/2025,2025,BA-1204813-2022,BA-1204813,FIVE AND ONE FOOD STORES INC.,,Supermarket - 819,Scale,Scale,Scale Inspection,Computing Scale - 01,13,13,0,,Complete Address,21322,JAMAICA AVE,,,,QUEENS VILLAGE,NY,11428,Queens,413,27,4230633,4107590058,QN34,40.71622521,-73.74445999
A0217422,INS-000820765,03/21/2025,2025,BA-1204813-2022,BA-1204813,FIVE AND ONE FOOD STORES INC.,,Supermarket - 819,Scale,Scale,Scale Inspection,Computing Scale - 01,2,2,0,,Complete Address,21322,JAMAICA AVE,,,,QUEENS VILLAGE,NY,11428,Queens,413,27,4230633,4107590058,QN34,40.71622521,-73.74445999
A0203448,INS-000812484,12/12/2024,2024,BA-1220403-2022,BA-1220403,FLUSHING 4424 SUPERMARKET CORP.,,Supermarket - 819,Scale,Scale,Scale Inspection,Customer Scale - 01,1,1,0,,Complete Address,4424,KISSENA BLVD,,,,FLUSHING,NY,11355,Queens,407,20,4115907,4051370110,QN22,40.7532746,-73.82206321
A0203448,INS-000812484,12/12/2024,2024,BA-1220403-2022,BA-1220403,FLUSHING 4424 SUPERMARKET CORP.,,Supermarket - 819,Scale,Scale,Scale Inspection,Pre-pack Scale - 01,3,3,0,,Complete Address,4424,KISSENA BLVD,,,,FLUSHING,NY,11355,Queens,407,20,4115907,4051370110,QN22,40.7532746,-73.82206321
A0203448,INS-000812484,12/12/2024,2024,BA-1220403-2022,BA-1220403,FLUSHING 4424 SUPERMARKET CORP.,,Supermarket - 819,Scale,Scale,Scale Inspection,Computing Scale - 01,6,6,0,,Complete Address,4424,KISSENA BLVD,,,,FLUSHING,NY,11355,Queens,407,20,4115907,4051370110,QN22,40.7532746,-73.82206321
A0202317,INS-000810396,12/05/2024,2024,BA-1692220-2024,BA-1692220,FLUSHING FEI LONG  INC.,,Supermarket - 819,Scale,Scale,Scale Inspection,Computing Scale - 01,1,1,0,,Complete Address,4444,COLLEGE POINT BLVD,,,,FLUSHING,NY,11355,Queens,407,20,4115041,4050660712,QN22,40.75290061,-73.83257817
A0202317,INS-000810396,12/05/2024,2024,BA-1692220-2024,BA-1692220,FLUSHING FEI LONG  INC.,,Supermarket - 819,Scale,Scale,Scale Inspection,Customer Scale - 01,1,1,0,,Complete Address,4444,COLLEGE POINT BLVD,,,,FLUSHING,NY,11355,Queens,407,20,4115041,4050660712,QN22,40.75290061,-73.83257817
A0164318,INS-000735376,04/18/2024,2024,BA-1692220-2024,BA-1692220,FLUSHING FEI LONG  INC.,,Supermarket - 819,Scale,Scale,Scale Inspection,Computing Scale - 01,19,19,0,,Complete Address,4444,COLLEGE POINT BLVD,,,,FLUSHING,NY,11355,Queens,407,20,4115041,4050660712,QN22,40.75290061,-73.83257817
A0164318,INS-000735376,04/18/2024,2024,BA-1692220-2024,BA-1692220,FLUSHING FEI LONG  INC.,,Supermarket - 819,Scale,Scale,Scale Inspection,Pre-pack Scale - 01,2,2,0,,Complete Address,4444,COLLEGE POINT BLVD,,,,FLUSHING,NY,11355,Queens,407,20,4115041,4050660712,QN22,40.75290061,-73.83257817
A0129815,INS-000656464,08/01/2023,2023,BA-1221253-2022,BA-1221253,"FLUSHING MARKET, INC.",,Supermarket - 819,Scale,Scale,Scale Inspection,Computing Scale - 01,14,14,0,,Complete Address,14450,NORTHERN BLVD,,,,FLUSHING,NY,11354,Queens,407,20,4113423,4050140023,QN51,40.76470514,-73.82297126
A0203306,INS-000812193,12/11/2024,2024,BA-1170525-2022,BA-1170525,FLUSHING SUPERMARKET INC,,Supermarket - 819,Scale,Scale,Scale Inspection,Computing Scale - 01,8,8,0,,Complete Address,7251,MAIN ST,,,,FLUSHING,NY,11367,Queens,408,24,4144091,4066620001,QN37,40.72501011,-73.82095171
A0211106,INS-000828300,02/07/2025,2025,BA-1194361-2022,BA-1194361,FOOD CONNECTION II LTD.,,Supermarket - 819,Scale,Scale,Scale Inspection,Pre-pack Scale - 01,4,4,0,,Complete Address,7915,ELIOT AVE,,,,MIDDLE VILLAGE,NY,11379,Queens,405,30,4064629,4028500041,QN21,40.72484481,-73.87957893
A0211106,INS-000828300,02/07/2025,2025,BA-1194361-2022,BA-1194361,FOOD CONNECTION II LTD.,,Supermarket - 819,Scale,Scale,Scale Inspection,Customer Scale - 01,1,1,0,,Complete Address,7915,ELIOT AVE,,,,MIDDLE VILLAGE,NY,11379,Queens,405,30,4064629,4028500041,QN21,40.72484481,-73.87957893
A0211106,INS-000828300,02/07/2025,2025,BA-1194361-2022,BA-1194361,FOOD CONNECTION II LTD.,,Supermarket - 819,Scale,Scale,Scale Inspection,Computing Scale - 01,7,5,1,Confiscated,Complete Address,7915,ELIOT AVE,,,,MIDDLE VILLAGE,NY,11379,Queens,405,30,4064629,4028500041,QN21,40.72484481,-73.87957893
A0189285,INS-000785033,09/20/2024,2024,BA-1196777-2022,BA-1196777,"FOOD CONNECTION, LTD.",,Supermarket - 819,Scale,Scale,Scale Inspection,Computing Scale - 01,14,14,0,,Complete Address,1795,VICTORY BOULEVARD,,,,STATEN ISLAND,NY,10314,Staten Island,501,50,5000000,5003710053,SI07,40.6130414,-74.1233169
A0132945,INS-000662179,08/24/2023,2023,BA-1196777-2022,BA-1196777,"FOOD CONNECTION, LTD.",,Supermarket - 819,Scale,Scale,Scale Inspection,Computing Scale - 01,14,14,0,,Complete Address,1795,VICTORY BOULEVARD,,,,STATEN ISLAND,NY,10314,Staten Island,501,50,5000000,5003710053,SI07,40.6130414,-74.1233169
A0215121,INS-000835131,03/07/2025,2025,BA-1196777-2022,BA-1196777,"FOOD CONNECTION, LTD.",,Supermarket - 819,Scale,Scale,Scale Inspection,Computing Scale - 01,10,10,0,,Complete Address,1795,VICTORY BOULEVARD,,,,STATEN ISLAND,NY,10314,Staten Island,501,50,5000000,5003710053,SI07,40.6130414,-74.1233169
A0215121,INS-000835131,03/07/2025,2025,BA-1196777-2022,BA-1196777,"FOOD CONNECTION, LTD.",,Supermarket - 819,Scale,Scale,Scale Inspection,Pre-pack Scale - 01,3,3,0,,Complete Address,1795,VICTORY BOULEVARD,,,,STATEN ISLAND,NY,10314,Staten Island,501,50,5000000,5003710053,SI07,40.6130414,-74.1233169
A0215121,INS-000835131,03/07/2025,2025,BA-1196777-2022,BA-1196777,"FOOD CONNECTION, LTD.",,Supermarket - 819,Scale,Scale,Scale Inspection,Customer Scale - 01,1,1,0,,Complete Address,1795,VICTORY BOULEVARD,,,,STATEN ISLAND,NY,10314,Staten Island,501,50,5000000,5003710053,SI07,40.6130414,-74.1233169
A0186052,INS-000776723,09/03/2024,2024,BA-1239396-2022,BA-1239396,FOOD FEST DEPOT LLC,,Supermarket - 819,Scale,Scale,Scale Inspection,Customer Scale - 01,1,1,0,,Complete Address,500,E 132ND ST,,,,BRONX,NY,10454,Bronx,201,8,2000010,2022600192,BX39,40.80355655,-73.92181689
A0186052,INS-000776723,09/03/2024,2024,BA-1239396-2022,BA-1239396,FOOD FEST DEPOT LLC,,Supermarket - 819,Scale,Scale,Scale Inspection,Computing Scale - 01,15,15,0,,Complete Address,500,E 132ND ST,,,,BRONX,NY,10454,Bronx,201,8,2000010,2022600192,BX39,40.80355655,-73.92181689
A0159792,INS-000727282,03/22/2024,2024,BA-1685325-2024,BA-1685325,FOOD TOWN,,Supermarket - 819,Scale,Scale,Scale Inspection,Computing Scale - 01,5,5,0,,Complete Address,3214,31ST ST,,,,ASTORIA,NY,11106,Queens,401,22,4007452,4005870043,QN70,40.76160857,-73.9256889
A0159792,INS-000727282,03/22/2024,2024,BA-1685325-2024,BA-1685325,FOOD TOWN,,Supermarket - 819,Scale,Scale,Scale Inspection,Pre-pack Scale - 01,5,5,0,,Complete Address,3214,31ST ST,,,,ASTORIA,NY,11106,Queens,401,22,4007452,4005870043,QN70,40.76160857,-73.9256889
A0175962,INS-000757981,06/26/2024,2024,BA-1632481-2023,BA-1632481,FOODEX LLC,,Supermarket - 819,Scale,Scale,Scale Inspection,Computing Scale - 01,8,8,0,,Complete Address,101,WEST END AVENUE,,,,NEW YORK,NY,10023,Manhattan,107,6,1085785,1011710062,MN14,40.77506474,-73.98863409
A0129811,INS-000656451,08/01/2023,2023,BA-1227834-2022,BA-1227834,FORUM SUPERMARKET INC,,Supermarket - 819,Scale,Scale,Scale Inspection,Computing Scale - 01,12,12,0,,Complete Address,6501,7TH AVE,,,,BROOKLYN,NY,11220,Brooklyn,310,38,3144234,3058300006,BK34,40.63384624,-74.01480422
A0174665,INS-000755255,06/20/2024,2024,BA-1221079-2022,BA-1221079,FR-ES PRODUCE INC.,,Supermarket - 819,Scale,Scale,Scale Inspection,Computing Scale - 01,13,13,0,,Complete Address,381,MOTHER GASTON BLVD,,,,BROOKLYN,NY,11212,Brooklyn,316,41,3083889,3037260008,BK81,40.66974418,-73.90685875
A0165303,INS-000737041,04/24/2024,2024,BA-1170500-2022,BA-1170500,FRANCO PARTNERS INC,,Supermarket - 819,Scale,Scale,Scale Inspection,Computing Scale - 01,11,11,0,,Complete Address,2244,WHITE PLAINS RD,,,,BRONX,NY,10467,Bronx,211,13,2098294,2043430005,BX07,40.85862912,-73.86756607
A0176010,INS-000758075,06/26/2024,2024,BA-1236313-2022,BA-1236313,"FRANK'S GOURMET MARKET, INC.",,Supermarket - 819,Scale,Scale,Scale Inspection,Computing Scale - 01,7,7,0,,Complete Address,807,W 187TH ST,,,,NEW YORK,NY,10033,Manhattan,112,10,1084212,1021797501,MN35,40.85522699,-73.93723503
A0176010,INS-000758075,06/26/2024,2024,BA-1236313-2022,BA-1236313,"FRANK'S GOURMET MARKET, INC.",,Supermarket - 819,Scale,Scale,Scale Inspection,Customer Scale - 01,1,1,0,,Complete Address,807,W 187TH ST,,,,NEW YORK,NY,10033,Manhattan,112,10,1084212,1021797501,MN35,40.85522699,-73.93723503
A0176010,INS-000758075,06/26/2024,2024,BA-1236313-2022,BA-1236313,"FRANK'S GOURMET MARKET, INC.",,Supermarket - 819,Scale,Scale,Scale Inspection,Pre-pack Scale - 01,2,2,0,,Complete Address,807,W 187TH ST,,,,NEW YORK,NY,10033,Manhattan,112,10,1084212,1021797501,MN35,40.85522699,-73.93723503
A0181971,INS-000770653,08/07/2024,2024,BA-1208293-2022,BA-1208293,FRANKLIN AVENUE MEAT CORP.,,Supermarket - 819,Scale,Scale,Scale Inspection,Computing Scale - 01,9,9,0,,Complete Address,905,FRANKLIN AVE,,,,BROOKLYN,NY,11225,Brooklyn,309,35,3033771,3012870006,BK63,40.66774344,-73.95901807
A0133148,INS-000662500,08/28/2023,2023,BA-1208293-2022,BA-1208293,FRANKLIN AVENUE MEAT CORP.,,Supermarket - 819,Scale,Scale,Scale Inspection,Computing Scale - 01,7,7,0,,Complete Address,905,FRANKLIN AVE,,,,BROOKLYN,NY,11225,Brooklyn,309,35,3033771,3012870006,BK63,40.66774344,-73.95901807
A0186129,INS-000779215,09/03/2024,2024,BA-1267920-2022,BA-1267920,"FREDDIE'S SALUMERIA & PORK STORE, INC",,Supermarket - 819,Scale,Scale,Scale Inspection,Computing Scale - 01,6,6,0,,Complete Address,3830,RICHMOND AVE,,,,STATEN ISLAND,NY,10312,Staten Island,503,51,5073924,5055910049,SI01,40.54479359,-74.16554755
A0205101,INS-000815569,12/24/2024,2024,BA-1633805-2023,BA-1633805,FRESH DIRECT,,Supermarket - 819,Scale,Scale,Scale Inspection,Pre-pack Scale - 01,4,4,0,,Complete Address,630,FLUSHING AVENUE,,,,BROOKLYN,NY,11206,Brooklyn,303,36,3329628,3017200001,BK75,40.69996282,-73.9484494
A0129752,INS-000653694,07/31/2023,2023,BA-1637569-2023,BA-1637569,FRESH DIRECT  LLC,,Supermarket - 819,Scale,Scale,Scale Inspection,Computing Scale - 01,85,85,0,,Complete Address,2,SAINT ANNS AVE,,,,BRONX,NY,10454,Bronx,201,8,2124443,2025430001,BX39,40.80232066,-73.92070585
A0184762,INS-000763197,08/23/2024,2024,BA-1637569-2023,BA-1637569,FRESH DIRECT  LLC,,Supermarket - 819,Scale,Scale,Scale Inspection,Pre-pack Scale - 01,101,101,0,,Complete Address,2,SAINT ANNS AVE,,,,BRONX,NY,10454,Bronx,201,8,2124443,2025430001,BX39,40.80232066,-73.92070585
A0184762,INS-000763197,08/23/2024,2024,BA-1637569-2023,BA-1637569,FRESH DIRECT  LLC,,Supermarket - 819,Scale,Scale,Scale Inspection,Computing Scale - 01,9,9,0,,Complete Address,2,SAINT ANNS AVE,,,,BRONX,NY,10454,Bronx,201,8,2124443,2025430001,BX39,40.80232066,-73.92070585
A0184762,INS-000763197,08/23/2024,2024,BA-1637569-2023,BA-1637569,FRESH DIRECT  LLC,,Supermarket - 819,Scale,Scale,Scale Inspection,Platform Scale - 02,6,6,0,,Complete Address,2,SAINT ANNS AVE,,,,BRONX,NY,10454,Bronx,201,8,2124443,2025430001,BX39,40.80232066,-73.92070585
A0129752,INS-000653694,07/31/2023,2023,BA-1637569-2023,BA-1637569,FRESH DIRECT  LLC,,Supermarket - 819,Scale,Scale,Scale Inspection,Computing Scale - 02,2,2,0,,Complete Address,2,SAINT ANNS AVE,,,,BRONX,NY,10454,Bronx,201,8,2124443,2025430001,BX39,40.80232066,-73.92070585
A0166579,INS-000739157,05/01/2024,2024,BA-1689185-2024,BA-1689185,FRESH FARM SUPERMARKET CORP,,Supermarket - 819,Scale,Scale,Scale Inspection,Computing Scale - 01,1,1,0,,Complete Address,4016,NATIONAL ST,,,,CORONA,NY,11368,Queens,404,21,4048538,4019740012,QN26,40.74925728,-73.86294006
A0162109,INS-000731456,04/04/2024,2024,BA-1689185-2024,BA-1689185,FRESH FARM SUPERMARKET CORP,,Supermarket - 819,Scale,Scale,Scale Inspection,Computing Scale - 01,12,11,3,Confiscated,Complete Address,4016,NATIONAL ST,,,,CORONA,NY,11368,Queens,404,21,4048538,4019740012,QN26,40.74925728,-73.86294006
A0205234,INS-000815809,12/26/2024,2024,BA-1717202-2024,BA-1717202,Fresh Harvest Market,,Supermarket - 819,Scale,Scale,Scale Inspection,Computing Scale - 01,3,3,0,,Complete Address,1925,3RD AVE,,,,NEW YORK,NY,10029,Manhattan,111,8,1080689,1016560001,MN33,40.79166586,-73.94459363
A0205234,INS-000815809,12/26/2024,2024,BA-1717202-2024,BA-1717202,Fresh Harvest Market,,Supermarket - 819,Scale,Scale,Scale Inspection,Pre-pack Scale - 01,1,1,0,,Complete Address,1925,3RD AVE,,,,NEW YORK,NY,10029,Manhattan,111,8,1080689,1016560001,MN33,40.79166586,-73.94459363
A0205234,INS-000815809,12/26/2024,2024,BA-1717202-2024,BA-1717202,Fresh Harvest Market,,Supermarket - 819,Scale,Scale,Scale Inspection,Customer Scale - 01,1,1,0,,Complete Address,1925,3RD AVE,,,,NEW YORK,NY,10029,Manhattan,111,8,1080689,1016560001,MN33,40.79166586,-73.94459363
A0160958,INS-000729443,03/29/2024,2024,BA-1233757-2022,BA-1233757,"FRESH INVENTORY SERVICE, LLC",,Supermarket - 819,Scale,Scale,Scale Inspection,Computing Scale - 01,5,5,0,,Complete Address,630,W 52ND ST,,,,NEW YORK,NY,10019,Manhattan,104,3,1027137,1010990012,MN15,40.76743754,-73.9944621
A0201061,INS-000808034,11/26/2024,2024,BA-1206449-2022,BA-1206449,FRESH N SAVE FOOD CORP,,Supermarket - 819,Scale,Scale,Scale Inspection,Computing Scale - 01,15,15,0,,Complete Address,595,PROSPECT AVE,,,,BROOKLYN,NY,11215,Brooklyn,307,39,3027435,3011160043,BK40,40.65659112,-73.97802217
A0159438,INS-000726651,03/20/2024,2024,BA-1225561-2022,BA-1225561,FRESH START FOOD INC,,Supermarket - 819,Scale,Scale,Scale Inspection,Computing Scale - 01,6,6,0,,Complete Address,180,MONTAGUE ST,,,,BROOKLYN,NY,11201,Brooklyn,302,33,3002105,3002500030,BK09,40.69407831,-73.99175638
A0159438,INS-000726651,03/20/2024,2024,BA-1225561-2022,BA-1225561,FRESH START FOOD INC,,Supermarket - 819,Scale,Scale,Scale Inspection,Customer Scale - 01,2,2,0,,Complete Address,180,MONTAGUE ST,,,,BROOKLYN,NY,11201,Brooklyn,302,33,3002105,3002500030,BK09,40.69407831,-73.99175638
A0159438,INS-000726651,03/20/2024,2024,BA-1225561-2022,BA-1225561,FRESH START FOOD INC,,Supermarket - 819,Scale,Scale,Scale Inspection,Pre-pack Scale - 01,8,8,0,,Complete Address,180,MONTAGUE ST,,,,BROOKLYN,NY,11201,Brooklyn,302,33,3002105,3002500030,BK09,40.69407831,-73.99175638
A0209527,INS-000828971,01/29/2025,2025,BA-1225561-2022,BA-1225561,FRESH START FOOD INC,,Supermarket - 819,Scale,Scale,Scale Inspection,Computing Scale - 01,16,16,0,,Complete Address,180,MONTAGUE ST,,,,BROOKLYN,NY,11201,Brooklyn,302,33,3002105,3002500030,BK09,40.69407831,-73.99175638
A0178156,INS-000766053,07/16/2024,2024,BA-1702580-2024,BA-1702580,FRESH SUPERMARKET INC,,Supermarket - 819,Scale,Scale,Scale Inspection,Computing Scale - 01,6,6,0,,Complete Address,1176,LIBERTY AVE,,,,BROOKLYN,NY,11208,Brooklyn,305,37,3094467,3042040018,BK83,40.67887121,-73.86583917
A0152077,INS-000709607,01/29/2024,2024,BA-1169718-2022,BA-1169718,"FRUITS, VEGS. & MEAT CORP.",,Supermarket - 819,Scale,Scale,Scale Inspection,Customer Scale - 01,9,9,0,,Complete Address,256,SAINT ANNS AVE,,,,BRONX,NY,10454,Bronx,201,8,2003623,2025510003,BX39,40.8071709,-73.91723591
A0177195,INS-000760357,07/09/2024,2024,BA-1199621-2022,BA-1199621,FT 4620 FOOD CORP.,,Supermarket - 819,Scale,Scale,Scale Inspection,Computing Scale - 01,5,5,0,,Complete Address,4620,108TH ST,,,,CORONA,NY,11368,Queens,404,21,4049013,4019900047,QN25,40.74706785,-73.85689226
A0174984,INS-000755949,06/25/2024,2024,BA-1203126-2022,BA-1203126,G MART INC.,,Supermarket - 819,Scale,Scale,Scale Inspection,Computing Scale - 01,7,7,0,,Complete Address,5703,ROOSEVELT AVE,,,,WOODSIDE,NY,11377,Queens,402,26,,,QN63,40.7453464,-73.907381
A0174984,INS-000755949,06/25/2024,2024,BA-1203126-2022,BA-1203126,G MART INC.,,Supermarket - 819,Scale,Scale,Scale Inspection,Customer Scale - 01,1,1,0,,Complete Address,5703,ROOSEVELT AVE,,,,WOODSIDE,NY,11377,Queens,402,26,,,QN63,40.7453464,-73.907381
A0129092,INS-000655037,07/21/2023,2023,BA-1203126-2022,BA-1203126,G MART INC.,,Supermarket - 819,Scale,Scale,Scale Inspection,Computing Scale - 01,7,7,0,,Complete Address,5703,ROOSEVELT AVE,,,,WOODSIDE,NY,11377,Queens,402,26,,,QN63,40.7453464,-73.907381
A0172088,INS-000750215,06/04/2024,2024,BA-1682391-2024,BA-1682391,G MART NY INC.,,Supermarket - 819,Scale,Scale,Scale Inspection,Computing Scale - 01,10,10,0,,Complete Address,7501,BROADWAY,,,,ELMHURST,NY,11373,Queens,404,25,4036730,4014860013,QN29,40.74617121,-73.89020845
A0172088,INS-000750215,06/04/2024,2024,BA-1682391-2024,BA-1682391,G MART NY INC.,,Supermarket - 819,Scale,Scale,Scale Inspection,Pre-pack Scale - 01,2,2,0,,Complete Address,7501,BROADWAY,,,,ELMHURST,NY,11373,Queens,404,25,4036730,4014860013,QN29,40.74617121,-73.89020845
A0178693,INS-000763343,07/18/2024,2024,BA-1682391-2024,BA-1682391,G MART NY INC.,,Supermarket - 819,Scale,Scale,Scale Inspection,Computing Scale - 01,2,2,0,,Complete Address,7501,BROADWAY,,,,ELMHURST,NY,11373,Queens,404,25,4036730,4014860013,QN29,40.74617121,-73.89020845
A0208285,INS-000821873,01/22/2025,2025,BA-1682391-2024,BA-1682391,G MART NY INC.,,Supermarket - 819,Scale,Scale,Scale Inspection,Pre-pack Scale - 01,2,2,0,,Complete Address,7501,BROADWAY,,,,ELMHURST,NY,11373,Queens,404,25,4036730,4014860013,QN29,40.74617121,-73.89020845
A0208285,INS-000821873,01/22/2025,2025,BA-1682391-2024,BA-1682391,G MART NY INC.,,Supermarket - 819,Scale,Scale,Scale Inspection,Computing Scale - 01,10,10,0,,Complete Address,7501,BROADWAY,,,,ELMHURST,NY,11373,Queens,404,25,4036730,4014860013,QN29,40.74617121,-73.89020845
A0208285,INS-000821873,01/22/2025,2025,BA-1682391-2024,BA-1682391,G MART NY INC.,,Supermarket - 819,Scale,Scale,Scale Inspection,Customer Scale - 01,1,1,0,,Complete Address,7501,BROADWAY,,,,ELMHURST,NY,11373,Queens,404,25,4036730,4014860013,QN29,40.74617121,-73.89020845
A0160529,INS-000728715,03/27/2024,2024,BA-1215991-2022,BA-1215991,GALA APPLE INTERNATIONAL INC,,Supermarket - 819,Scale,Scale,Scale Inspection,Computing Scale - 01,14,14,0,,Complete Address,4112,18TH AVE,,,,BROOKLYN,NY,11218,Brooklyn,314,40,3127587,3054100001,BK41,40.63200261,-73.97452476
A0129944,INS-000656814,08/02/2023,2023,BA-1230401-2022,BA-1230401,GALA APPLE INTERNATIONAL INC.,,Supermarket - 819,Scale,Scale,Scale Inspection,Computing Scale - 01,14,14,0,,Complete Address,4112,18TH AVE,,,,BROOKLYN,NY,11218,Brooklyn,314,40,3127587,3054100001,BK41,40.63200261,-73.97452476
A0211971,INS-000829913,02/14/2025,2025,BA-1230401-2022,BA-1230401,GALA APPLE INTERNATIONAL INC.,,Supermarket - 819,Scale,Scale,Scale Inspection,Computing Scale - 01,10,10,0,,Complete Address,4112,18TH AVE,,,,BROOKLYN,NY,11218,Brooklyn,314,40,3127587,3054100001,BK41,40.63200261,-73.97452476
A0211971,INS-000829913,02/14/2025,2025,BA-1230401-2022,BA-1230401,GALA APPLE INTERNATIONAL INC.,,Supermarket - 819,Scale,Scale,Scale Inspection,Customer Scale - 01,1,1,0,,Complete Address,4112,18TH AVE,,,,BROOKLYN,NY,11218,Brooklyn,314,40,3127587,3054100001,BK41,40.63200261,-73.97452476
A0211971,INS-000829913,02/14/2025,2025,BA-1230401-2022,BA-1230401,GALA APPLE INTERNATIONAL INC.,,Supermarket - 819,Scale,Scale,Scale Inspection,Pre-pack Scale - 01,1,1,0,,Complete Address,4112,18TH AVE,,,,BROOKLYN,NY,11218,Brooklyn,314,40,3127587,3054100001,BK41,40.63200261,-73.97452476
A0208389,INS-000822047,01/22/2025,2025,BA-1263006-2022,BA-1263006,GEMSTONE SUPERMARKETS INC,,Supermarket - 819,Scale,Scale,Scale Inspection,Computing Scale - 01,7,7,0,,Complete Address,6150,SPRINGFIELD BLVD,,,,OAKLAND GARDENS,NY,11364,Queens,411,23,4162213,4076100026,QN42,40.74878239,-73.75655915
A0217267,INS-000838903,03/20/2025,2025,BA-1233130-2022,BA-1233130,GEMSTONE SUPERMARKETS INC.,,Supermarket - 819,Scale,Scale,Scale Inspection,Computing Scale - 01,11,11,0,,Complete Address,16405,69TH AVE,,,,FRESH MEADOWS,NY,11365,Queens,408,24,4149452,4069180001,QN38,40.73309452,-73.80473615
A0203795,INS-000813072,12/13/2024,2024,BA-1716732-2024,BA-1716732,GGJ&G FOOD CORP,,Supermarket - 819,Scale,Scale,Scale Inspection,Computing Scale - 01,8,8,0,,Complete Address,800,ROCKAWAY AVE,,,,BROOKLYN,NY,11212,Brooklyn,316,41,3082378,3036020007,BK81,40.66022647,-73.90833538
A0205040,INS-000815488,12/24/2024,2024,BA-1332783-2022,BA-1332783,GIO 1016 CORP.,,Supermarket - 819,Scale,Scale,Scale Inspection,Pre-pack Scale - 01,4,4,0,,Complete Address,1016,SAINT NICHOLAS AVE,,,,NEW YORK,NY,10032,Manhattan,112,10,1062574,1021090081,MN36,40.83503828,-73.9397801
A0205040,INS-000815488,12/24/2024,2024,BA-1332783-2022,BA-1332783,GIO 1016 CORP.,,Supermarket - 819,Scale,Scale,Scale Inspection,Computing Scale - 01,9,9,0,,Complete Address,1016,SAINT NICHOLAS AVE,,,,NEW YORK,NY,10032,Manhattan,112,10,1062574,1021090081,MN36,40.83503828,-73.9397801
A0205040,INS-000815488,12/24/2024,2024,BA-1332783-2022,BA-1332783,GIO 1016 CORP.,,Supermarket - 819,Scale,Scale,Scale Inspection,Customer Scale - 01,1,1,0,,Complete Address,1016,SAINT NICHOLAS AVE,,,,NEW YORK,NY,10032,Manhattan,112,10,1062574,1021090081,MN36,40.83503828,-73.9397801
A0191999,INS-000789982,10/03/2024,2024,BA-1670448-2023,BA-1670448,GIO AVENUE C INC,,Supermarket - 819,Scale,Scale,Scale Inspection,Computing Scale - 01,11,11,0,,Complete Address,188,AVENUE C,,,,NEW YORK,NY,10009,Manhattan,103,2,1083146,1003820001,MN28,40.72679659,-73.97683727
A0135397,INS-000666280,09/14/2023,2023,BA-1670448-2023,BA-1670448,GIO AVENUE C INC,,Supermarket - 819,Scale,Scale,Scale Inspection,Computing Scale - 01,12,12,0,,Complete Address,188,AVENUE C,,,,NEW YORK,NY,10009,Manhattan,103,2,1083146,1003820001,MN28,40.72679659,-73.97683727
A0165643,INS-000737584,04/25/2024,2024,BA-1340141-2022,BA-1340141,GITTO & SONS HEALTH FOOD INC,,Supermarket - 819,Scale,Scale,Scale Inspection,Computing Scale - 01,16,16,0,,Complete Address,38,BROOKLYN TERMINAL MARKET,,,,BROOKLYN,NY,11236,Brooklyn,318,42,3337450,3079200020,BK50,40.64292202,-73.91744685
A0130512,INS-000656898,08/08/2023,2023,BA-1332924-2022,BA-1332924,"GLASS GARDENS, INC.",,Supermarket - 819,Scale,Scale,Scale Inspection,Computing Scale - 01,3,3,0,,Complete Address,1080,MCDONALD AVE,,,,BROOKLYN,NY,11230,Brooklyn,312,44,3129321,3054570110,BK88,40.62685105,-73.97642885
A0139493,INS-000662532,10/17/2023,2023,BA-1332924-2022,BA-1332924,"GLASS GARDENS, INC.",,Supermarket - 819,Scale,Scale,Scale Inspection,Computing Scale - 01,2,2,0,,Complete Address,1080,MCDONALD AVE,,,,BROOKLYN,NY,11230,Brooklyn,312,44,3129321,3054570110,BK88,40.62685105,-73.97642885
A0178478,INS-000762935,07/17/2024,2024,BA-1365238-2022,BA-1365238,GLAT KOSHER MARKET INC,,Supermarket - 819,Scale,Scale,Scale Inspection,Computing Scale - 01,3,3,0,,Complete Address,6549,99TH ST,,,,REGO PARK,NY,11374,Queens,406,29,4050929,4021160001,QN17,40.7285576,-73.85500895
A0178478,INS-000762935,07/17/2024,2024,BA-1365238-2022,BA-1365238,GLAT KOSHER MARKET INC,,Supermarket - 819,Scale,Scale,Scale Inspection,Pre-pack Scale - 01,2,2,0,,Complete Address,6549,99TH ST,,,,REGO PARK,NY,11374,Queens,406,29,4050929,4021160001,QN17,40.7285576,-73.85500895
A0214187,INS-000833520,03/03/2025,2025,BA-1370855-2022,BA-1370855,GLATT MART INC.,,Supermarket - 819,Scale,Scale,Scale Inspection,Computing Scale - 01,13,13,0,,Complete Address,1205,AVENUE M,,,,BROOKLYN,NY,11230,Brooklyn,314,44,3180613,3067320052,BK43,40.61769901,-73.9626472
A0126795,INS-000651313,07/03/2023,2023,,,GLENDA FOOD CORP.,,Supermarket - 819,Scale,Scale,Scale Inspection,Computing Scale - 01,13,13,0,,Complete Address,592,FT WASHINGTON AVENUE,,,,NEW YORK,NY,10033,Manhattan,112,10,1064398,1021800044,MN35,40.854645,-73.9370223
A0162729,INS-000732532,04/09/2024,2024,BA-1675704-2023,BA-1675704,GLENDA FOOD CORP.,,Supermarket - 819,Scale,Scale,Scale Inspection,Computing Scale - 01,10,10,0,,Complete Address,592,FORT WASHINGTON AVE,,,,NEW YORK,NY,10033,Manhattan,112,10,1064398,1021800044,MN35,40.854645,-73.9370223
A0206118,INS-000817528,01/03/2025,2025,BA-1675704-2023,BA-1675704,GLENDA FOOD CORP.,,Supermarket - 819,Scale,Scale,Scale Inspection,Customer Scale - 01,2,2,0,,Complete Address,592,FORT WASHINGTON AVE,,,,NEW YORK,NY,10033,Manhattan,112,10,1064398,1021800044,MN35,40.854645,-73.9370223
A0206118,INS-000817528,01/03/2025,2025,BA-1675704-2023,BA-1675704,GLENDA FOOD CORP.,,Supermarket - 819,Scale,Scale,Scale Inspection,Pre-pack Scale - 01,2,2,0,,Complete Address,592,FORT WASHINGTON AVE,,,,NEW YORK,NY,10033,Manhattan,112,10,1064398,1021800044,MN35,40.854645,-73.9370223
A0206118,INS-000817528,01/03/2025,2025,BA-1675704-2023,BA-1675704,GLENDA FOOD CORP.,,Supermarket - 819,Scale,Scale,Scale Inspection,Computing Scale - 01,9,9,0,,Complete Address,592,FORT WASHINGTON AVE,,,,NEW YORK,NY,10033,Manhattan,112,10,1064398,1021800044,MN35,40.854645,-73.9370223
A0192218,INS-000790434,10/04/2024,2024,BA-1354471-2022,BA-1354471,"GOLD CITY SUPERMARKET, INC.",,Supermarket - 819,Scale,Scale,Scale Inspection,Computing Scale - 01,18,18,0,,Complete Address,4631,KISSENA BLVD,,,,FLUSHING,NY,11355,Queens,407,20,4117616,4052080045,QN52,40.74998619,-73.81842313
A0192218,INS-000790434,10/04/2024,2024,BA-1354471-2022,BA-1354471,"GOLD CITY SUPERMARKET, INC.",,Supermarket - 819,Scale,Scale,Scale Inspection,Customer Scale - 01,1,1,0,,Complete Address,4631,KISSENA BLVD,,,,FLUSHING,NY,11355,Queens,407,20,4117616,4052080045,QN52,40.74998619,-73.81842313
A0192218,INS-000790434,10/04/2024,2024,BA-1354471-2022,BA-1354471,"GOLD CITY SUPERMARKET, INC.",,Supermarket - 819,Scale,Scale,Scale Inspection,Pre-pack Scale - 01,3,3,0,,Complete Address,4631,KISSENA BLVD,,,,FLUSHING,NY,11355,Queens,407,20,4117616,4052080045,QN52,40.74998619,-73.81842313
A0130777,INS-000658354,08/09/2023,2023,BA-1354471-2022,BA-1354471,"GOLD CITY SUPERMARKET, INC.",,Supermarket - 819,Scale,Scale,Scale Inspection,Computing Scale - 01,21,21,0,,Complete Address,4631,KISSENA BLVD,,,,FLUSHING,NY,11355,Queens,407,20,4117616,4052080045,QN52,40.74998619,-73.81842313
A0155485,INS-000731779,02/23/2024,2024,BA-1314764-2022,BA-1314764,GOLDEN BOYS GROUP INC,,Supermarket - 819,Scale,Scale,Scale Inspection,Computing Scale - 01,9,8,4,Confiscated,Complete Address,416,CRESCENT ST,,,,BROOKLYN,NY,11208,Brooklyn,305,37,3093424,3041660018,BK83,40.67854477,-73.87079711
A0129677,INS-000656189,07/31/2023,2023,BA-1622525-2023,BA-1622525,GOLDEN MANGO AMERICA INC.,,Supermarket - 819,Scale,Scale,Scale Inspection,Computing Scale - 01,11,11,0,,Complete Address,8105,ROCKAWAY BLVD,,,,OZONE PARK,NY,11416,Queens,409,32,4187160,4090090006,QN53,40.68441902,-73.85945329
A0165674,INS-000737628,04/25/2024,2024,BA-1321482-2022,BA-1321482,GOLDEN MANGO AMERICA INC.,,Supermarket - 819,Scale,Scale,Scale Inspection,Computing Scale - 01,11,11,0,,Complete Address,8105,ROCKAWAY BLVD,,,,OZONE PARK,NY,11416,Queens,409,32,4187160,4090090006,QN53,40.68441902,-73.85945329
A0132988,INS-000662248,08/25/2023,2023,BA-1157450-2022,BA-1157450,"GOLDEN PINEAPPLE AVENUE D, CORP.",,Supermarket - 819,Scale,Scale,Scale Inspection,Computing Scale - 01,7,7,0,,Complete Address,71,AVENUE D,,,,NEW YORK,NY,10009,Manhattan,103,2,1004444,1003757501,MN28,40.72229798,-73.97705168
A0205251,INS-000815839,12/26/2024,2024,BA-1157450-2022,BA-1157450,"GOLDEN PINEAPPLE AVENUE D, CORP.",,Supermarket - 819,Scale,Scale,Scale Inspection,Computing Scale - 01,7,7,0,,Complete Address,71,AVENUE D,,,,NEW YORK,NY,10009,Manhattan,103,2,1004444,1003757501,MN28,40.72229798,-73.97705168
A0200566,INS-000809105,11/22/2024,2024,BA-1726866-2025,BA-1726866,Good fortune supermarket,,Supermarket - 819,Scale,Scale,Scale Inspection,Computing Scale - 01,16,15,1,Confiscated,Complete Address,4276,MAIN ST,,,,FLUSHING,NY,11355,Queens,407,20,4622994,4051247501,QN22,40.75313707,-73.82728268
A0205858,INS-000816521,01/02/2025,2025,BA-1726866-2025,BA-1726866,Good fortune supermarket,,Supermarket - 819,Scale,Scale,Scale Inspection,Computing Scale - 01,13,13,0,,Complete Address,4276,MAIN ST,,,,FLUSHING,NY,11355,Queens,407,20,4622994,4051247501,QN22,40.75313707,-73.82728268
A0205858,INS-000816521,01/02/2025,2025,BA-1726866-2025,BA-1726866,Good fortune supermarket,,Supermarket - 819,Scale,Scale,Scale Inspection,Customer Scale - 01,1,1,0,,Complete Address,4276,MAIN ST,,,,FLUSHING,NY,11355,Queens,407,20,4622994,4051247501,QN22,40.75313707,-73.82728268
A0205858,INS-000816521,01/02/2025,2025,BA-1726866-2025,BA-1726866,Good fortune supermarket,,Supermarket - 819,Scale,Scale,Scale Inspection,Pre-pack Scale - 01,2,2,0,,Complete Address,4276,MAIN ST,,,,FLUSHING,NY,11355,Queens,407,20,4622994,4051247501,QN22,40.75313707,-73.82728268
A0139634,INS-000681643,10/18/2023,2023,BA-1598133-2023,BA-1598133,GOOD FORTUNE SUPERMARKET OF NY INC,,Supermarket - 819,Scale,Scale,Scale Inspection,Computing Scale - 01,15,15,0,,Complete Address,4276,MAIN ST,,,,FLUSHING,NY,11355,Queens,407,20,4622994,4051247501,QN22,40.75313707,-73.82728268
A0174741,INS-000755390,06/21/2024,2024,BA-1320535-2022,BA-1320535,GOOD NEIGHBORS SUNNYSIDE SUPERMARKET INC,,Supermarket - 819,Scale,Scale,Scale Inspection,Computing Scale - 01,5,5,0,,Complete Address,4560,46TH ST,,,,WOODSIDE,NY,11377,Queens,402,26,4433120,4001650024,QN31,40.7420175,-73.91894078
A0127503,INS-000652424,07/10/2023,2023,BA-1320535-2022,BA-1320535,GOOD NEIGHBORS SUNNYSIDE SUPERMARKET INC,,Supermarket - 819,Scale,Scale,Scale Inspection,Computing Scale - 01,6,6,0,,Complete Address,4560,46TH ST,,,,WOODSIDE,NY,11377,Queens,402,26,4433120,4001650024,QN31,40.7420175,-73.91894078
A0187990,INS-000782770,09/13/2024,2024,BA-1596921-2023,BA-1596921,Good Supermarket Inc,,Supermarket - 819,Scale,Scale,Scale Inspection,Computing Scale - 01,6,6,0,,Complete Address,8618,BROADWAY,,,,ELMHURST,NY,11373,Queens,404,25,4038766,4015490016,QN29,40.73812974,-73.87726351
A0187990,INS-000782770,09/13/2024,2024,BA-1596921-2023,BA-1596921,Good Supermarket Inc,,Supermarket - 819,Scale,Scale,Scale Inspection,Customer Scale - 01,1,1,0,,Complete Address,8618,BROADWAY,,,,ELMHURST,NY,11373,Queens,404,25,4038766,4015490016,QN29,40.73812974,-73.87726351
A0187990,INS-000782770,09/13/2024,2024,BA-1596921-2023,BA-1596921,Good Supermarket Inc,,Supermarket - 819,Scale,Scale,Scale Inspection,Misc Scale - 01,7,7,0,,Complete Address,8618,BROADWAY,,,,ELMHURST,NY,11373,Queens,404,25,4038766,4015490016,QN29,40.73812974,-73.87726351
A0187990,INS-000782770,09/13/2024,2024,BA-1596921-2023,BA-1596921,Good Supermarket Inc,,Supermarket - 819,Scale,Scale,Scale Inspection,Pre-pack Scale - 01,2,2,0,,Complete Address,8618,BROADWAY,,,,ELMHURST,NY,11373,Queens,404,25,4038766,4015490016,QN29,40.73812974,-73.87726351
A0136558,INS-000677984,09/22/2023,2023,BA-1596921-2023,BA-1596921,Good Supermarket Inc,,Supermarket - 819,Scale,Scale,Scale Inspection,Computing Scale - 01,19,19,0,,Complete Address,8618,BROADWAY,,,,ELMHURST,NY,11373,Queens,404,25,4038766,4015490016,QN29,40.73812974,-73.87726351
A0160068,INS-000731784,03/25/2024,2024,BA-1335020-2022,BA-1335020,GORIS GROCERS FLATBUSH AVE CORP.,,Supermarket - 819,Scale,Scale,Scale Inspection,Computing Scale - 01,12,12,0,,Complete Address,150,MYRTLE AVE,,,,BROOKLYN,NY,11201,Brooklyn,302,35,3394020,3020607501,BK38,40.69360526,-73.98308015
A0150259,INS-000703519,01/16/2024,2024,BA-1309003-2022,BA-1309003,"GOURMET FRESH 2, LLC",,Supermarket - 819,Scale,Scale,Scale Inspection,Computing Scale - 01,8,8,0,,Complete Address,530,86TH ST,,,,BROOKLYN,NY,11209,Brooklyn,310,47,3153813,3060520015,BK31,40.62088901,-74.02523686
A0174571,INS-000755084,06/20/2024,2024,BA-1356534-2022,BA-1356534,"GOURMET ISLAND, LLC",,Supermarket - 819,Scale,Scale,Scale Inspection,Computing Scale - 01,17,17,0,,Complete Address,2107,RICHMOND RD,,,,STATEN ISLAND,NY,10306,Staten Island,502,50,5151331,5008990018,SI24,40.58158418,-74.11166302
A0181581,INS-000769897,08/06/2024,2024,BA-1302998-2022,BA-1302998,"GRACE'S MARKETPLACE, INC",,Supermarket - 819,Scale,Scale,Scale Inspection,Computing Scale - 01,25,25,0,,Complete Address,1299,2ND AVE,,,,NEW YORK,NY,10065,Manhattan,108,5,1043903,1014230010,MN31,40.76633838,-73.96017399
A0140184,INS-000684154,10/23/2023,2023,BA-1292489-2022,BA-1292489,"GRACEFULLY, INC.",,Supermarket - 819,Scale,Scale,Scale Inspection,Computing Scale - 01,9,9,0,,Complete Address,320,1 AVENUE,,,,NEW YORK,NY,10009,Manhattan,106,4,1082864,1009720001,MN50,40.73408732,-73.98041056
A0154052,INS-000715911,02/09/2024,2024,BA-1292489-2022,BA-1292489,"GRACEFULLY, INC.",,Supermarket - 819,Scale,Scale,Scale Inspection,Computing Scale - 01,5,5,0,,Complete Address,320,1 AVENUE,,,,NEW YORK,NY,10009,Manhattan,106,4,1082864,1009720001,MN50,40.73408732,-73.98041056
A0154052,INS-000715911,02/09/2024,2024,BA-1292489-2022,BA-1292489,"GRACEFULLY, INC.",,Supermarket - 819,Scale,Scale,Scale Inspection,Pre-pack Scale - 01,3,3,0,,Complete Address,320,1 AVENUE,,,,NEW YORK,NY,10009,Manhattan,106,4,1082864,1009720001,MN50,40.73408732,-73.98041056
A0154052,INS-000715911,02/09/2024,2024,BA-1292489-2022,BA-1292489,"GRACEFULLY, INC.",,Supermarket - 819,Scale,Scale,Scale Inspection,Customer Scale - 01,1,1,0,,Complete Address,320,1 AVENUE,,,,NEW YORK,NY,10009,Manhattan,106,4,1082864,1009720001,MN50,40.73408732,-73.98041056
A0202606,INS-000810880,12/06/2024,2024,BA-1339107-2022,BA-1339107,GRAND MEAT CORP.,,Supermarket - 819,Scale,Scale,Scale Inspection,Computing Scale - 01,7,7,0,,Complete Address,6617,GRAND AVE,,,,MASPETH,NY,11378,Queens,405,30,4060816,4027240070,QN30,40.72452224,-73.89798642
A0202606,INS-000810880,12/06/2024,2024,BA-1339107-2022,BA-1339107,GRAND MEAT CORP.,,Supermarket - 819,Scale,Scale,Scale Inspection,Customer Scale - 01,1,1,0,,Complete Address,6617,GRAND AVE,,,,MASPETH,NY,11378,Queens,405,30,4060816,4027240070,QN30,40.72452224,-73.89798642
A0130340,INS-000657656,08/07/2023,2023,BA-1339107-2022,BA-1339107,GRAND MEAT CORP.,,Supermarket - 819,Scale,Scale,Scale Inspection,Computing Scale - 01,9,9,0,,Complete Address,6617,GRAND AVE,,,,MASPETH,NY,11378,Queens,405,30,4060816,4027240070,QN30,40.72452224,-73.89798642
A0172245,INS-000747979,06/05/2024,2024,BA-1320694-2022,BA-1320694,GRANDE MUNDO LLC,,Supermarket - 819,Scale,Scale,Scale Inspection,Computing Scale - 01,5,5,0,,Complete Address,4216,JUNCTION BLVD,,,,CORONA,NY,11368,Queens,404,21,4039920,4015990048,QN29,40.74612346,-73.86823001
A0172245,INS-000747979,06/05/2024,2024,BA-1320694-2022,BA-1320694,GRANDE MUNDO LLC,,Supermarket - 819,Scale,Scale,Scale Inspection,Pre-pack Scale - 01,1,1,0,,Complete Address,4216,JUNCTION BLVD,,,,CORONA,NY,11368,Queens,404,21,4039920,4015990048,QN29,40.74612346,-73.86823001
A0175970,INS-000757989,06/26/2024,2024,BA-1642239-2023,BA-1642239,GRANJA MEAT CORP.,,Supermarket - 819,Scale,Scale,Scale Inspection,Computing Scale - 01,7,7,0,,Complete Address,9930,CORONA AVE,,,,CORONA,NY,11368,Queens,404,21,4047340,4019260013,QN25,40.74431595,-73.8622898
A0175970,INS-000757989,06/26/2024,2024,BA-1642239-2023,BA-1642239,GRANJA MEAT CORP.,,Supermarket - 819,Scale,Scale,Scale Inspection,Customer Scale - 01,1,1,0,,Complete Address,9930,CORONA AVE,,,,CORONA,NY,11368,Queens,404,21,4047340,4019260013,QN25,40.74431595,-73.8622898
A0175970,INS-000757989,06/26/2024,2024,BA-1642239-2023,BA-1642239,GRANJA MEAT CORP.,,Supermarket - 819,Scale,Scale,Scale Inspection,Pre-pack Scale - 01,3,3,0,,Complete Address,9930,CORONA AVE,,,,CORONA,NY,11368,Queens,404,21,4047340,4019260013,QN25,40.74431595,-73.8622898
A0152550,INS-000710715,01/31/2024,2024,BA-1570099-2023,BA-1570099,"GRAY & WHITE MARKETS, INC.",,Supermarket - 819,Scale,Scale,Scale Inspection,Computing Scale - 01,13,13,0,,Complete Address,908,2ND AVE,,,,NEW YORK,NY,10017,Manhattan,106,4,1038916,1013410001,MN19,40.75384709,-73.96925902
A0209243,INS-000823516,01/28/2025,2025,BA-1570099-2023,BA-1570099,"GRAY & WHITE MARKETS, INC.",,Supermarket - 819,Scale,Scale,Scale Inspection,Customer Scale - 01,1,1,0,,Complete Address,908,2ND AVE,,,,NEW YORK,NY,10017,Manhattan,106,4,1038916,1013410001,MN19,40.75384709,-73.96925902
A0209243,INS-000823516,01/28/2025,2025,BA-1570099-2023,BA-1570099,"GRAY & WHITE MARKETS, INC.",,Supermarket - 819,Scale,Scale,Scale Inspection,Pre-pack Scale - 01,3,3,0,,Complete Address,908,2ND AVE,,,,NEW YORK,NY,10017,Manhattan,106,4,1038916,1013410001,MN19,40.75384709,-73.96925902
A0209243,INS-000823516,01/28/2025,2025,BA-1570099-2023,BA-1570099,"GRAY & WHITE MARKETS, INC.",,Supermarket - 819,Scale,Scale,Scale Inspection,Computing Scale - 01,10,10,0,,Complete Address,908,2ND AVE,,,,NEW YORK,NY,10017,Manhattan,106,4,1038916,1013410001,MN19,40.75384709,-73.96925902
A0182930,INS-000766583,08/14/2024,2024,BA-1325423-2022,BA-1325423,GREAT KILLS TOMATO INC.,,Supermarket - 819,Scale,Scale,Scale Inspection,Computing Scale - 01,12,12,0,,Complete Address,4045,AMBOY ROAD,,,,STATEN ISLAND,NY,10308,Staten Island,503,51,5070217,5054290010,,40.54948469,-74.1514753
A0143313,INS-000689523,11/17/2023,2023,BA-1325423-2022,BA-1325423,GREAT KILLS TOMATO INC.,,Supermarket - 819,Scale,Scale,Scale Inspection,Computing Scale - 01,12,12,0,,Complete Address,4045,AMBOY ROAD,,,,STATEN ISLAND,NY,10308,Staten Island,503,51,5070217,5054290010,,40.54948469,-74.1514753
A0209617,INS-000825719,01/30/2025,2025,BA-1325423-2022,BA-1325423,GREAT KILLS TOMATO INC.,,Supermarket - 819,Scale,Scale,Scale Inspection,Computing Scale - 01,12,12,0,,Complete Address,4045,AMBOY ROAD,,,,STATEN ISLAND,NY,10308,Staten Island,503,51,5070217,5054290010,,40.54948469,-74.1514753
A0202903,INS-000811503,12/10/2024,2024,BA-1339338-2022,BA-1339338,GREAT WALL SUPERMARKET(QUEENS) INC.,,Supermarket - 819,Scale,Scale,Scale Inspection,Pre-pack Scale - 01,1,1,0,,Complete Address,5916,99TH ST,,,,CORONA,NY,11368,Queens,404,21,4047327,4019180084,QN25,40.73689329,-73.85931734
A0202903,INS-000811503,12/10/2024,2024,BA-1339338-2022,BA-1339338,GREAT WALL SUPERMARKET(QUEENS) INC.,,Supermarket - 819,Scale,Scale,Scale Inspection,Computing Scale - 01,13,13,0,,Complete Address,5916,99TH ST,,,,CORONA,NY,11368,Queens,404,21,4047327,4019180084,QN25,40.73689329,-73.85931734
A0183221,INS-000773235,08/15/2024,2024,BA-1322896-2022,BA-1322896,GREENBAY MARKETPLACE INC.,,Supermarket - 819,Scale,Scale,Scale Inspection,Computing Scale - 01,4,4,0,,Complete Address,3206,BROADWAY,,,,ASTORIA,NY,11106,Queens,401,22,4008328,4006120034,QN70,40.76151993,-73.92444001
A0135545,INS-000666675,09/15/2023,2023,BA-1322896-2022,BA-1322896,GREENBAY MARKETPLACE INC.,,Supermarket - 819,Scale,Scale,Scale Inspection,Computing Scale - 01,9,9,0,,Complete Address,3206,BROADWAY,,,,ASTORIA,NY,11106,Queens,401,22,4008328,4006120034,QN70,40.76151993,-73.92444001
A0175920,INS-000757864,06/26/2024,2024,BA-1327005-2022,BA-1327005,GURABO PRODUCE CORP.,,Supermarket - 819,Scale,Scale,Scale Inspection,Computing Scale - 01,4,4,0,,Complete Address,4502,JUNCTION BLVD,,,,CORONA,NY,11368,Queens,404,25,4040045,4016020041,QN29,40.74454475,-73.8678145
A0175920,INS-000757864,06/26/2024,2024,BA-1327005-2022,BA-1327005,GURABO PRODUCE CORP.,,Supermarket - 819,Scale,Scale,Scale Inspection,Customer Scale - 01,1,1,0,,Complete Address,4502,JUNCTION BLVD,,,,CORONA,NY,11368,Queens,404,25,4040045,4016020041,QN29,40.74454475,-73.8678145
A0175920,INS-000757864,06/26/2024,2024,BA-1327005-2022,BA-1327005,GURABO PRODUCE CORP.,,Supermarket - 819,Scale,Scale,Scale Inspection,Pre-pack Scale - 01,2,2,0,,Complete Address,4502,JUNCTION BLVD,,,,CORONA,NY,11368,Queens,404,25,4040045,4016020041,QN29,40.74454475,-73.8678145
A0130202,INS-000657456,08/04/2023,2023,BA-1327005-2022,BA-1327005,GURABO PRODUCE CORP.,,Supermarket - 819,Scale,Scale,Scale Inspection,Computing Scale - 01,7,7,0,,Complete Address,4502,JUNCTION BLVD,,,,CORONA,NY,11368,Queens,404,25,4040045,4016020041,QN29,40.74454475,-73.8678145
A0216281,INS-000837149,03/14/2025,2025,BA-1723023-2025,BA-1723023,guru kirpa farms inc,,Supermarket - 819,Scale,Scale,Scale Inspection,Computing Scale - 01,4,4,0,,Complete Address,24813,UNION TPKE,,,,BELLEROSE,NY,11426,Queens,413,23,4173780,4084960055,QN43,40.74244282,-73.72177577
A0169007,INS-000743819,05/14/2024,2024,BA-1327465-2022,BA-1327465,H F DOLLAR & UP FRUIT AND VEGETABLE CORP,,Supermarket - 819,Scale,Scale,Scale Inspection,Computing Scale - 01,12,12,0,,Complete Address,6127,ROOSEVELT AVE,,,,WOODSIDE,NY,11377,Queens,402,26,4028380,4012310050,QN63,40.74570199,-73.9025662
A0169007,INS-000743819,05/14/2024,2024,BA-1327465-2022,BA-1327465,H F DOLLAR & UP FRUIT AND VEGETABLE CORP,,Supermarket - 819,Scale,Scale,Scale Inspection,Customer Scale - 01,1,1,0,,Complete Address,6127,ROOSEVELT AVE,,,,WOODSIDE,NY,11377,Queens,402,26,4028380,4012310050,QN63,40.74570199,-73.9025662
A0169007,INS-000743819,05/14/2024,2024,BA-1327465-2022,BA-1327465,H F DOLLAR & UP FRUIT AND VEGETABLE CORP,,Supermarket - 819,Scale,Scale,Scale Inspection,Pre-pack Scale - 01,3,3,0,,Complete Address,6127,ROOSEVELT AVE,,,,WOODSIDE,NY,11377,Queens,402,26,4028380,4012310050,QN63,40.74570199,-73.9025662
A0212401,INS-000830647,02/19/2025,2025,BA-1327465-2022,BA-1327465,H F DOLLAR & UP FRUIT AND VEGETABLE CORP,,Supermarket - 819,Scale,Scale,Scale Inspection,Computing Scale - 01,16,16,0,,Complete Address,6127,ROOSEVELT AVE,,,,WOODSIDE,NY,11377,Queens,402,26,4028380,4012310050,QN63,40.74570199,-73.9025662
A0190778,INS-000787697,09/27/2024,2024,BA-1613006-2023,BA-1613006,"H MART BAYSIDE, LLC",,Supermarket - 819,Scale,Scale,Scale Inspection,Computing Scale - 01,14,14,0,,Complete Address,4640,FRANCIS LEWIS BLVD,,,,BAYSIDE,NY,11361,Queens,411,19,4125452,4055550001,QN48,40.75387077,-73.78096885
A0190099,INS-000786527,09/25/2024,2024,BA-1573130-2023,BA-1573130,"H MART LIC, LLC",,Supermarket - 819,Scale,Scale,Scale Inspection,Computing Scale - 01,17,17,0,,Complete Address,3451,48TH ST,,,,LONG ISLAND CITY,NY,11101,Queens,401,26,4000822,4001200012,QN31,40.75254071,-73.9149036
A0190099,INS-000786527,09/25/2024,2024,BA-1573130-2023,BA-1573130,"H MART LIC, LLC",,Supermarket - 819,Scale,Scale,Scale Inspection,Customer Scale - 01,1,1,0,,Complete Address,3451,48TH ST,,,,LONG ISLAND CITY,NY,11101,Queens,401,26,4000822,4001200012,QN31,40.75254071,-73.9149036
A0190099,INS-000786527,09/25/2024,2024,BA-1573130-2023,BA-1573130,"H MART LIC, LLC",,Supermarket - 819,Scale,Scale,Scale Inspection,Pre-pack Scale - 01,13,13,0,,Complete Address,3451,48TH ST,,,,LONG ISLAND CITY,NY,11101,Queens,401,26,4000822,4001200012,QN31,40.75254071,-73.9149036
A0201391,INS-000808685,11/29/2024,2024,BA-1338313-2022,BA-1338313,"H MART ROOSEVELT, LLC",,Supermarket - 819,Scale,Scale,Scale Inspection,Computing Scale - 01,11,11,0,,Complete Address,14241,ROOSEVELT AVE,,,,FLUSHING,NY,11354,Queens,407,20,4312189,4050200034,QN22,40.76070184,-73.82562063
A0201391,INS-000808685,11/29/2024,2024,BA-1338313-2022,BA-1338313,"H MART ROOSEVELT, LLC",,Supermarket - 819,Scale,Scale,Scale Inspection,Customer Scale - 01,1,1,0,,Complete Address,14241,ROOSEVELT AVE,,,,FLUSHING,NY,11354,Queens,407,20,4312189,4050200034,QN22,40.76070184,-73.82562063
A0201391,INS-000808685,11/29/2024,2024,BA-1338313-2022,BA-1338313,"H MART ROOSEVELT, LLC",,Supermarket - 819,Scale,Scale,Scale Inspection,Pre-pack Scale - 01,8,8,0,,Complete Address,14241,ROOSEVELT AVE,,,,FLUSHING,NY,11354,Queens,407,20,4312189,4050200034,QN22,40.76070184,-73.82562063
A0139455,INS-000681423,10/17/2023,2023,BA-1673013-2023,BA-1673013,H MART WOODSIDE LLC,,Supermarket - 819,Scale,Scale,Scale Inspection,Computing Scale - 01,2,2,0,,Complete Address,5918,WOODSIDE AVE,,,,WOODSIDE,NY,11377,Queens,402,26,4031220,4013310046,QN63,40.74530901,-73.90528067
A0183480,INS-000773854,08/16/2024,2024,BA-1335287-2022,BA-1335287,HAJAR INC.,,Supermarket - 819,Scale,Scale,Scale Inspection,Computing Scale - 01,7,7,0,,Complete Address,1905,NOSTRAND AVE,,,,BROOKLYN,NY,11226,Brooklyn,317,45,3112333,3049640050,BK91,40.63928124,-73.94832693
A0183480,INS-000773854,08/16/2024,2024,BA-1335287-2022,BA-1335287,HAJAR INC.,,Supermarket - 819,Scale,Scale,Scale Inspection,Pre-pack Scale - 01,1,1,0,,Complete Address,1905,NOSTRAND AVE,,,,BROOKLYN,NY,11226,Brooklyn,317,45,3112333,3049640050,BK91,40.63928124,-73.94832693
A0159666,INS-000727079,03/21/2024,2024,BA-1337295-2022,BA-1337295,HAMILTON CORNER MEAT MARKET INC,,Supermarket - 819,Scale,Scale,Scale Inspection,Computing Scale - 01,3,3,0,,Complete Address,1,HAMILTON PL,,,,NEW YORK,NY,10031,Manhattan,109,7,1059811,1019880147,MN06,40.82093158,-73.95419431
A0159965,INS-000727778,03/25/2024,2024,BA-1329643-2022,BA-1329643,HANA MART COLUMBIA CORP.,,Supermarket - 819,Scale,Scale,Scale Inspection,Pre-pack Scale - 01,7,7,0,,Complete Address,2828,BROADWAY,,,,NEW YORK,NY,10025,Manhattan,107,7,1086018,1018810003,MN09,40.80387474,-73.96690251
A0159965,INS-000727778,03/25/2024,2024,BA-1329643-2022,BA-1329643,HANA MART COLUMBIA CORP.,,Supermarket - 819,Scale,Scale,Scale Inspection,Customer Scale - 01,1,1,0,,Complete Address,2828,BROADWAY,,,,NEW YORK,NY,10025,Manhattan,107,7,1086018,1018810003,MN09,40.80387474,-73.96690251
A0159965,INS-000727778,03/25/2024,2024,BA-1329643-2022,BA-1329643,HANA MART COLUMBIA CORP.,,Supermarket - 819,Scale,Scale,Scale Inspection,Computing Scale - 01,8,8,0,,Complete Address,2828,BROADWAY,,,,NEW YORK,NY,10025,Manhattan,107,7,1086018,1018810003,MN09,40.80387474,-73.96690251
A0214285,INS-000833657,03/04/2025,2025,BA-1329643-2022,BA-1329643,HANA MART COLUMBIA CORP.,,Supermarket - 819,Scale,Scale,Scale Inspection,Computing Scale - 01,16,16,0,,Complete Address,2828,BROADWAY,,,,NEW YORK,NY,10025,Manhattan,107,7,1086018,1018810003,MN09,40.80387474,-73.96690251
A0202101,INS-000810051,12/04/2024,2024,BA-1302064-2022,BA-1302064,HANA MART NY CORP,,Supermarket - 819,Scale,Scale,Scale Inspection,Computing Scale - 01,15,15,0,,Complete Address,38,WEST 32 STREET,,FL,1,NEW YORK,NY,10001,Manhattan,105,3,1015806,1008330018,MN17,40.74788889,-73.98725285
A0163226,INS-000733405,04/11/2024,2024,BA-1326127-2022,BA-1326127,HANS KF CORP,,Supermarket - 819,Scale,Scale,Scale Inspection,Computing Scale - 01,9,9,0,,Complete Address,14835,JAMAICA AVE,,,,JAMAICA,NY,11435,Queens,412,27,4206807,4096780094,QN61,40.70182564,-73.80606479
A0163226,INS-000733405,04/11/2024,2024,BA-1326127-2022,BA-1326127,HANS KF CORP,,Supermarket - 819,Scale,Scale,Scale Inspection,Pre-pack Scale - 01,1,1,0,,Complete Address,14835,JAMAICA AVE,,,,JAMAICA,NY,11435,Queens,412,27,4206807,4096780094,QN61,40.70182564,-73.80606479
A0130746,INS-000658298,08/09/2023,2023,BA-1326127-2022,BA-1326127,HANS KF CORP,,Supermarket - 819,Scale,Scale,Scale Inspection,Computing Scale - 01,10,10,0,,Complete Address,14835,JAMAICA AVE,,,,JAMAICA,NY,11435,Queens,412,27,4206807,4096780094,QN61,40.70182564,-73.80606479
A0206826,INS-000818966,01/09/2025,2025,BA-1326127-2022,BA-1326127,HANS KF CORP,,Supermarket - 819,Scale,Scale,Scale Inspection,Computing Scale - 01,8,8,0,,Complete Address,14835,JAMAICA AVE,,,,JAMAICA,NY,11435,Queens,412,27,4206807,4096780094,QN61,40.70182564,-73.80606479
A0206826,INS-000818966,01/09/2025,2025,BA-1326127-2022,BA-1326127,HANS KF CORP,,Supermarket - 819,Scale,Scale,Scale Inspection,Customer Scale - 01,1,1,0,,Complete Address,14835,JAMAICA AVE,,,,JAMAICA,NY,11435,Queens,412,27,4206807,4096780094,QN61,40.70182564,-73.80606479
A0158710,INS-000725299,03/15/2024,2024,BA-1583042-2023,BA-1583042,HANS SUNNYSIDE CORP,,Supermarket - 819,Scale,Scale,Scale Inspection,Computing Scale - 01,6,6,0,,Complete Address,4125,GREENPOINT AVE,,,,SUNNYSIDE,NY,11104,Queens,402,26,4002643,4001960042,QN31,40.74013239,-73.92373893
A0158710,INS-000725299,03/15/2024,2024,BA-1583042-2023,BA-1583042,HANS SUNNYSIDE CORP,,Supermarket - 819,Scale,Scale,Scale Inspection,Customer Scale - 01,1,1,0,,Complete Address,4125,GREENPOINT AVE,,,,SUNNYSIDE,NY,11104,Queens,402,26,4002643,4001960042,QN31,40.74013239,-73.92373893
A0158710,INS-000725299,03/15/2024,2024,BA-1583042-2023,BA-1583042,HANS SUNNYSIDE CORP,,Supermarket - 819,Scale,Scale,Scale Inspection,Pre-pack Scale - 01,2,2,0,,Complete Address,4125,GREENPOINT AVE,,,,SUNNYSIDE,NY,11104,Queens,402,26,4002643,4001960042,QN31,40.74013239,-73.92373893
A0213943,INS-000833038,02/28/2025,2025,BA-1583042-2023,BA-1583042,HANS SUNNYSIDE CORP,,Supermarket - 819,Scale,Scale,Scale Inspection,Computing Scale - 01,9,9,0,,Complete Address,4125,GREENPOINT AVE,,,,SUNNYSIDE,NY,11104,Queens,402,26,4002643,4001960042,QN31,40.74013239,-73.92373893
A0179530,INS-000765014,07/24/2024,2024,BA-1335483-2022,BA-1335483,HATZLACHA SUPERMARKET INC.,,Supermarket - 819,Scale,Scale,Scale Inspection,Computing Scale - 01,22,22,0,,Complete Address,744,BEDFORD AVENUE,,,,BROOKLYN,NY,11205,Brooklyn,303,33,3426852,3018867507,,40.69841276,-73.95691835
A0201482,INS-000808856,11/29/2024,2024,BA-1297796-2022,BA-1297796,HCTK CORP.,,Supermarket - 819,Scale,Scale,Scale Inspection,Computing Scale - 01,6,6,0,,Complete Address,11701,LIBERTY AVE,,,,S RICHMOND HL,NY,11419,Queens,410,29,4203660,4095550036,QN55,40.68595948,-73.82580887
A0201482,INS-000808856,11/29/2024,2024,BA-1297796-2022,BA-1297796,HCTK CORP.,,Supermarket - 819,Scale,Scale,Scale Inspection,Customer Scale - 01,1,1,0,,Complete Address,11701,LIBERTY AVE,,,,S RICHMOND HL,NY,11419,Queens,410,29,4203660,4095550036,QN55,40.68595948,-73.82580887
A0173317,INS-000752673,06/12/2024,2024,BA-1333816-2022,BA-1333816,HEMPSTEAD AVENUE FOOD LLC,,Supermarket - 819,Scale,Scale,Scale Inspection,Computing Scale - 01,7,7,0,,Complete Address,21851,HEMPSTEAD AVE,,,,QUEENS VILLAGE,NY,11429,Queens,413,27,4000000,4107660038,QN34,40.71346213,-73.73633996
A0138816,INS-000681808,10/11/2023,2023,BA-1301083-2022,BA-1301083,HERMANA MIRABAL INC,,Supermarket - 819,Scale,Scale,Scale Inspection,Computing Scale - 01,11,11,0,,Complete Address,1968,2ND AVE,,,,NEW YORK,NY,10029,Manhattan,111,8,1081358,1016730001,MN33,40.78758447,-73.9446548
A0156738,INS-000721819,03/04/2024,2024,BA-1301083-2022,BA-1301083,HERMANA MIRABAL INC,,Supermarket - 819,Scale,Scale,Scale Inspection,Computing Scale - 01,10,10,0,,Complete Address,1968,2ND AVE,,,,NEW YORK,NY,10029,Manhattan,111,8,1081358,1016730001,MN33,40.78758447,-73.9446548
A0193069,INS-000792113,10/09/2024,2024,BA-1630464-2023,BA-1630464,HILLSIDE 175 MEAT CORP.,,Supermarket - 819,Scale,Scale,Scale Inspection,Computing Scale - 01,15,15,0,,Complete Address,17535,HILLSIDE AVE,,,,JAMAICA,NY,11432,Queens,408,24,4592163,4098350050,QN06,40.71185778,-73.78741212
A0129808,INS-000656445,08/01/2023,2023,BA-1630464-2023,BA-1630464,HILLSIDE 175 MEAT CORP.,,Supermarket - 819,Scale,Scale,Scale Inspection,Computing Scale - 01,13,13,0,,Complete Address,17535,HILLSIDE AVE,,,,JAMAICA,NY,11432,Queens,408,24,4592163,4098350050,QN06,40.71185778,-73.78741212
A0150246,INS-000703494,01/16/2024,2024,BA-1289249-2022,BA-1289249,HILLSIDE K FOOD CORP.,,Supermarket - 819,Scale,Scale,Scale Inspection,Computing Scale - 01,10,10,0,,Complete Address,20215,HILLSIDE AVE,,,,HOLLIS,NY,11423,Queens,408,23,4224410,4105330001,QN06,40.72006126,-73.76184811
A0150246,INS-000703494,01/16/2024,2024,BA-1289249-2022,BA-1289249,HILLSIDE K FOOD CORP.,,Supermarket - 819,Scale,Scale,Scale Inspection,Customer Scale - 01,1,1,0,,Complete Address,20215,HILLSIDE AVE,,,,HOLLIS,NY,11423,Queens,408,23,4224410,4105330001,QN06,40.72006126,-73.76184811
A0150246,INS-000703494,01/16/2024,2024,BA-1289249-2022,BA-1289249,HILLSIDE K FOOD CORP.,,Supermarket - 819,Scale,Scale,Scale Inspection,Pre-pack Scale - 01,5,5,0,,Complete Address,20215,HILLSIDE AVE,,,,HOLLIS,NY,11423,Queens,408,23,4224410,4105330001,QN06,40.72006126,-73.76184811
A0202952,INS-000811580,12/10/2024,2024,BA-1716431-2024,BA-1716431,HJ MART INC.,,Supermarket - 819,Scale,Scale,Scale Inspection,Computing Scale - 01,14,14,0,,Complete Address,11914,SUTPHIN BLVD,,,,JAMAICA,NY,11434,Queens,412,28,4261143,4120280009,QN76,40.67854904,-73.79143006
A0182070,INS-000762592,08/08/2024,2024,BA-1702641-2024,BA-1702641,HUA LIAN MARKET INC.,,Supermarket - 819,Scale,Scale,Scale Inspection,Computing Scale - 01,15,15,0,,Complete Address,19301,NORTHERN BLVD,,,,FLUSHING,NY,11358,Queens,411,19,4121121,4053690005,QN48,40.75788369,-73.78836255
A0198929,INS-000803905,11/14/2024,2024,BA-1278636-2022,BA-1278636,HUA LIAN SUPERMARKET INC,,Supermarket - 819,Scale,Scale,Scale Inspection,Computing Scale - 01,17,17,0,,Complete Address,2503,PARSONS BLVD,,,,FLUSHING,NY,11354,Queens,407,19,4108020,4047790009,QN51,40.77647398,-73.82435894
A0198929,INS-000803905,11/14/2024,2024,BA-1278636-2022,BA-1278636,HUA LIAN SUPERMARKET INC,,Supermarket - 819,Scale,Scale,Scale Inspection,Customer Scale - 01,2,2,0,,Complete Address,2503,PARSONS BLVD,,,,FLUSHING,NY,11354,Queens,407,19,4108020,4047790009,QN51,40.77647398,-73.82435894
A0198929,INS-000803905,11/14/2024,2024,BA-1278636-2022,BA-1278636,HUA LIAN SUPERMARKET INC,,Supermarket - 819,Scale,Scale,Scale Inspection,Pre-pack Scale - 01,1,1,0,,Complete Address,2503,PARSONS BLVD,,,,FLUSHING,NY,11354,Queens,407,19,4108020,4047790009,QN51,40.77647398,-73.82435894
A0166312,INS-000738726,04/30/2024,2024,BA-1335697-2022,BA-1335697,IGUA FOOD CORP.,,Supermarket - 819,Scale,Scale,Scale Inspection,Computing Scale - 01,16,16,0,,Complete Address,421,E 189TH ST,,,,BRONX,NY,10458,Bronx,206,15,2094608,2030330004,BX40,40.86035093,-73.89213482
A0129459,INS-000655755,07/27/2023,2023,BA-1335697-2022,BA-1335697,IGUA FOOD CORP.,,Supermarket - 819,Scale,Scale,Scale Inspection,Computing Scale - 01,13,13,0,,Complete Address,421,E 189TH ST,,,,BRONX,NY,10458,Bronx,206,15,2094608,2030330004,BX40,40.86035093,-73.89213482
A0204496,INS-000814505,12/19/2024,2024,BA-1334688-2022,BA-1334688,"IMMORTAL RISE, INC.",,Supermarket - 819,Scale,Scale,Scale Inspection,Computing Scale - 01,15,15,0,,Complete Address,4705,5TH AVE,,,,BROOKLYN,NY,11220,Brooklyn,307,38,3012274,3007660006,BK34,40.64668423,-74.00866659
A0208053,INS-000821276,01/17/2025,2025,BA-1610873-2023,BA-1610873,ISLAND OF GOLD SUPERMARKET INC,,Supermarket - 819,Scale,Scale,Scale Inspection,Computing Scale - 01,14,14,0,,Complete Address,19525,69TH AVE,,,,FRESH MEADOWS,NY,11365,Queens,408,23,4439391,4071170007,QN41,40.73694632,-73.77796451
A0175141,INS-000756216,06/25/2024,2024,BA-1325634-2022,BA-1325634,"ITS CHEESE, INC.",,Supermarket - 819,Scale,Scale,Scale Inspection,Computing Scale - 01,9,9,0,,Complete Address,5214,13TH AVE,,,,BROOKLYN,NY,11219,Brooklyn,312,44,3138710,3056620064,BK88,40.63321299,-73.99401928
A0174536,INS-000755017,06/20/2024,2024,BA-1346479-2022,BA-1346479,"ITTADI SUPERMARKET, LLC",,Supermarket - 819,Scale,Scale,Scale Inspection,Computing Scale - 01,8,8,0,,Complete Address,16807,HILLSIDE AVE,,,,JAMAICA,NY,11432,Queens,408,24,4210504,4098400001,QN35,40.71012494,-73.79447657
A0161851,INS-000731001,04/03/2024,2024,BA-1690099-2024,BA-1690099,IVORY & WHITE MARKETS INC,,Supermarket - 819,Scale,Scale,Scale Inspection,Pre-pack Scale - 01,1,1,0,,Complete Address,15,W END AVE,,,,NEW YORK,NY,10023,Manhattan,107,6,1088869,1011717511,MN14,40.77216917,-73.99006068
A0161851,INS-000731001,04/03/2024,2024,BA-1690099-2024,BA-1690099,IVORY & WHITE MARKETS INC,,Supermarket - 819,Scale,Scale,Scale Inspection,Computing Scale - 01,16,16,0,,Complete Address,15,W END AVE,,,,NEW YORK,NY,10023,Manhattan,107,6,1088869,1011717511,MN14,40.77216917,-73.99006068
A0161851,INS-000731001,04/03/2024,2024,BA-1690099-2024,BA-1690099,IVORY & WHITE MARKETS INC,,Supermarket - 819,Scale,Scale,Scale Inspection,Customer Scale - 01,1,1,0,,Complete Address,15,W END AVE,,,,NEW YORK,NY,10023,Manhattan,107,6,1088869,1011717511,MN14,40.77216917,-73.99006068
A0208409,INS-000822079,01/22/2025,2025,BA-1690099-2024,BA-1690099,IVORY & WHITE MARKETS INC,,Supermarket - 819,Scale,Scale,Scale Inspection,Computing Scale - 01,18,18,0,,Complete Address,15,W END AVE,,,,NEW YORK,NY,10023,Manhattan,107,6,1088869,1011717511,MN14,40.77216917,-73.99006068
A0184937,INS-000776987,07/19/2024,2024,BA-1725912-2025,BA-1725912,J & D FARM MARKET CORP.,,Supermarket - 819,Scale,Scale,Scale Inspection,Computing Scale - 01,8,8,0,,Complete Address,21620,HILLSIDE AVE,,,,QUEENS VLG,NY,11427,Queens,413,23,4228812,4106760009,QN34,40.72770381,-73.74818269
A0184937,INS-000776987,07/19/2024,2024,BA-1725912-2025,BA-1725912,J & D FARM MARKET CORP.,,Supermarket - 819,Scale,Scale,Scale Inspection,Customer Scale - 01,1,1,0,,Complete Address,21620,HILLSIDE AVE,,,,QUEENS VLG,NY,11427,Queens,413,23,4228812,4106760009,QN34,40.72770381,-73.74818269
A0212755,INS-000831176,02/21/2025,2025,BA-1721896-2025,BA-1721896,J & E GRAND CONCOURSE RETAIL LLC,,Supermarket - 819,Scale,Scale,Scale Inspection,Computing Scale - 01,21,21,0,,Complete Address,2530,GRAND CONCOURSE,,,,BRONX,NY,10458,Bronx,207,15,2096820,2031547501,BX05,40.86308604,-73.89664228
A0141759,INS-000686789,11/02/2023,2023,BA-1334822-2022,BA-1334822,J & F MEAT MARKET CORP.,,Supermarket - 819,Scale,Scale,Scale Inspection,Computing Scale - 01,4,4,0,,Complete Address,1975,AMSTERDAM AVE,,,,NEW YORK,NY,10032,Manhattan,112,10,1062513,1021080059,MN36,40.83332107,-73.94168606
A0197808,INS-000801899,11/07/2024,2024,BA-1311335-2022,BA-1311335,J & R WYCKOFF CORP,,Supermarket - 819,Scale,Scale,Scale Inspection,Computing Scale - 01,12,12,0,,Complete Address,72,WYCKOFF AVE,,,,BROOKLYN,NY,11237,Brooklyn,304,34,3073258,3032210035,BK77,40.70503839,-73.920414
A0211317,INS-000828738,02/11/2025,2025,BA-1721077-2025,BA-1721077,J & T NANDA CORP/C-TOWN FRESH MARKET,,Supermarket - 819,Scale,Scale,Scale Inspection,Computing Scale - 01,7,7,0,,Complete Address,1660,MADISON AVE,,,,NEW YORK,NY,10029,Manhattan,111,9,1085254,1016160001,MN33,40.79645674,-73.94743925
A0178571,INS-000763108,07/17/2024,2024,BA-1626518-2023,BA-1626518,J D 248 FOOD CORP,,Supermarket - 819,Scale,Scale,Scale Inspection,Computing Scale - 01,9,9,0,,Complete Address,248,E 174TH ST,,,,BRONX,NY,10457,Bronx,204,15,2007369,2027920040,BX41,40.8446915,-73.90686318
A0178571,INS-000763108,07/17/2024,2024,BA-1626518-2023,BA-1626518,J D 248 FOOD CORP,,Supermarket - 819,Scale,Scale,Scale Inspection,Customer Scale - 01,2,2,0,,Complete Address,248,E 174TH ST,,,,BRONX,NY,10457,Bronx,204,15,2007369,2027920040,BX41,40.8446915,-73.90686318
A0158097,INS-000724197,03/12/2024,2024,BA-1688091-2024,BA-1688091,J MART GROCERY STORE INC.,,Supermarket - 819,Scale,Scale,Scale Inspection,Computing Scale - 01,27,27,0,,Complete Address,13620,ROOSEVELT AVE,,,,FLUSHING,NY,11354,Queens,407,20,4113546,4050190005,QN22,40.75978503,-73.82923633
A0158097,INS-000724197,03/12/2024,2024,BA-1688091-2024,BA-1688091,J MART GROCERY STORE INC.,,Supermarket - 819,Scale,Scale,Scale Inspection,Customer Scale - 01,1,1,0,,Complete Address,13620,ROOSEVELT AVE,,,,FLUSHING,NY,11354,Queens,407,20,4113546,4050190005,QN22,40.75978503,-73.82923633
A0158097,INS-000724197,03/12/2024,2024,BA-1688091-2024,BA-1688091,J MART GROCERY STORE INC.,,Supermarket - 819,Scale,Scale,Scale Inspection,Pre-pack Scale - 01,1,1,0,,Complete Address,13620,ROOSEVELT AVE,,,,FLUSHING,NY,11354,Queens,407,20,4113546,4050190005,QN22,40.75978503,-73.82923633
A0206765,INS-000818845,01/09/2025,2025,BA-1339928-2022,BA-1339928,J MART GROUP INC.,,Supermarket - 819,Scale,Scale,Scale Inspection,Computing Scale - 01,26,26,0,,Complete Address,4019,MAIN ST,,,,FLUSHING,NY,11354,Queens,407,20,4113546,4050190005,QN22,40.75905587,-73.82987711
A0206765,INS-000818845,01/09/2025,2025,BA-1339928-2022,BA-1339928,J MART GROUP INC.,,Supermarket - 819,Scale,Scale,Scale Inspection,Customer Scale - 01,1,1,0,,Complete Address,4019,MAIN ST,,,,FLUSHING,NY,11354,Queens,407,20,4113546,4050190005,QN22,40.75905587,-73.82987711
A0206765,INS-000818845,01/09/2025,2025,BA-1339928-2022,BA-1339928,J MART GROUP INC.,,Supermarket - 819,Scale,Scale,Scale Inspection,Pre-pack Scale - 01,2,2,0,,Complete Address,4019,MAIN ST,,,,FLUSHING,NY,11354,Queens,407,20,4113546,4050190005,QN22,40.75905587,-73.82987711
A0154518,INS-000717044,02/14/2024,2024,BA-1371477-2022,BA-1371477,J VASQUEZ MEAT CORP.,,Supermarket - 819,Scale,Scale,Scale Inspection,Computing Scale - 01,9,9,0,,Complete Address,1142,BEDFORD AVE,,,,BROOKLYN,NY,11216,Brooklyn,303,36,3397605,3019867501,BK69,40.68537685,-73.95432348
A0203227,INS-000812066,12/11/2024,2024,BA-1334350-2022,BA-1334350,J.B. 366 FOOD CORP,,Supermarket - 819,Scale,Scale,Scale Inspection,Computing Scale - 01,6,6,0,,Complete Address,366,NEW LOTS AVE,,,,BROOKLYN,NY,11207,Brooklyn,305,42,3096387,3042980001,BK85,40.66163278,-73.89354107
A0201230,INS-000808375,11/27/2024,2024,BA-1338305-2022,BA-1338305,J&E MEAT & PRODUCE CORP.,,Supermarket - 819,Scale,Scale,Scale Inspection,Computing Scale - 01,8,8,0,,Complete Address,385,BROADWAY,,,,BROOKLYN,NY,11211,Brooklyn,301,34,3063609,3024630030,BK73,40.7072912,-73.95461505
A0132194,INS-000660945,08/21/2023,2023,BA-1338305-2022,BA-1338305,J&E MEAT & PRODUCE CORP.,,Supermarket - 819,Scale,Scale,Scale Inspection,Computing Scale - 01,8,8,0,,Complete Address,385,BROADWAY,,,,BROOKLYN,NY,11211,Brooklyn,301,34,3063609,3024630030,BK73,40.7072912,-73.95461505
A0179036,INS-000764078,07/19/2024,2024,BA-1303446-2022,BA-1303446,J&M MEAT MARKET INC,,Supermarket - 819,Scale,Scale,Scale Inspection,Computing Scale - 01,14,14,0,,Complete Address,1111,MYRTLE AVE,,,,BROOKLYN,NY,11206,Brooklyn,303,36,3042879,3015840039,BK35,40.69678693,-73.93701635
A0177829,INS-000761446,07/12/2024,2024,BA-1280589-2022,BA-1280589,JACKSON Q PLAZA LLC,,Supermarket - 819,Scale,Scale,Scale Inspection,Computing Scale - 01,12,12,0,,Complete Address,2918,QUEENS PLZ S,,,,LONG ISLAND CITY,NY,11101,Queens,402,26,4000000,4004200001,QN31,40.7492425,-73.93792678
A0177829,INS-000761446,07/12/2024,2024,BA-1280589-2022,BA-1280589,JACKSON Q PLAZA LLC,,Supermarket - 819,Scale,Scale,Scale Inspection,Customer Scale - 01,1,1,0,,Complete Address,2918,QUEENS PLZ S,,,,LONG ISLAND CITY,NY,11101,Queens,402,26,4000000,4004200001,QN31,40.7492425,-73.93792678
A0177829,INS-000761446,07/12/2024,2024,BA-1280589-2022,BA-1280589,JACKSON Q PLAZA LLC,,Supermarket - 819,Scale,Scale,Scale Inspection,Pre-pack Scale - 01,4,4,0,,Complete Address,2918,QUEENS PLZ S,,,,LONG ISLAND CITY,NY,11101,Queens,402,26,4000000,4004200001,QN31,40.7492425,-73.93792678
A0147600,INS-000697739,12/19/2023,2023,BA-1275537-2022,BA-1275537,JAMAN FOOD CORP,,Supermarket - 819,Scale,Scale,Scale Inspection,Computing Scale - 01,5,5,0,,Complete Address,19911,HOLLIS AVE,,,,SAINT ALBANS,NY,11412,Queens,412,27,4233178,4108990035,QN07,40.70620649,-73.75829802
A0147600,INS-000697739,12/19/2023,2023,BA-1275537-2022,BA-1275537,JAMAN FOOD CORP,,Supermarket - 819,Scale,Scale,Scale Inspection,Customer Scale - 01,1,1,0,,Complete Address,19911,HOLLIS AVE,,,,SAINT ALBANS,NY,11412,Queens,412,27,4233178,4108990035,QN07,40.70620649,-73.75829802
A0147600,INS-000697739,12/19/2023,2023,BA-1275537-2022,BA-1275537,JAMAN FOOD CORP,,Supermarket - 819,Scale,Scale,Scale Inspection,Pre-pack Scale - 01,3,3,0,,Complete Address,19911,HOLLIS AVE,,,,SAINT ALBANS,NY,11412,Queens,412,27,4233178,4108990035,QN07,40.70620649,-73.75829802
A0215406,INS-000835666,03/11/2025,2025,BA-1275537-2022,BA-1275537,JAMAN FOOD CORP,,Supermarket - 819,Scale,Scale,Scale Inspection,Computing Scale - 01,9,9,0,,Complete Address,19911,HOLLIS AVE,,,,SAINT ALBANS,NY,11412,Queens,412,27,4233178,4108990035,QN07,40.70620649,-73.75829802
A0211785,INS-000829601,02/13/2025,2025,BA-1314857-2022,BA-1314857,JANUS NEW YORK INC,,Supermarket - 819,Scale,Scale,Scale Inspection,Pre-pack Scale - 01,8,8,0,,Complete Address,870,CYPRESS AVE,,,,RIDGEWOOD,NY,11385,Queens,405,34,4085541,4035480060,QN20,40.69956485,-73.90528435
A0211785,INS-000829601,02/13/2025,2025,BA-1314857-2022,BA-1314857,JANUS NEW YORK INC,,Supermarket - 819,Scale,Scale,Scale Inspection,Customer Scale - 01,1,1,0,,Complete Address,870,CYPRESS AVE,,,,RIDGEWOOD,NY,11385,Queens,405,34,4085541,4035480060,QN20,40.69956485,-73.90528435
A0211785,INS-000829601,02/13/2025,2025,BA-1314857-2022,BA-1314857,JANUS NEW YORK INC,,Supermarket - 819,Scale,Scale,Scale Inspection,Computing Scale - 01,7,7,0,,Complete Address,870,CYPRESS AVE,,,,RIDGEWOOD,NY,11385,Queens,405,34,4085541,4035480060,QN20,40.69956485,-73.90528435
A0165237,INS-000736930,04/24/2024,2024,BA-1692121-2024,BA-1692121,JCY MERRICK FOOD CORP.,,Supermarket - 819,Scale,Scale,Scale Inspection,Computing Scale - 01,12,12,0,,Complete Address,23421,MERRICK BLVD,,,,ROSEDALE,NY,11422,Queens,413,31,4279521,4129740001,QN66,40.67437515,-73.73577347
A0165237,INS-000736930,04/24/2024,2024,BA-1692121-2024,BA-1692121,JCY MERRICK FOOD CORP.,,Supermarket - 819,Scale,Scale,Scale Inspection,Customer Scale - 01,2,2,0,,Complete Address,23421,MERRICK BLVD,,,,ROSEDALE,NY,11422,Queens,413,31,4279521,4129740001,QN66,40.67437515,-73.73577347
A0200873,INS-000807711,11/26/2024,2024,BA-1631561-2023,BA-1631561,JKJ CORP.,,Supermarket - 819,Scale,Scale,Scale Inspection,Computing Scale - 01,3,3,0,,Complete Address,13,W 100TH ST,,,,NEW YORK,NY,10025,Manhattan,107,7,1055298,1018360026,MN12,40.7943851,-73.96320898
A0200873,INS-000807711,11/26/2024,2024,BA-1631561-2023,BA-1631561,JKJ CORP.,,Supermarket - 819,Scale,Scale,Scale Inspection,Pre-pack Scale - 01,2,2,0,,Complete Address,13,W 100TH ST,,,,NEW YORK,NY,10025,Manhattan,107,7,1055298,1018360026,MN12,40.7943851,-73.96320898
A0200873,INS-000807711,11/26/2024,2024,BA-1631561-2023,BA-1631561,JKJ CORP.,,Supermarket - 819,Scale,Scale,Scale Inspection,Customer Scale - 01,1,1,0,,Complete Address,13,W 100TH ST,,,,NEW YORK,NY,10025,Manhattan,107,7,1055298,1018360026,MN12,40.7943851,-73.96320898
A0204117,INS-000813790,12/17/2024,2024,BA-1716947-2024,BA-1716947,JRI FLATLANDS FOOD CORP.,,Supermarket - 819,Scale,Scale,Scale Inspection,Computing Scale - 01,12,12,0,,Complete Address,937,E 107TH ST,,,,BROOKLYN,NY,11236,Brooklyn,318,46,3230692,3082150022,BK50,40.64770747,-73.89244977
A0178237,INS-000762448,07/16/2024,2024,BA-1344249-2022,BA-1344249,JRI FOOD CORP,,Supermarket - 819,Scale,Scale,Scale Inspection,Computing Scale - 01,9,9,0,,Complete Address,17111,LINDEN BLVD,,,,JAMAICA,NY,11434,Queens,412,27,4219352,4102870082,QN08,40.69172535,-73.77893006
A0175959,INS-000757972,06/26/2024,2024,BA-1320519-2022,BA-1320519,JSMD FOOD CORP.,,Supermarket - 819,Scale,Scale,Scale Inspection,Computing Scale - 01,14,14,0,,Complete Address,100,HUGH J GRANT CIR,,,,BRONX,NY,10472,Bronx,209,18,2025960,2037940100,BX55,40.8327219,-73.86065775
A0194562,INS-000795282,10/18/2024,2024,BA-1295829-2022,BA-1295829,JUNCALITO ABAJO MEAT CORP.,,Supermarket - 819,Scale,Scale,Scale Inspection,Computing Scale - 01,24,24,0,,Complete Address,1380,PENNSYLVANIA AVE,,,,BROOKLYN,NY,11239,Brooklyn,305,42,3345673,3044520015,BK93,40.64787269,-73.88179715
A0216682,INS-000837917,03/18/2025,2025,BA-1337449-2022,BA-1337449,"JUNCALITO MEAT & PRODUCE, INC.",,Supermarket - 819,Scale,Scale,Scale Inspection,Computing Scale - 01,10,10,0,,Complete Address,2212,3 AVENUE,,,,NEW YORK,NY,10035,Manhattan,111,8,1087272,1017697501,MN34,40.80082986,-73.93792563
A0206776,INS-000819435,01/09/2025,2025,BA-1312156-2022,BA-1312156,K & J ROCHDALE FOOD CORP,,Supermarket - 819,Scale,Scale,Scale Inspection,Computing Scale - 01,13,13,0,,Complete Address,16985,137TH AVE,,,,JAMAICA,NY,11434,Queens,412,28,4436349,4124950002,QN02,40.67264087,-73.77051079
A0187887,INS-000782596,09/12/2024,2024,BA-1708904-2024,BA-1708904,KABA FOOD MARKET INC.,,Supermarket - 819,Scale,Scale,Scale Inspection,Computing Scale - 01,4,4,0,,Complete Address,14819,HILLSIDE AVE,,,,JAMAICA,NY,11435,Queens,408,24,4207421,4097040057,QN61,40.70617969,-73.80820177
A0192597,INS-000791226,10/08/2024,2024,BA-1708904-2024,BA-1708904,KABA FOOD MARKET INC.,,Supermarket - 819,Scale,Scale,Scale Inspection,Computing Scale - 01,1,0,4,Confiscated,Complete Address,14819,HILLSIDE AVE,,,,JAMAICA,NY,11435,Queens,408,24,4207421,4097040057,QN61,40.70617969,-73.80820177
A0143413,INS-000689703,11/17/2023,2023,BA-1313204-2022,BA-1313204,KAD FOOD CORP,,Supermarket - 819,Scale,Scale,Scale Inspection,Computing Scale - 01,8,8,0,,Complete Address,1150,WOODYCREST AVE,,,,BRONX,NY,10452,Bronx,204,16,2003151,2025090050,BX26,40.83580398,-73.92554459
A0199308,INS-000804719,11/12/2024,2024,BA-1312981-2022,BA-1312981,KAJ MEAT CORP,,Supermarket - 819,Scale,Scale,Scale Inspection,Computing Scale - 01,7,7,0,,Complete Address,631,GATES AVE,,,,BROOKLYN,NY,11221,Brooklyn,303,36,3051049,3018110072,BK35,40.68729503,-73.94129814
A0199146,INS-000804248,11/15/2024,2024,BA-1312981-2022,BA-1312981,KAJ MEAT CORP,,Supermarket - 819,Scale,Scale,Scale Inspection,Computing Scale - 01,1,1,0,,Complete Address,631,GATES AVE,,,,BROOKLYN,NY,11221,Brooklyn,303,36,3051049,3018110072,BK35,40.68729503,-73.94129814
A0130215,INS-000657469,08/04/2023,2023,BA-1329284-2022,BA-1329284,KARI MEAT CORP,,Supermarket - 819,Scale,Scale,Scale Inspection,Computing Scale - 01,12,12,0,,Complete Address,2220,ATLANTIC AVE,,,,BROOKLYN,NY,11233,Brooklyn,316,41,3324662,3014340001,BK79,40.67637939,-73.91172728
A0130442,INS-000657789,08/07/2023,2023,BA-1292279-2022,BA-1292279,KATONAH FOOD MARKET CORP.,,Supermarket - 819,Scale,Scale,Scale Inspection,Computing Scale - 01,10,10,0,,Complete Address,4265,KATONAH AVE,,,,BRONX,NY,10470,Bronx,212,11,2019046,2033750052,BX62,40.89742217,-73.86717408
A0207615,INS-000820427,01/15/2025,2025,BA-1312485-2022,BA-1312485,KBC FOOD CORP.,,Supermarket - 819,Scale,Scale,Scale Inspection,Customer Scale - 01,2,2,0,,Complete Address,1721,1ST AVE,,,,NEW YORK,NY,10128,Manhattan,108,5,1050118,1015527504,MN32,40.77890439,-73.94790806
A0207615,INS-000820427,01/15/2025,2025,BA-1312485-2022,BA-1312485,KBC FOOD CORP.,,Supermarket - 819,Scale,Scale,Scale Inspection,Computing Scale - 01,9,9,0,,Complete Address,1721,1ST AVE,,,,NEW YORK,NY,10128,Manhattan,108,5,1050118,1015527504,MN32,40.77890439,-73.94790806
A0207615,INS-000820427,01/15/2025,2025,BA-1312485-2022,BA-1312485,KBC FOOD CORP.,,Supermarket - 819,Scale,Scale,Scale Inspection,Pre-pack Scale - 01,2,2,0,,Complete Address,1721,1ST AVE,,,,NEW YORK,NY,10128,Manhattan,108,5,1050118,1015527504,MN32,40.77890439,-73.94790806
A0150406,INS-000703853,01/17/2024,2024,BA-1682923-2024,BA-1682923,KEY FOOD UPPER WEST SIDE,,Supermarket - 819,Scale,Scale,Scale Inspection,Computing Scale - 01,10,10,0,,Complete Address,2401,BROADWAY,,,,NEW YORK,NY,10024,Manhattan,107,6,1033291,1012360010,MN12,40.78973053,-73.97538168
A0215994,INS-000836654,03/13/2025,2025,BA-1682923-2024,BA-1682923,KEY FOOD UPPER WEST SIDE,,Supermarket - 819,Scale,Scale,Scale Inspection,Computing Scale - 01,11,11,0,,Complete Address,2401,BROADWAY,,,,NEW YORK,NY,10024,Manhattan,107,6,1033291,1012360010,MN12,40.78973053,-73.97538168
A0195555,INS-000797393,10/24/2024,2024,BA-1298050-2022,BA-1298050,KHAAMAR BAARI SUPERMARKET LLC,,Supermarket - 819,Scale,Scale,Scale Inspection,Computing Scale - 01,3,3,0,,Complete Address,18319,HILLSIDE AVE,,,,JAMAICA,NY,11432,Queens,408,24,4595595,4099500055,QN06,40.71391353,-73.77863282
A0180508,INS-000767758,07/30/2024,2024,BA-1339755-2022,BA-1339755,KING FRUIT II CORP,,Supermarket - 819,Scale,Scale,Scale Inspection,Computing Scale - 01,7,7,0,,Complete Address,268,KNICKERBOCKER AVE,,,,BROOKLYN,NY,11237,Brooklyn,304,34,3326279,3032090027,BK77,40.70229088,-73.9244819
A0141808,INS-000686884,11/02/2023,2023,BA-1284348-2022,BA-1284348,KING MEAT CORP.,,Supermarket - 819,Scale,Scale,Scale Inspection,Computing Scale - 01,13,12,2,Confiscated,Complete Address,3871,BROADWAY,,,,NEW YORK,NY,10032,Manhattan,112,7,1063352,1021370018,MN36,40.83692543,-73.94279598
A0144276,INS-000691983,11/27/2023,2023,BA-1284348-2022,BA-1284348,KING MEAT CORP.,,Supermarket - 819,Scale,Scale,Scale Inspection,Computing Scale - 01,1,1,0,,Complete Address,3871,BROADWAY,,,,NEW YORK,NY,10032,Manhattan,112,7,1063352,1021370018,MN36,40.83692543,-73.94279598
A0184091,INS-000769692,08/21/2024,2024,BA-1322704-2022,BA-1322704,KINGDOM CASTLE FOOD CORP.,,Supermarket - 819,Scale,Scale,Scale Inspection,Computing Scale - 01,10,10,0,,Complete Address,300,SAND LN,,,,STATEN ISLAND,NY,10305,Staten Island,502,50,5050354,5034050030,SI36,40.59225439,-74.06805197
A0184091,INS-000769692,08/21/2024,2024,BA-1322704-2022,BA-1322704,KINGDOM CASTLE FOOD CORP.,,Supermarket - 819,Scale,Scale,Scale Inspection,No Fee Scale,1,0,4,Confiscated,Complete Address,300,SAND LN,,,,STATEN ISLAND,NY,10305,Staten Island,502,50,5050354,5034050030,SI36,40.59225439,-74.06805197
A0193382,INS-000791200,10/10/2024,2024,BA-1318503-2022,BA-1318503,KINGSLAND FOODS,,Supermarket - 819,Scale,Scale,Scale Inspection,Platform Scale - 02,1,1,0,,Complete Address,5711,49TH ST,,,,MASPETH,NY,11378,Queens,405,30,4437461,4026030052,QN31,40.71990375,-73.92001025
A0141899,INS-000686057,11/03/2023,2023,BA-1318503-2022,BA-1318503,KINGSLAND FOODS,,Supermarket - 819,Scale,Scale,Scale Inspection,Computing Scale - 01,6,6,0,,Complete Address,5711,49TH ST,,,,MASPETH,NY,11378,Queens,405,30,4437461,4026030052,QN31,40.71990375,-73.92001025
A0179550,INS-000765065,07/24/2024,2024,BA-1703529-2024,BA-1703529,KINGSTON FINE FOODS CORP.,,Supermarket - 819,Scale,Scale,Scale Inspection,Computing Scale - 01,9,9,0,,Complete Address,2711,WHITE PLAINS RD,,,,BRONX,NY,10467,Bronx,211,12,2053538,2045080027,BX07,40.86568552,-73.86736401
A0181840,INS-000766056,08/07/2024,2024,BA-1703529-2024,BA-1703529,KINGSTON FINE FOODS CORP.,,Supermarket - 819,Scale,Scale,Scale Inspection,Computing Scale - 01,1,1,0,,Complete Address,2711,WHITE PLAINS RD,,,,BRONX,NY,10467,Bronx,211,12,2053538,2045080027,BX07,40.86568552,-73.86736401
A0177779,INS-000761342,07/11/2024,2024,BA-1240172-2022,BA-1240172,"KISSENA GLATT FARMS, INC.",,Supermarket - 819,Scale,Scale,Scale Inspection,Computing Scale - 01,18,18,0,,Complete Address,7215,KISSENA BLVD,,,,FLUSHING,NY,11367,Queens,408,24,4146993,4067930002,QN38,40.72789483,-73.81400944
A0177779,INS-000761342,07/11/2024,2024,BA-1240172-2022,BA-1240172,"KISSENA GLATT FARMS, INC.",,Supermarket - 819,Scale,Scale,Scale Inspection,Customer Scale - 01,1,1,0,,Complete Address,7215,KISSENA BLVD,,,,FLUSHING,NY,11367,Queens,408,24,4146993,4067930002,QN38,40.72789483,-73.81400944
A0177779,INS-000761342,07/11/2024,2024,BA-1240172-2022,BA-1240172,"KISSENA GLATT FARMS, INC.",,Supermarket - 819,Scale,Scale,Scale Inspection,Pre-pack Scale - 01,1,1,0,,Complete Address,7215,KISSENA BLVD,,,,FLUSHING,NY,11367,Queens,408,24,4146993,4067930002,QN38,40.72789483,-73.81400944
A0204856,INS-000815125,12/20/2024,2024,BA-1332126-2022,BA-1332126,"KOSHER CORNER SUPERMARKET, INC.",,Supermarket - 819,Scale,Scale,Scale Inspection,Computing Scale - 01,14,14,0,,Complete Address,2055,MCDONALD AVE,,,,BROOKLYN,NY,11223,Brooklyn,315,44,3329222,3066810007,BK25,40.60249287,-73.97245814
A0132000,INS-000660612,08/18/2023,2023,BA-1596730-2023,BA-1596730,KOSHER KINGDOM INC,,Supermarket - 819,Scale,Scale,Scale Inspection,Computing Scale - 01,9,9,0,,Complete Address,8002,SURREY PL,,,,JAMAICA,NY,11432,Queens,408,24,4155424,4072270036,QN06,40.72636487,-73.7894476
A0149289,INS-000700889,01/05/2024,2024,BA-1596730-2023,BA-1596730,KOSHER KINGDOM INC,,Supermarket - 819,Scale,Scale,Scale Inspection,Computing Scale - 01,8,8,0,,Complete Address,8002,SURREY PL,,,,JAMAICA,NY,11432,Queens,408,24,4155424,4072270036,QN06,40.72636487,-73.7894476
A0172055,INS-000750149,06/04/2024,2024,BA-1299801-2022,BA-1299801,"KSP SUPERMARKET, INC.",,Supermarket - 819,Scale,Scale,Scale Inspection,Computing Scale - 01,8,8,0,,Complete Address,1486,LEXINGTON AVENUE,,,,NEW YORK,NY,10128,Manhattan,108,5,1048495,1015240056,MN40,40.78576759,-73.95101546
A0206146,INS-000817579,01/03/2025,2025,BA-1294514-2022,BA-1294514,KWONS CORP,,Supermarket - 819,Scale,Scale,Scale Inspection,Computing Scale - 01,7,7,0,,Complete Address,2902,UNION ST,,,,FLUSHING,NY,11354,Queens,407,20,4100730,4043430090,QN22,40.7717509,-73.82658454
A0206146,INS-000817579,01/03/2025,2025,BA-1294514-2022,BA-1294514,KWONS CORP,,Supermarket - 819,Scale,Scale,Scale Inspection,Pre-pack Scale - 01,6,6,0,,Complete Address,2902,UNION ST,,,,FLUSHING,NY,11354,Queens,407,20,4100730,4043430090,QN22,40.7717509,-73.82658454
A0206146,INS-000817579,01/03/2025,2025,BA-1294514-2022,BA-1294514,KWONS CORP,,Supermarket - 819,Scale,Scale,Scale Inspection,Customer Scale - 01,1,1,0,,Complete Address,2902,UNION ST,,,,FLUSHING,NY,11354,Queens,407,20,4100730,4043430090,QN22,40.7717509,-73.82658454
A0189656,INS-000785734,09/24/2024,2024,BA-1179401-2022,BA-1179401,L.I.C. MARKET CORP.,,Supermarket - 819,Scale,Scale,Scale Inspection,Computing Scale - 01,4,4,0,,Complete Address,1007,41ST AVE,,,,LONG IS CITY,NY,11101,Queens,401,26,4595584,4004700100,QN68,40.75561693,-73.94557651
A0189656,INS-000785734,09/24/2024,2024,BA-1179401-2022,BA-1179401,L.I.C. MARKET CORP.,,Supermarket - 819,Scale,Scale,Scale Inspection,Pre-pack Scale - 01,2,2,0,,Complete Address,1007,41ST AVE,,,,LONG IS CITY,NY,11101,Queens,401,26,4595584,4004700100,QN68,40.75561693,-73.94557651
A0164592,INS-000735798,04/19/2024,2024,BA-1692353-2024,BA-1692353,L’ANGOLO DI PALERMO INC,,Supermarket - 819,Scale,Scale,Scale Inspection,Computing Scale - 01,3,3,0,,Complete Address,7801,3RD AVE,,,,BROOKLYN,NY,11209,Brooklyn,310,47,3150286,3059690010,BK31,40.62918295,-74.02871292
A0203091,INS-000811826,12/10/2024,2024,BA-1276446-2022,BA-1276446,LA RANA MEAT CORP.,,Supermarket - 819,Scale,Scale,Scale Inspection,Computing Scale - 01,10,10,0,,Complete Address,1871,ROCKAWAY PKWY,,,,BROOKLYN,NY,11236,Brooklyn,318,46,3233728,3082810024,BK50,40.6365337,-73.89271999
A0153378,INS-000712243,02/06/2024,2024,BA-1334735-2022,BA-1334735,LA ROTONDA MEAT CORP.,,Supermarket - 819,Scale,Scale,Scale Inspection,Computing Scale - 01,7,7,0,,Complete Address,655,STANLEY AVE,,,,BROOKLYN,NY,11207,Brooklyn,305,42,3097682,3043530029,BK82,40.65914542,-73.88440828
A0208738,INS-000822602,01/24/2025,2025,BA-1334735-2022,BA-1334735,LA ROTONDA MEAT CORP.,,Supermarket - 819,Scale,Scale,Scale Inspection,Computing Scale - 01,7,7,0,,Complete Address,655,STANLEY AVE,,,,BROOKLYN,NY,11207,Brooklyn,305,42,3097682,3043530029,BK82,40.65914542,-73.88440828
A0178561,INS-000763089,07/17/2024,2024,BA-1336520-2022,BA-1336520,"LA SIRENA SUPERMARKET, INC",,Supermarket - 819,Scale,Scale,Scale Inspection,Computing Scale - 01,4,4,0,,Complete Address,3334,FULTON ST,,,,BROOKLYN,NY,11208,Brooklyn,305,37,3092739,3041460036,BK83,40.68352853,-73.87258303
A0206137,INS-000817560,01/03/2025,2025,BA-1341194-2022,BA-1341194,"LAFAYETTE MARKET, INC.",,Supermarket - 819,Scale,Scale,Scale Inspection,Computing Scale - 01,17,17,0,,Complete Address,325,LAFAYETTE AVE,,,,BROOKLYN,NY,11238,Brooklyn,302,35,3055380,3019337501,BK69,40.68859396,-73.96256782
A0163156,INS-000733282,04/11/2024,2024,BA-1319062-2022,BA-1319062,LARA FOOD CORP.,,Supermarket - 819,Scale,Scale,Scale Inspection,Computing Scale - 01,4,4,0,,Complete Address,7914,21ST AVE,,,,EAST ELMHURST,NY,11370,Queens,401,22,4021642,4009750001,QN72,40.77072895,-73.89073117
A0163156,INS-000733282,04/11/2024,2024,BA-1319062-2022,BA-1319062,LARA FOOD CORP.,,Supermarket - 819,Scale,Scale,Scale Inspection,Pre-pack Scale - 01,2,2,0,,Complete Address,7914,21ST AVE,,,,EAST ELMHURST,NY,11370,Queens,401,22,4021642,4009750001,QN72,40.77072895,-73.89073117
A0208283,INS-000821869,01/22/2025,2025,BA-1637328-2023,BA-1637328,LEENA OF NY INC.,,Supermarket - 819,Scale,Scale,Scale Inspection,Computing Scale - 01,8,8,0,,Complete Address,22112,HORACE HARDING EXPY,,,,OAKLAND GARDENS,NY,11364,Queens,411,23,4163157,4076440033,QN42,40.74921783,-73.7560992
A0158238,INS-000724447,03/13/2024,2024,BA-1317359-2022,BA-1317359,LENOX & 132ND FOOD CORP.,,Supermarket - 819,Scale,Scale,Scale Inspection,Computing Scale - 01,8,8,0,,Complete Address,448,LENOX AVE,,,,NEW YORK,NY,10037,Manhattan,110,9,1053885,1017300001,MN03,40.81239555,-73.94209455
A0216894,INS-000838300,03/19/2025,2025,BA-1296468-2022,BA-1296468,LIBERTY SUPERMARKET & HALAL MEAT INC,,Supermarket - 819,Scale,Scale,Scale Inspection,Computing Scale - 01,3,3,0,,Complete Address,1075,LIBERTY AVE,,,,BROOKLYN,NY,11208,Brooklyn,305,37,3093593,3041710029,BK83,40.67835397,-73.86954645
A0216894,INS-000838300,03/19/2025,2025,BA-1296468-2022,BA-1296468,LIBERTY SUPERMARKET & HALAL MEAT INC,,Supermarket - 819,Scale,Scale,Scale Inspection,Pre-pack Scale - 01,1,1,0,,Complete Address,1075,LIBERTY AVE,,,,BROOKLYN,NY,11208,Brooklyn,305,37,3093593,3041710029,BK83,40.67835397,-73.86954645
A0183869,INS-000774714,08/20/2024,2024,BA-1338044-2022,BA-1338044,LIDI US OPERATIONS LLC,,Supermarket - 819,Scale,Scale,Scale Inspection,Computing Scale - 01,12,12,0,,Complete Address,283,PLATINUM AVENUE,,,,STATEN ISLAND,NY,10314,Staten Island,502,51,5039660,5024000375,SI24,40.57869398,-74.16797872
A0161249,INS-000730002,04/02/2024,2024,BA-1329566-2022,BA-1329566,"LIME TREE MAKET, INC,",,Supermarket - 819,Scale,Scale,Scale Inspection,Computing Scale - 01,2,2,0,,Complete Address,146,1ST AVE,,,,NEW YORK,NY,10009,Manhattan,103,2,1005862,1004360005,MN22,40.72802759,-73.98495477
A0190929,INS-000787961,09/27/2024,2024,BA-1338493-2022,BA-1338493,LITTLE NECK SUPERMARKET INC,,Supermarket - 819,Scale,Scale,Scale Inspection,Computing Scale - 01,9,9,0,,Complete Address,25445,HORACE HARDING EXPY,,,,LITTLE NECK,NY,11362,Queens,411,19,4171502,4082560002,QN45,40.76388297,-73.72671123
A0190929,INS-000787961,09/27/2024,2024,BA-1338493-2022,BA-1338493,LITTLE NECK SUPERMARKET INC,,Supermarket - 819,Scale,Scale,Scale Inspection,Pre-pack Scale - 01,2,2,0,,Complete Address,25445,HORACE HARDING EXPY,,,,LITTLE NECK,NY,11362,Queens,411,19,4171502,4082560002,QN45,40.76388297,-73.72671123
A0183229,INS-000773241,08/15/2024,2024,BA-1704538-2024,BA-1704538,LM 501 6th Corp,,Supermarket - 819,Scale,Scale,Scale Inspection,Computing Scale - 01,11,11,0,,Complete Address,501,6TH AVE,,,,NEW YORK,NY,10011,Manhattan,102,3,1010619,1006080039,MN23,40.73648788,-73.99748493
A0183229,INS-000773241,08/15/2024,2024,BA-1704538-2024,BA-1704538,LM 501 6th Corp,,Supermarket - 819,Scale,Scale,Scale Inspection,Misc Scale - 01,1,1,0,,Complete Address,501,6TH AVE,,,,NEW YORK,NY,10011,Manhattan,102,3,1010619,1006080039,MN23,40.73648788,-73.99748493
A0131027,INS-000658735,07/26/2023,2023,BA-1653996-2023,BA-1653996,LM4 INC,,Supermarket - 819,Scale,Scale,Scale Inspection,Computing Scale - 01,9,9,0,,Complete Address,650,FLATBUSH AVE,,,,BROOKLYN,NY,11225,Brooklyn,309,40,3114638,3050260216,BK60,40.65751411,-73.96031465
A0211800,INS-000829622,02/13/2025,2025,BA-1653996-2023,BA-1653996,LM4 INC,,Supermarket - 819,Scale,Scale,Scale Inspection,Computing Scale - 01,9,9,0,,Complete Address,650,FLATBUSH AVE,,,,BROOKLYN,NY,11225,Brooklyn,309,40,3114638,3050260216,BK60,40.65751411,-73.96031465
A0168438,INS-000742698,05/09/2024,2024,BA-1300839-2022,BA-1300839,"LOS ALAMOS MEAT & PRODUCE, INC.",,Supermarket - 819,Scale,Scale,Scale Inspection,Pre-pack Scale - 01,1,1,0,,Complete Address,235,E 106TH ST,,,,NEW YORK,NY,10029,Manhattan,111,8,1084323,1016560001,MN33,40.79102574,-73.94335907
A0168438,INS-000742698,05/09/2024,2024,BA-1300839-2022,BA-1300839,"LOS ALAMOS MEAT & PRODUCE, INC.",,Supermarket - 819,Scale,Scale,Scale Inspection,Computing Scale - 01,14,14,0,,Complete Address,235,E 106TH ST,,,,NEW YORK,NY,10029,Manhattan,111,8,1084323,1016560001,MN33,40.79102574,-73.94335907
A0147325,INS-000697101,12/18/2023,2023,BA-1660016-2023,BA-1660016,M & D 21 FOOD CORP.,,Supermarket - 819,Scale,Scale,Scale Inspection,Computing Scale - 01,3,3,0,,Complete Address,4465,21ST ST,,,,LONG ISLAND CITY,NY,11101,Queens,402,26,4000665,4000780054,QN31,40.74781173,-73.94744154
A0208069,INS-000821302,01/17/2025,2025,BA-1660016-2023,BA-1660016,M & D 21 FOOD CORP.,,Supermarket - 819,Scale,Scale,Scale Inspection,Customer Scale - 01,1,1,0,,Complete Address,4465,21ST ST,,,,LONG ISLAND CITY,NY,11101,Queens,402,26,4000665,4000780054,QN31,40.74781173,-73.94744154
A0208069,INS-000821302,01/17/2025,2025,BA-1660016-2023,BA-1660016,M & D 21 FOOD CORP.,,Supermarket - 819,Scale,Scale,Scale Inspection,Computing Scale - 01,6,6,0,,Complete Address,4465,21ST ST,,,,LONG ISLAND CITY,NY,11101,Queens,402,26,4000665,4000780054,QN31,40.74781173,-73.94744154
A0208069,INS-000821302,01/17/2025,2025,BA-1660016-2023,BA-1660016,M & D 21 FOOD CORP.,,Supermarket - 819,Scale,Scale,Scale Inspection,Pre-pack Scale - 01,2,2,0,,Complete Address,4465,21ST ST,,,,LONG ISLAND CITY,NY,11101,Queens,402,26,4000665,4000780054,QN31,40.74781173,-73.94744154
A0205126,INS-000815611,12/24/2024,2024,BA-1596391-2023,BA-1596391,M & L MEAT MARKET LLC,,Supermarket - 819,Scale,Scale,Scale Inspection,Computing Scale - 01,5,5,0,,Complete Address,3970,LACONIA AVE,,,,BRONX,NY,10466,Bronx,212,12,2065948,2049030042,BX03,40.88413519,-73.84933539
A0204490,INS-000814496,12/19/2024,2024,BA-1435931-2022,BA-1435931,"M & S SUPERMARKET, CORP",,Supermarket - 819,Scale,Scale,Scale Inspection,Computing Scale - 01,7,7,0,,Complete Address,3404,QUENTIN RD,,,,BROOKLYN,NY,11234,Brooklyn,318,46,3212904,3077170037,BK45,40.61377984,-73.93812118
A0178726,INS-000763418,07/18/2024,2024,BA-1418409-2022,BA-1418409,M.S. FAMILY FOOD CORP.,,Supermarket - 819,Scale,Scale,Scale Inspection,Computing Scale - 01,7,7,0,,Complete Address,14236,FOCH BLVD,,,,JAMAICA,NY,11436,Queens,412,28,4260681,4120150055,QN76,40.67895447,-73.79868631
A0212233,INS-000830362,02/18/2025,2025,BA-1721619-2025,BA-1721619,M2M ALUMNI HALL CORP,,Supermarket - 819,Scale,Scale,Scale Inspection,Computing Scale - 01,9,9,0,,Complete Address,39,3RD AVE,,,,NEW YORK,NY,10003,Manhattan,103,2,1006764,1004650001,MN22,40.73041875,-73.98925148
A0150184,INS-000703367,01/16/2024,2024,BA-1658475-2023,BA-1658475,MACH BAZAR LLC,,Supermarket - 819,Scale,Scale,Scale Inspection,Computing Scale - 01,2,2,0,,Complete Address,7108,35TH AVE,,,,JACKSON HEIGHTS,NY,11372,Queens,403,25,4029489,4012710003,QN28,40.75072895,-73.89470883
A0150184,INS-000703367,01/16/2024,2024,BA-1658475-2023,BA-1658475,MACH BAZAR LLC,,Supermarket - 819,Scale,Scale,Scale Inspection,Pre-pack Scale - 01,2,2,0,,Complete Address,7108,35TH AVE,,,,JACKSON HEIGHTS,NY,11372,Queens,403,25,4029489,4012710003,QN28,40.75072895,-73.89470883
A0171157,INS-000748100,05/21/2024,2024,BA-1464881-2022,BA-1464881,MADDAJ-AJ INC.,,Supermarket - 819,Scale,Scale,Scale Inspection,Computing Scale - 01,10,10,0,,Complete Address,1006,ALLERTON AVE,,,,BRONX,NY,10469,Bronx,211,13,2051784,2044500037,BX31,40.8654828,-73.85844877
A0147132,INS-000696821,12/15/2023,2023,BA-1400821-2022,BA-1400821,MAKSOUD BROS FOOD CORP.,,Supermarket - 819,Scale,Scale,Scale Inspection,Computing Scale - 01,6,6,0,,Complete Address,1362,NOSTRAND AVE,,,,BROOKLYN,NY,11226,Brooklyn,317,40,3116683,3050850061,BK60,40.65345873,-73.94986564
A0202887,INS-000812933,12/10/2024,2024,BA-1400821-2022,BA-1400821,MAKSOUD BROS FOOD CORP.,,Supermarket - 819,Scale,Scale,Scale Inspection,Computing Scale - 01,5,5,0,,Complete Address,1362,NOSTRAND AVE,,,,BROOKLYN,NY,11226,Brooklyn,317,40,3116683,3050850061,BK60,40.65345873,-73.94986564
A0207350,INS-000819956,01/14/2025,2025,BA-1417283-2022,BA-1417283,MANGO NOSTRAND FARM MARKET CORP.,,Supermarket - 819,Scale,Scale,Scale Inspection,Computing Scale - 01,8,8,0,,Complete Address,1887,NOSTRAND AVE,,,,BROOKLYN,NY,11226,Brooklyn,317,45,3112333,3049640050,BK91,40.63960514,-73.94835911
A0204683,INS-000814827,12/20/2024,2024,BA-1678004-2023,BA-1678004,"MANI MARKET PLACE, INC.",,Supermarket - 819,Scale,Scale,Scale Inspection,Computing Scale - 01,3,3,0,,Complete Address,697,COLUMBUS AVE,,,,NEW YORK,NY,10025,Manhattan,107,6,1079516,1012070001,MN12,40.79144433,-73.96854466
A0163050,INS-000733076,04/10/2024,2024,BA-1727749-2025,BA-1727749,MANNAN SUPERMARKET INC,,Supermarket - 819,Scale,Scale,Scale Inspection,Computing Scale - 01,5,5,0,,Complete Address,7416,101ST AVE,,,,OZONE PARK,NY,11416,Queens,409,32,4188712,4090760008,QN56,40.6794169,-73.86306917
A0217057,INS-000838560,03/19/2025,2025,BA-1727749-2025,BA-1727749,MANNAN SUPERMARKET INC,,Supermarket - 819,Scale,Scale,Scale Inspection,Computing Scale - 01,5,5,0,,Complete Address,7416,101ST AVE,,,,OZONE PARK,NY,11416,Queens,409,32,4188712,4090760008,QN56,40.6794169,-73.86306917
A0187937,INS-000781663,09/13/2024,2024,BA-1460189-2022,BA-1460189,"MANNIX FAMILY MARKET @ FOREST AND RICHMOND AVE, LLC",,Supermarket - 819,Scale,Scale,Scale Inspection,Computing Scale - 01,12,12,0,,Complete Address,985,RICHMOND AVE,,,,STATEN ISLAND,NY,10314,Staten Island,501,49,5150291,5014790001,SI12,40.62290814,-74.14944093
A0172829,INS-000751634,06/07/2024,2024,BA-1460189-2022,BA-1460189,"MANNIX FAMILY MARKET @ FOREST AND RICHMOND AVE, LLC",,Supermarket - 819,Scale,Scale,Scale Inspection,Computing Scale - 01,2,2,0,,Complete Address,985,RICHMOND AVE,,,,STATEN ISLAND,NY,10314,Staten Island,501,49,5150291,5014790001,SI12,40.62290814,-74.14944093
A0147879,INS-000698214,12/21/2023,2023,BA-1460189-2022,BA-1460189,"MANNIX FAMILY MARKET @ FOREST AND RICHMOND AVE, LLC",,Supermarket - 819,Scale,Scale,Scale Inspection,Computing Scale - 01,1,1,0,,Complete Address,985,RICHMOND AVE,,,,STATEN ISLAND,NY,10314,Staten Island,501,49,5150291,5014790001,SI12,40.62290814,-74.14944093
A0144985,INS-000694233,11/30/2023,2023,BA-1460189-2022,BA-1460189,"MANNIX FAMILY MARKET @ FOREST AND RICHMOND AVE, LLC",,Supermarket - 819,Scale,Scale,Scale Inspection,Computing Scale - 01,53,52,3,Confiscated,Complete Address,985,RICHMOND AVE,,,,STATEN ISLAND,NY,10314,Staten Island,501,49,5150291,5014790001,SI12,40.62290814,-74.14944093
A0169040,INS-000743890,05/14/2024,2024,BA-1460189-2022,BA-1460189,"MANNIX FAMILY MARKET @ FOREST AND RICHMOND AVE, LLC",,Supermarket - 819,Scale,Scale,Scale Inspection,Computing Scale - 01,54,52,4,Confiscated,Complete Address,985,RICHMOND AVE,,,,STATEN ISLAND,NY,10314,Staten Island,501,49,5150291,5014790001,SI12,40.62290814,-74.14944093
A0173945,INS-000753775,06/14/2024,2024,BA-1451676-2022,BA-1451676,MANNIX FAMILY MARKET @ HYLAN BLVD LLC,,Supermarket - 819,Scale,Scale,Scale Inspection,Computing Scale - 01,54,54,0,,Complete Address,2656,HYLAN BOULEVARD,,,,STATEN ISLAND,NY,10306,Staten Island,502,50,5171653,5039690001,,40.56719182,-74.11303548
A0200208,INS-000806285,11/21/2024,2024,BA-1451676-2022,BA-1451676,MANNIX FAMILY MARKET @ HYLAN BLVD LLC,,Supermarket - 819,Scale,Scale,Scale Inspection,Computing Scale - 01,12,12,0,,Complete Address,2656,HYLAN BOULEVARD,,,,STATEN ISLAND,NY,10306,Staten Island,502,50,5171653,5039690001,,40.56719182,-74.11303548
A0126804,INS-000651326,07/03/2023,2023,BA-1451676-2022,BA-1451676,MANNIX FAMILY MARKET @ HYLAN BLVD LLC,,Supermarket - 819,Scale,Scale,Scale Inspection,Computing Scale - 01,59,59,0,,Complete Address,2656,HYLAN BOULEVARD,,,,STATEN ISLAND,NY,10306,Staten Island,502,50,5171653,5039690001,,40.56719182,-74.11303548
A0200527,INS-000806825,11/22/2024,2024,BA-1465844-2022,BA-1465844,MANNIX FAMILY MARKET AT VETERAN'S ROAD LLC,,Supermarket - 819,Scale,Scale,Scale Inspection,Computing Scale - 01,55,55,0,,Complete Address,3010,VETERANS RD W,,,,STATEN ISLAND,NY,10309,Staten Island,503,51,5158973,5074870050,SI11,40.52798082,-74.23518329
A0154117,INS-000716201,02/12/2024,2024,BA-1424418-2022,BA-1424418,MARAV USA LLC,,Supermarket - 819,Scale,Scale,Scale Inspection,Computing Scale - 01,14,14,0,,Complete Address,1245,61ST ST,,,,BROOKLYN,NY,11219,Brooklyn,312,44,3334167,3057180016,BK88,40.62898342,-74.00032063
A0154117,INS-000716201,02/12/2024,2024,BA-1424418-2022,BA-1424418,MARAV USA LLC,,Supermarket - 819,Scale,Scale,Scale Inspection,Customer Scale - 01,1,1,0,,Complete Address,1245,61ST ST,,,,BROOKLYN,NY,11219,Brooklyn,312,44,3334167,3057180016,BK88,40.62898342,-74.00032063
A0154117,INS-000716201,02/12/2024,2024,BA-1424418-2022,BA-1424418,MARAV USA LLC,,Supermarket - 819,Scale,Scale,Scale Inspection,Pre-pack Scale - 01,7,7,0,,Complete Address,1245,61ST ST,,,,BROOKLYN,NY,11219,Brooklyn,312,44,3334167,3057180016,BK88,40.62898342,-74.00032063
A0174666,INS-000755257,06/20/2024,2024,BA-1442540-2022,BA-1442540,MARKELLA CORP,,Supermarket - 819,Scale,Scale,Scale Inspection,Computing Scale - 01,5,5,0,,Complete Address,3042,31ST ST,,,,ASTORIA,NY,11102,Queens,401,22,4007661,4005930043,QN70,40.76592374,-73.92218597
A0174666,INS-000755257,06/20/2024,2024,BA-1442540-2022,BA-1442540,MARKELLA CORP,,Supermarket - 819,Scale,Scale,Scale Inspection,Customer Scale - 02,1,1,0,,Complete Address,3042,31ST ST,,,,ASTORIA,NY,11102,Queens,401,22,4007661,4005930043,QN70,40.76592374,-73.92218597
A0205136,INS-000815626,12/24/2024,2024,BA-1717473-2024,BA-1717473,MARKO UZ INC.,,Supermarket - 819,Scale,Scale,Scale Inspection,Computing Scale - 01,3,3,0,,Complete Address,1701,MCDONALD AVE,,,,BROOKLYN,NY,11230,Brooklyn,312,44,3329178,3065830059,BK46,40.61155094,-73.97350609
A0174966,INS-000758649,06/25/2024,2024,BA-1444072-2022,BA-1444072,MAX BLINK Z L CORP,,Supermarket - 819,Scale,Scale,Scale Inspection,Computing Scale - 01,12,12,0,,Complete Address,1325,39TH ST,,,,BROOKLYN,NY,11218,Brooklyn,312,39,3123374,3052990061,BK88,40.64020596,-73.98557631
A0174492,INS-000754945,06/20/2024,2024,BA-1444072-2022,BA-1444072,MAX BLINK Z L CORP,,Supermarket - 819,Scale,Scale,Scale Inspection,Computing Scale - 01,13,13,0,,Complete Address,1325,39TH ST,,,,BROOKLYN,NY,11218,Brooklyn,312,39,3123374,3052990061,BK88,40.64020596,-73.98557631
A0165256,INS-000736960,04/24/2024,2024,BA-1460371-2022,BA-1460371,MAYAS FOOD CORP.,,Supermarket - 819,Scale,Scale,Scale Inspection,Computing Scale - 01,7,7,0,,Complete Address,783,SARATOGA AVE,,,,BROOKLYN,NY,11212,Brooklyn,316,41,3394623,3035830029,BK81,40.66130783,-73.91539845
A0203168,INS-000811963,12/11/2024,2024,BA-1452121-2022,BA-1452121,MAZAL GLATT SUPERMARKET INC,,Supermarket - 819,Scale,Scale,Scale Inspection,Computing Scale - 01,10,10,0,,Complete Address,7202,MAIN ST,,,,FLUSHING,NY,11367,Queens,408,24,4143394,4066210002,QN37,40.72653195,-73.82175579
A0126820,INS-000651350,07/03/2023,2023,BA-1421863-2022,BA-1421863,MERRICK MEAT FARMS INC,,Supermarket - 819,Scale,Scale,Scale Inspection,Computing Scale - 01,13,13,0,,Complete Address,23421,MERRICK BLVD,,,,ROSEDALE,NY,11422,Queens,413,31,4279521,4129740001,QN66,40.67437515,-73.73577347
A0173873,INS-000753636,06/14/2024,2024,BA-1429125-2022,BA-1429125,MERRICK MEAT MARKET INC,,Supermarket - 819,Scale,Scale,Scale Inspection,Pre-pack Scale - 01,1,1,0,,Complete Address,10830,MERRICK BLVD,,,,JAMAICA,NY,11433,Queens,412,27,4216668,4101780125,QN01,40.6977117,-73.7861878
A0130396,INS-000657729,08/07/2023,2023,BA-1429125-2022,BA-1429125,MERRICK MEAT MARKET INC,,Supermarket - 819,Scale,Scale,Scale Inspection,Computing Scale - 01,9,8,3,Confiscated,Complete Address,10830,MERRICK BLVD,,,,JAMAICA,NY,11433,Queens,412,27,4216668,4101780125,QN01,40.6977117,-73.7861878
A0206962,INS-000819222,01/10/2025,2025,BA-1429125-2022,BA-1429125,MERRICK MEAT MARKET INC,,Supermarket - 819,Scale,Scale,Scale Inspection,Computing Scale - 01,10,10,0,,Complete Address,10830,MERRICK BLVD,,,,JAMAICA,NY,11433,Queens,412,27,4216668,4101780125,QN01,40.6977117,-73.7861878
A0187174,INS-000781233,09/10/2024,2024,BA-1462814-2022,BA-1462814,MEXICO SUPERMARKET MONTE ALBAN CORP.,,Supermarket - 819,Scale,Scale,Scale Inspection,Computing Scale - 01,4,4,0,,Complete Address,170,PORT RICHMOND AVE,,,,STATEN ISLAND,NY,10302,Staten Island,501,49,5025378,5010770050,SI28,40.63708203,-74.13403357
A0129402,INS-000655572,07/26/2023,2023,BA-1462814-2022,BA-1462814,MEXICO SUPERMARKET MONTE ALBAN CORP.,,Supermarket - 819,Scale,Scale,Scale Inspection,Computing Scale - 01,3,3,0,,Complete Address,170,PORT RICHMOND AVE,,,,STATEN ISLAND,NY,10302,Staten Island,501,49,5025378,5010770050,SI28,40.63708203,-74.13403357
A0165919,INS-000738036,04/26/2024,2024,BA-1460456-2022,BA-1460456,MI TIERRA MEAT & PRODUCE CORP.,,Supermarket - 819,Scale,Scale,Scale Inspection,Computing Scale - 01,5,5,0,,Complete Address,8515,ROOSEVELT AVE,,,,JACKSON HEIGHTS,NY,11372,Queens,403,21,4036248,4014730038,QN28,40.74795978,-73.88090498
A0165919,INS-000738036,04/26/2024,2024,BA-1460456-2022,BA-1460456,MI TIERRA MEAT & PRODUCE CORP.,,Supermarket - 819,Scale,Scale,Scale Inspection,Pre-pack Scale - 01,2,2,0,,Complete Address,8515,ROOSEVELT AVE,,,,JACKSON HEIGHTS,NY,11372,Queens,403,21,4036248,4014730038,QN28,40.74795978,-73.88090498
A0182952,INS-000772691,08/14/2024,2024,BA-1469943-2022,BA-1469943,MK FOOD CORP.,,Supermarket - 819,Scale,Scale,Scale Inspection,Computing Scale - 01,8,8,0,,Complete Address,1535,UNIONPORT RD,,,,BRONX,NY,10462,Bronx,209,18,2096653,2039387501,BX46,40.83671661,-73.85710418
A0130733,INS-000658277,08/09/2023,2023,BA-1469943-2022,BA-1469943,MK FOOD CORP.,,Supermarket - 819,Scale,Scale,Scale Inspection,Computing Scale - 01,8,8,0,,Complete Address,1535,UNIONPORT RD,,,,BRONX,NY,10462,Bronx,209,18,2096653,2039387501,BX46,40.83671661,-73.85710418
A0216334,INS-000837214,03/14/2025,2025,BA-1722608-2025,BA-1722608,"Moisha's Kosher Discount Supermarket, Inc.",,Supermarket - 819,Scale,Scale,Scale Inspection,Customer Scale - 01,1,1,0,,Complete Address,315,AVENUE M,,,,BROOKLYN,NY,11230,Brooklyn,312,44,3397910,3065390048,BK46,40.61671625,-73.97184714
A0216334,INS-000837214,03/14/2025,2025,BA-1722608-2025,BA-1722608,"Moisha's Kosher Discount Supermarket, Inc.",,Supermarket - 819,Scale,Scale,Scale Inspection,Computing Scale - 01,16,16,0,,Complete Address,315,AVENUE M,,,,BROOKLYN,NY,11230,Brooklyn,312,44,3397910,3065390048,BK46,40.61671625,-73.97184714
A0202466,INS-000810631,12/05/2024,2024,BA-1377966-2022,BA-1377966,MONG KOK SUPERMARKET INC,,Supermarket - 819,Scale,Scale,Scale Inspection,Computing Scale - 01,9,9,0,,Complete Address,1815,86TH ST,,,,BROOKLYN,NY,11214,Brooklyn,311,38,3165787,3063440069,BK28,40.60706623,-74.00231212
A0202466,INS-000810631,12/05/2024,2024,BA-1377966-2022,BA-1377966,MONG KOK SUPERMARKET INC,,Supermarket - 819,Scale,Scale,Scale Inspection,Customer Scale - 01,1,1,0,,Complete Address,1815,86TH ST,,,,BROOKLYN,NY,11214,Brooklyn,311,38,3165787,3063440069,BK28,40.60706623,-74.00231212
A0129970,INS-000656873,08/02/2023,2023,BA-1417751-2022,BA-1417751,MOTHER FOOD CORP.,,Supermarket - 819,Scale,Scale,Scale Inspection,Computing Scale - 01,9,9,0,,Complete Address,17309,JAMAICA AVE,,,,JAMAICA,NY,11432,Queens,412,27,4209869,4098090045,QN61,40.70790913,-73.78650857
A0145320,INS-000693713,12/04/2023,2023,BA-1420502-2022,BA-1420502,MPM ENTERPRISES,,Supermarket - 819,Scale,Scale,Scale Inspection,Computing Scale - 01,14,14,0,,Complete Address,240,E HOUSTON ST,,,,NEW YORK,NY,10002,Manhattan,103,2,1084885,1003977502,MN22,40.72214845,-73.98598067
A0167049,INS-000739962,05/02/2024,2024,BA-1692331-2024,BA-1692331,"MPM ENTERPRISES BEDFORD, INC.",,Supermarket - 819,Scale,Scale,Scale Inspection,Computing Scale - 01,12,12,0,,Complete Address,1535,BEDFORD AVE,,,,BROOKLYN,NY,11216,Brooklyn,308,35,3425089,3012607501,BK61,40.67042639,-73.95514842
A0208256,INS-000821763,01/21/2025,2025,BA-1692331-2024,BA-1692331,"MPM ENTERPRISES BEDFORD, INC.",,Supermarket - 819,Scale,Scale,Scale Inspection,Computing Scale - 01,14,14,0,,Complete Address,1535,BEDFORD AVE,,,,BROOKLYN,NY,11216,Brooklyn,308,35,3425089,3012607501,BK61,40.67042639,-73.95514842
A0200489,INS-000806770,11/22/2024,2024,BA-1394657-2022,BA-1394657,MPM ENTERPRISES FLATBUSH INC.,,Supermarket - 819,Scale,Scale,Scale Inspection,Computing Scale - 01,2,2,0,,Complete Address,342,FLATBUSH AVE,,,,BROOKLYN,NY,11238,Brooklyn,306,39,3024375,3010580033,BK37,40.67619844,-73.97175714
A0149494,INS-000701333,01/09/2024,2024,BA-1394657-2022,BA-1394657,MPM ENTERPRISES FLATBUSH INC.,,Supermarket - 819,Scale,Scale,Scale Inspection,Computing Scale - 01,14,14,0,,Complete Address,342,FLATBUSH AVE,,,,BROOKLYN,NY,11238,Brooklyn,306,39,3024375,3010580033,BK37,40.67619844,-73.97175714
A0177539,INS-000760952,07/11/2024,2024,BA-1660968-2023,BA-1660968,MPM ENTERPRISES HOUSTON MARKET  INC,,Supermarket - 819,Scale,Scale,Scale Inspection,Computing Scale - 01,15,15,0,,Complete Address,240,E HOUSTON ST,,,,NEW YORK,NY,10002,Manhattan,103,2,1084885,1003977502,MN22,40.72214845,-73.98598067
A0194890,INS-000795995,10/22/2024,2024,BA-1670458-2023,BA-1670458,"MPM ENTERPRISES SEVENTH, INC.",,Supermarket - 819,Scale,Scale,Scale Inspection,Computing Scale - 01,8,8,0,,Complete Address,402,7TH AVE,,,,BROOKLYN,NY,11215,Brooklyn,306,39,3023285,3010300044,BK37,40.66470559,-73.9834191
A0194890,INS-000795995,10/22/2024,2024,BA-1670458-2023,BA-1670458,"MPM ENTERPRISES SEVENTH, INC.",,Supermarket - 819,Scale,Scale,Scale Inspection,Customer Scale - 01,1,1,0,,Complete Address,402,7TH AVE,,,,BROOKLYN,NY,11215,Brooklyn,306,39,3023285,3010300044,BK37,40.66470559,-73.9834191
A0194890,INS-000795995,10/22/2024,2024,BA-1670458-2023,BA-1670458,"MPM ENTERPRISES SEVENTH, INC.",,Supermarket - 819,Scale,Scale,Scale Inspection,Pre-pack Scale - 01,2,2,0,,Complete Address,402,7TH AVE,,,,BROOKLYN,NY,11215,Brooklyn,306,39,3023285,3010300044,BK37,40.66470559,-73.9834191
A0216544,INS-000835983,03/17/2025,2025,BA-1660932-2023,BA-1660932,MURRAY'S CHEESE,,Supermarket - 819,Scale,Scale,Scale Inspection,Computing Scale - 01,8,8,0,,Complete Address,25-19,BORDEN AVENUE,,,,LONG IS CITY,NY,11101,Queens,402,26,4000758,4001090007,QN31,40.73940317,-73.9444747
A0203151,INS-000811942,12/11/2024,2024,BA-1423450-2022,BA-1423450,MUSCAT MARKET LLC,,Supermarket - 819,Scale,Scale,Scale Inspection,Computing Scale - 01,9,9,0,,Complete Address,2613,AVENUE U,,,,BROOKLYN,NY,11229,Brooklyn,315,46,3198707,3073310046,BK44,40.6000431,-73.94545125
A0203151,INS-000811942,12/11/2024,2024,BA-1423450-2022,BA-1423450,MUSCAT MARKET LLC,,Supermarket - 819,Scale,Scale,Scale Inspection,Pre-pack Scale - 01,1,1,0,,Complete Address,2613,AVENUE U,,,,BROOKLYN,NY,11229,Brooklyn,315,46,3198707,3073310046,BK44,40.6000431,-73.94545125
A0170921,INS-000745780,05/23/2024,2024,BA-1440972-2022,BA-1440972,NADINE FOOD CORP.,,Supermarket - 819,Scale,Scale,,Computing Scale - 01,20,20,0,,Complete Address,9910,ASTORIA BLVD,,,,EAST ELMHURST,NY,11369,Queens,403,21,4033032,4013790045,QN27,40.76211377,-73.8701188
A0207828,INS-000820771,01/16/2025,2025,BA-1440972-2022,BA-1440972,NADINE FOOD CORP.,,Supermarket - 819,Scale,Scale,Scale Inspection,Pre-pack Scale - 01,8,8,0,,Complete Address,9910,ASTORIA BLVD,,,,EAST ELMHURST,NY,11369,Queens,403,21,4033032,4013790045,QN27,40.76211377,-73.8701188
A0207828,INS-000820771,01/16/2025,2025,BA-1440972-2022,BA-1440972,NADINE FOOD CORP.,,Supermarket - 819,Scale,Scale,Scale Inspection,Computing Scale - 01,10,10,0,,Complete Address,9910,ASTORIA BLVD,,,,EAST ELMHURST,NY,11369,Queens,403,21,4033032,4013790045,QN27,40.76211377,-73.8701188
A0207828,INS-000820771,01/16/2025,2025,BA-1440972-2022,BA-1440972,NADINE FOOD CORP.,,Supermarket - 819,Scale,Scale,Scale Inspection,Customer Scale - 01,2,2,0,,Complete Address,9910,ASTORIA BLVD,,,,EAST ELMHURST,NY,11369,Queens,403,21,4033032,4013790045,QN27,40.76211377,-73.8701188
A0167371,INS-000740550,05/03/2024,2024,BA-1460909-2022,BA-1460909,"NAHRED SUPERMARKETS, INC.",,Supermarket - 819,Scale,Scale,Scale Inspection,Computing Scale - 01,7,7,0,,Complete Address,22501,MERRICK BLVD,,,,LAURELTON,NY,11413,Queens,413,31,4436538,4129640019,QN66,40.67755169,-73.74464784
A0167371,INS-000740550,05/03/2024,2024,BA-1460909-2022,BA-1460909,"NAHRED SUPERMARKETS, INC.",,Supermarket - 819,Scale,Scale,Scale Inspection,Customer Scale - 01,2,2,0,,Complete Address,22501,MERRICK BLVD,,,,LAURELTON,NY,11413,Queens,413,31,4436538,4129640019,QN66,40.67755169,-73.74464784
A0167371,INS-000740550,05/03/2024,2024,BA-1460909-2022,BA-1460909,"NAHRED SUPERMARKETS, INC.",,Supermarket - 819,Scale,Scale,Scale Inspection,Pre-pack Scale - 01,2,2,0,,Complete Address,22501,MERRICK BLVD,,,,LAURELTON,NY,11413,Queens,413,31,4436538,4129640019,QN66,40.67755169,-73.74464784
A0204566,INS-000814615,12/19/2024,2024,BA-1416137-2022,BA-1416137,"NAMDOR, INC.",,Supermarket - 819,Scale,Scale,Scale Inspection,Pre-pack Scale - 01,1,1,0,,Complete Address,504,COLUMBUS AVE,,,,NEW YORK,NY,10024,Manhattan,107,6,1032129,1012150029,MN12,40.78536862,-73.97300359
A0204566,INS-000814615,12/19/2024,2024,BA-1416137-2022,BA-1416137,"NAMDOR, INC.",,Supermarket - 819,Scale,Scale,Scale Inspection,Computing Scale - 01,5,5,0,,Complete Address,504,COLUMBUS AVE,,,,NEW YORK,NY,10024,Manhattan,107,6,1032129,1012150029,MN12,40.78536862,-73.97300359
A0204566,INS-000814615,12/19/2024,2024,BA-1416137-2022,BA-1416137,"NAMDOR, INC.",,Supermarket - 819,Scale,Scale,Scale Inspection,Customer Scale - 01,1,1,0,,Complete Address,504,COLUMBUS AVE,,,,NEW YORK,NY,10024,Manhattan,107,6,1032129,1012150029,MN12,40.78536862,-73.97300359
A0205418,INS-000816164,12/27/2024,2024,BA-1459870-2022,BA-1459870,"NAMDOR, INC.",,Supermarket - 819,Scale,Scale,Scale Inspection,Pre-pack Scale - 01,2,2,0,,Complete Address,2704,BROADWAY,,,,NEW YORK,NY,10025,Manhattan,107,7,1056563,1018757501,MN12,40.79943967,-73.96836029
A0205418,INS-000816164,12/27/2024,2024,BA-1459870-2022,BA-1459870,"NAMDOR, INC.",,Supermarket - 819,Scale,Scale,Scale Inspection,Computing Scale - 01,6,6,0,,Complete Address,2704,BROADWAY,,,,NEW YORK,NY,10025,Manhattan,107,7,1056563,1018757501,MN12,40.79943967,-73.96836029
A0205418,INS-000816164,12/27/2024,2024,BA-1459870-2022,BA-1459870,"NAMDOR, INC.",,Supermarket - 819,Scale,Scale,Scale Inspection,Customer Scale - 01,1,1,0,,Complete Address,2704,BROADWAY,,,,NEW YORK,NY,10025,Manhattan,107,7,1056563,1018757501,MN12,40.79943967,-73.96836029
A0209759,INS-000825939,01/30/2025,2025,BA-1352245-2022,BA-1352245,"NAMDOR, INC.",,Supermarket - 819,Scale,Scale,Scale Inspection,Computing Scale - 01,9,9,0,,Complete Address,748,2ND AVE,,,,NEW YORK,NY,10017,Manhattan,106,4,1038645,1013330001,MN19,40.74860558,-73.97308346
A0130669,INS-000658170,08/08/2023,2023,BA-1432323-2022,BA-1432323,NATURE FARM SUPERMARKET CORPORATION,,Supermarket - 819,Scale,Scale,Scale Inspection,Computing Scale - 01,14,14,0,,Complete Address,24926,HORACE HARDING EXPY,,,,LITTLE NECK,NY,11362,Queens,411,23,4172803,4083360001,QN45,40.76058623,-73.731255
A0181884,INS-000770486,08/07/2024,2024,BA-1408130-2022,BA-1408130,NC 3100 OCEAN AVE LLC,,Supermarket - 819,Scale,Scale,Scale Inspection,Computing Scale - 01,13,13,0,,Complete Address,3100,OCEAN AVE,,,,BROOKLYN,NY,11235,Brooklyn,315,48,3247052,3087740006,BK17,40.58555759,-73.94879693
A0181884,INS-000770486,08/07/2024,2024,BA-1408130-2022,BA-1408130,NC 3100 OCEAN AVE LLC,,Supermarket - 819,Scale,Scale,Scale Inspection,Customer Scale - 01,1,1,0,,Complete Address,3100,OCEAN AVE,,,,BROOKLYN,NY,11235,Brooklyn,315,48,3247052,3087740006,BK17,40.58555759,-73.94879693
A0181884,INS-000770486,08/07/2024,2024,BA-1408130-2022,BA-1408130,NC 3100 OCEAN AVE LLC,,Supermarket - 819,Scale,Scale,Scale Inspection,Pre-pack Scale - 01,15,15,0,,Complete Address,3100,OCEAN AVE,,,,BROOKLYN,NY,11235,Brooklyn,315,48,3247052,3087740006,BK17,40.58555759,-73.94879693
A0130220,INS-000657476,08/04/2023,2023,BA-1408130-2022,BA-1408130,NC 3100 OCEAN AVE LLC,,Supermarket - 819,Scale,Scale,Scale Inspection,Computing Scale - 01,30,30,0,,Complete Address,3100,OCEAN AVE,,,,BROOKLYN,NY,11235,Brooklyn,315,48,3247052,3087740006,BK17,40.58555759,-73.94879693
A0204751,INS-000814937,12/20/2024,2024,BA-1464294-2022,BA-1464294,NEPTUNE FOOD CORP.,,Supermarket - 819,Scale,Scale,Scale Inspection,Computing Scale - 01,11,11,0,,Complete Address,505,NEPTUNE AVE,,,,BROOKLYN,NY,11224,Brooklyn,313,47,3257104,3072500001,BK23,40.57983448,-73.97217588
A0205380,INS-000816085,12/26/2024,2024,BA-1257555-2022,BA-1257555,"NEW EASTERN II FRUIT & VEGETABLES, INC.",,Supermarket - 819,Scale,Scale,Scale Inspection,Computing Scale - 01,4,4,0,,Complete Address,231,NEPTUNE AVE,,,,BROOKLYN,NY,11235,Brooklyn,313,48,3196468,3072630048,BK19,40.58151416,-73.96208063
A0190813,INS-000787753,09/27/2024,2024,BA-1710202-2024,BA-1710202,NEW NATURE FARM SUPERMARKET INC.,,Supermarket - 819,Scale,Scale,Scale Inspection,Computing Scale - 01,13,13,0,,Complete Address,24926,HORACE HARDING EXPY,,,,LITTLE NECK,NY,11362,Queens,411,23,4172803,4083360001,QN45,40.76058623,-73.731255
A0190813,INS-000787753,09/27/2024,2024,BA-1710202-2024,BA-1710202,NEW NATURE FARM SUPERMARKET INC.,,Supermarket - 819,Scale,Scale,Scale Inspection,Customer Scale - 01,1,1,0,,Complete Address,24926,HORACE HARDING EXPY,,,,LITTLE NECK,NY,11362,Queens,411,23,4172803,4083360001,QN45,40.76058623,-73.731255
A0138980,INS-000682063,10/12/2023,2023,BA-1392192-2022,BA-1392192,"NEW YORK MART MOTT ST., INC.",,Supermarket - 819,Scale,Scale,Scale Inspection,Computing Scale - 01,17,17,0,,Complete Address,128,MOTT ST,,,,NEW YORK,NY,10013,Manhattan,102,1,1087662,1002387501,MN24,40.71836149,-73.99679298
A0203122,INS-000811897,12/11/2024,2024,BA-1392192-2022,BA-1392192,"NEW YORK MART MOTT ST., INC.",,Supermarket - 819,Scale,Scale,Scale Inspection,Computing Scale - 01,1,1,0,,Complete Address,128,MOTT ST,,,,NEW YORK,NY,10013,Manhattan,102,1,1087662,1002387501,MN24,40.71836149,-73.99679298
A0202056,INS-000809972,12/04/2024,2024,BA-1392192-2022,BA-1392192,"NEW YORK MART MOTT ST., INC.",,Supermarket - 819,Scale,Scale,Scale Inspection,Computing Scale - 01,16,15,2,Confiscated,Complete Address,128,MOTT ST,,,,NEW YORK,NY,10013,Manhattan,102,1,1087662,1002387501,MN24,40.71836149,-73.99679298
A0146720,INS-000696088,12/13/2023,2023,BA-1438191-2022,BA-1438191,NGP MARKETS CORP.,,Supermarket - 819,Scale,Scale,Scale Inspection,Computing Scale - 01,12,12,0,,Complete Address,16006,NORTHERN BLVD,,,,FLUSHING,NY,11358,Queens,407,20,4120445,4053350048,QN51,40.76282402,-73.80535653
A0164301,INS-000735350,04/18/2024,2024,BA-1264069-2022,BA-1264069,NICK'S & JULIO SUPERMARKET INC.,,Supermarket - 819,Scale,Scale,Scale Inspection,Computing Scale - 01,5,5,0,,Complete Address,769,WHITE PLAINS RD,,,,BRONX,NY,10473,Bronx,209,18,2092714,2036000025,BX09,40.82180594,-73.85822734
A0164301,INS-000735350,04/18/2024,2024,BA-1264069-2022,BA-1264069,NICK'S & JULIO SUPERMARKET INC.,,Supermarket - 819,Scale,Scale,Scale Inspection,Customer Scale - 01,1,1,0,,Complete Address,769,WHITE PLAINS RD,,,,BRONX,NY,10473,Bronx,209,18,2092714,2036000025,BX09,40.82180594,-73.85822734
A0164301,INS-000735350,04/18/2024,2024,BA-1264069-2022,BA-1264069,NICK'S & JULIO SUPERMARKET INC.,,Supermarket - 819,Scale,Scale,Scale Inspection,Pre-pack Scale - 01,2,2,0,,Complete Address,769,WHITE PLAINS RD,,,,BRONX,NY,10473,Bronx,209,18,2092714,2036000025,BX09,40.82180594,-73.85822734
A0141354,INS-000686153,10/31/2023,2023,BA-1616915-2023,BA-1616915,NNH MARKETS CORP,,Supermarket - 819,Scale,Scale,Scale Inspection,Computing Scale - 01,9,9,0,,Complete Address,31-12,24 AVENUE,,,,ASTORIA,NY,11102,Queens,401,22,4538099,4008377501,QN72,40.77218785,-73.9152612
A0205650,INS-000816726,12/31/2024,2024,BA-1616915-2023,BA-1616915,NNH MARKETS CORP,,Supermarket - 819,Scale,Scale,Scale Inspection,Customer Scale - 01,1,1,0,,Complete Address,31-12,24 AVENUE,,,,ASTORIA,NY,11102,Queens,401,22,4538099,4008377501,QN72,40.77218785,-73.9152612
A0205650,INS-000816726,12/31/2024,2024,BA-1616915-2023,BA-1616915,NNH MARKETS CORP,,Supermarket - 819,Scale,Scale,Scale Inspection,Computing Scale - 01,6,6,0,,Complete Address,31-12,24 AVENUE,,,,ASTORIA,NY,11102,Queens,401,22,4538099,4008377501,QN72,40.77218785,-73.9152612
A0205650,INS-000816726,12/31/2024,2024,BA-1616915-2023,BA-1616915,NNH MARKETS CORP,,Supermarket - 819,Scale,Scale,Scale Inspection,Pre-pack Scale - 01,2,2,0,,Complete Address,31-12,24 AVENUE,,,,ASTORIA,NY,11102,Queens,401,22,4538099,4008377501,QN72,40.77218785,-73.9152612
A0201811,INS-000810839,12/03/2024,2024,BA-1464288-2022,BA-1464288,NORTH 3RD CORP.,,Supermarket - 819,Scale,Scale,Scale Inspection,Computing Scale - 01,10,10,0,,Complete Address,25,N 5TH ST,,,,BROOKLYN,NY,11249,Brooklyn,301,33,3391328,3023327501,BK73,40.71935471,-73.96308807
A0137043,INS-000678668,09/26/2023,2023,BA-1464288-2022,BA-1464288,NORTH 3RD CORP.,,Supermarket - 819,Scale,Scale,Scale Inspection,Computing Scale - 01,11,11,0,,Complete Address,25,N 5TH ST,,,,BROOKLYN,NY,11249,Brooklyn,301,33,3391328,3023327501,BK73,40.71935471,-73.96308807
A0183244,INS-000773275,08/15/2024,2024,BA-1415022-2022,BA-1415022,NORTHERN MEAT & PRODUCE CORP,,Supermarket - 819,Scale,Scale,Scale Inspection,Computing Scale - 01,8,8,0,,Complete Address,8102,NORTHERN BLVD,,,,JACKSON HEIGHTS,NY,11372,Queens,403,25,4028774,4012540001,QN28,40.75546922,-73.88614331
A0183244,INS-000773275,08/15/2024,2024,BA-1415022-2022,BA-1415022,NORTHERN MEAT & PRODUCE CORP,,Supermarket - 819,Scale,Scale,Scale Inspection,Customer Scale - 01,1,1,0,,Complete Address,8102,NORTHERN BLVD,,,,JACKSON HEIGHTS,NY,11372,Queens,403,25,4028774,4012540001,QN28,40.75546922,-73.88614331
A0183244,INS-000773275,08/15/2024,2024,BA-1415022-2022,BA-1415022,NORTHERN MEAT & PRODUCE CORP,,Supermarket - 819,Scale,Scale,Scale Inspection,Pre-pack Scale - 01,2,2,0,,Complete Address,8102,NORTHERN BLVD,,,,JACKSON HEIGHTS,NY,11372,Queens,403,25,4028774,4012540001,QN28,40.75546922,-73.88614331
A0177141,INS-000760233,07/09/2024,2024,BA-1632699-2023,BA-1632699,NORTHSHORE FARMS WHITESTONE LTD,,Supermarket - 819,Scale,Scale,Scale Inspection,Computing Scale - 01,28,28,0,,Complete Address,15301,10TH AVE,,,,WHITESTONE,NY,11357,Queens,407,19,4103020,4045310447,QN49,40.79348958,-73.8094129
A0206507,INS-000818332,01/07/2025,2025,BA-1632699-2023,BA-1632699,NORTHSHORE FARMS WHITESTONE LTD,,Supermarket - 819,Scale,Scale,Scale Inspection,Computing Scale - 01,28,28,0,,Complete Address,15301,10TH AVE,,,,WHITESTONE,NY,11357,Queens,407,19,4103020,4045310447,QN49,40.79348958,-73.8094129
A0170616,INS-000747055,05/22/2024,2024,BA-1377558-2022,BA-1377558,NYC SHOPRITE ASSOCIATES INC.,,Supermarket - 819,Scale,Scale,Scale Inspection,Computing Scale - 01,31,31,0,,Complete Address,1080,MCDONALD AVE,,,,BROOKLYN,NY,11230,Brooklyn,312,44,3129321,3054570110,BK88,40.62685105,-73.97642885
A0170616,INS-000747055,05/22/2024,2024,BA-1377558-2022,BA-1377558,NYC SHOPRITE ASSOCIATES INC.,,Supermarket - 819,Scale,Scale,Scale Inspection,Pre-pack Scale - 01,8,8,0,,Complete Address,1080,MCDONALD AVE,,,,BROOKLYN,NY,11230,Brooklyn,312,44,3129321,3054570110,BK88,40.62685105,-73.97642885
A0172281,INS-000747802,06/05/2024,2024,BA-1377558-2022,BA-1377558,NYC SHOPRITE ASSOCIATES INC.,,Supermarket - 819,Scale,Scale,Scale Inspection,Computing Scale - 01,1,1,0,,Complete Address,1080,MCDONALD AVE,,,,BROOKLYN,NY,11230,Brooklyn,312,44,3129321,3054570110,BK88,40.62685105,-73.97642885
A0198502,INS-000803186,11/13/2024,2024,BA-1377558-2022,BA-1377558,NYC SHOPRITE ASSOCIATES INC.,,Supermarket - 819,Scale,Scale,Scale Inspection,Computing Scale - 01,2,2,0,,Complete Address,1080,MCDONALD AVE,,,,BROOKLYN,NY,11230,Brooklyn,312,44,3129321,3054570110,BK88,40.62685105,-73.97642885
A0150089,INS-000703100,01/12/2024,2024,BA-1421625-2022,BA-1421625,"OASIS MEGA MARKET, INC.",,Supermarket - 819,Scale,Scale,Scale Inspection,Computing Scale - 01,20,20,0,,Complete Address,2828,CONEY ISLAND AVE,,,,BROOKLYN,NY,11235,Brooklyn,313,48,3196031,3072240100,BK19,40.58761802,-73.96038499
A0203513,INS-000812586,12/12/2024,2024,BA-1722054-2025,BA-1722054,OCEAN BAY MARKET INC.,,Supermarket - 819,Scale,Scale,Scale Inspection,Computing Scale - 01,11,11,0,,Complete Address,2424,CONEY ISLAND AVE,,,,BROOKLYN,NY,11223,Brooklyn,315,48,3193190,3071360013,BK25,40.59765876,-73.96114963
A0203513,INS-000812586,12/12/2024,2024,BA-1722054-2025,BA-1722054,OCEAN BAY MARKET INC.,,Supermarket - 819,Scale,Scale,Scale Inspection,Customer Scale - 01,1,1,0,,Complete Address,2424,CONEY ISLAND AVE,,,,BROOKLYN,NY,11223,Brooklyn,315,48,3193190,3071360013,BK25,40.59765876,-73.96114963
A0203513,INS-000812586,12/12/2024,2024,BA-1722054-2025,BA-1722054,OCEAN BAY MARKET INC.,,Supermarket - 819,Scale,Scale,Scale Inspection,Pre-pack Scale - 01,1,1,0,,Complete Address,2424,CONEY ISLAND AVE,,,,BROOKLYN,NY,11223,Brooklyn,315,48,3193190,3071360013,BK25,40.59765876,-73.96114963
A0150548,INS-000704126,01/18/2024,2024,BA-1414537-2022,BA-1414537,"ORANGE & WHITE MARKETS, INC.",,Supermarket - 819,Scale,Scale,Scale Inspection,Computing Scale - 01,7,7,0,,Complete Address,1565,1ST AVE,,,,NEW YORK,NY,10028,Manhattan,108,5,1049854,1015440019,MN32,40.77395172,-73.95152239
A0150548,INS-000704126,01/18/2024,2024,BA-1414537-2022,BA-1414537,"ORANGE & WHITE MARKETS, INC.",,Supermarket - 819,Scale,Scale,Scale Inspection,Pre-pack Scale - 01,2,2,0,,Complete Address,1565,1ST AVE,,,,NEW YORK,NY,10028,Manhattan,108,5,1049854,1015440019,MN32,40.77395172,-73.95152239
A0150548,INS-000704126,01/18/2024,2024,BA-1414537-2022,BA-1414537,"ORANGE & WHITE MARKETS, INC.",,Supermarket - 819,Scale,Scale,Scale Inspection,Customer Scale - 01,1,1,0,,Complete Address,1565,1ST AVE,,,,NEW YORK,NY,10028,Manhattan,108,5,1049854,1015440019,MN32,40.77395172,-73.95152239
A0190687,INS-000776724,09/26/2024,2024,BA-1446363-2022,BA-1446363,ORCHARD KING CORP.,,Supermarket - 819,Scale,Scale,Scale Inspection,Computing Scale - 01,7,7,0,,Complete Address,2271,86TH ST,,,,BROOKLYN,NY,11214,Brooklyn,311,43,3165941,3063480049,BK28,40.60087921,-73.99206318
A0190687,INS-000776724,09/26/2024,2024,BA-1446363-2022,BA-1446363,ORCHARD KING CORP.,,Supermarket - 819,Scale,Scale,Scale Inspection,Pre-pack Scale - 01,3,3,0,,Complete Address,2271,86TH ST,,,,BROOKLYN,NY,11214,Brooklyn,311,43,3165941,3063480049,BK28,40.60087921,-73.99206318
A0159607,INS-000726961,03/21/2024,2024,BA-1418987-2022,BA-1418987,OWNERS KIDS CORP,,Supermarket - 819,Scale,Scale,Scale Inspection,Pre-pack Scale - 01,2,2,0,,Complete Address,123,AVENUE C,,,,NEW YORK,NY,10009,Manhattan,103,2,1088352,1003907502,MN28,40.72455994,-73.97852288
A0159607,INS-000726961,03/21/2024,2024,BA-1418987-2022,BA-1418987,OWNERS KIDS CORP,,Supermarket - 819,Scale,Scale,Scale Inspection,Computing Scale - 01,5,5,0,,Complete Address,123,AVENUE C,,,,NEW YORK,NY,10009,Manhattan,103,2,1088352,1003907502,MN28,40.72455994,-73.97852288
A0159607,INS-000726961,03/21/2024,2024,BA-1418987-2022,BA-1418987,OWNERS KIDS CORP,,Supermarket - 819,Scale,Scale,Scale Inspection,Customer Scale - 01,1,1,0,,Complete Address,123,AVENUE C,,,,NEW YORK,NY,10009,Manhattan,103,2,1088352,1003907502,MN28,40.72455994,-73.97852288
A0181250,INS-000769274,08/02/2024,2024,BA-1466635-2022,BA-1466635,P & M UTOPIA LLC,,Supermarket - 819,Scale,Scale,Scale Inspection,Customer Scale - 01,1,1,0,,Complete Address,4607,HOLLIS COURT BLVD,,,,FLUSHING,NY,11358,Queens,411,19,4124761,4055280006,QN48,40.75298829,-73.79205601
A0148788,INS-000699873,01/02/2024,2024,BA-1466635-2022,BA-1466635,P & M UTOPIA LLC,,Supermarket - 819,Scale,Scale,Scale Inspection,Computing Scale - 01,10,10,0,,Complete Address,4607,HOLLIS COURT BLVD,,,,FLUSHING,NY,11358,Queens,411,19,4124761,4055280006,QN48,40.75298829,-73.79205601
A0148788,INS-000699873,01/02/2024,2024,BA-1466635-2022,BA-1466635,P & M UTOPIA LLC,,Supermarket - 819,Scale,Scale,Scale Inspection,Pre-pack Scale - 01,3,3,0,,Complete Address,4607,HOLLIS COURT BLVD,,,,FLUSHING,NY,11358,Queens,411,19,4124761,4055280006,QN48,40.75298829,-73.79205601
A0191821,INS-000789619,10/02/2024,2024,BA-1418733-2022,BA-1418733,PAK O AVENUE CORP.,,Supermarket - 819,Scale,Scale,Scale Inspection,Computing Scale - 01,9,9,0,,Complete Address,97,AVENUE O,,,,BROOKLYN,NY,11204,Brooklyn,311,43,3173279,3065770053,BK29,40.6105122,-73.98133282
A0133477,INS-000663082,08/29/2023,2023,BA-1418733-2022,BA-1418733,PAK O AVENUE CORP.,,Supermarket - 819,Scale,Scale,Scale Inspection,Computing Scale - 01,9,9,0,,Complete Address,97,AVENUE O,,,,BROOKLYN,NY,11204,Brooklyn,311,43,3173279,3065770053,BK29,40.6105122,-73.98133282
A0187690,INS-000782226,09/12/2024,2024,BA-1708833-2024,BA-1708833,PARADISE FRESH FOOD LLC,,Supermarket - 819,Scale,Scale,Scale Inspection,Computing Scale - 01,9,9,0,,Complete Address,12312,101ST AVE,,,,SOUTH RICHMOND HILL,NY,11419,Queens,409,29,4200694,4094900001,QN54,40.69090345,-73.82262271
A0168999,INS-000743808,05/14/2024,2024,BA-1426946-2022,BA-1426946,PARADISE MEAT CORP,,Supermarket - 819,Scale,Scale,Scale Inspection,Computing Scale - 01,7,7,0,,Complete Address,2476,WILLIAMSBRIDGE RD,,,,BRONX,NY,10469,Bronx,211,13,2051748,2044490074,BX31,40.86200429,-73.85766443
A0161059,INS-000729578,03/29/2024,2024,BA-1415651-2022,BA-1415651,"PARAMOUNT SUPERMARKET, INC.",,Supermarket - 819,Scale,Scale,Scale Inspection,Computing Scale - 01,8,8,0,,Complete Address,2424,FLATBUSH AVE,,,,BROOKLYN,NY,11234,Brooklyn,318,46,3241968,3085420046,BK45,40.61119131,-73.92406992
A0161059,INS-000729578,03/29/2024,2024,BA-1415651-2022,BA-1415651,"PARAMOUNT SUPERMARKET, INC.",,Supermarket - 819,Scale,Scale,Scale Inspection,Platform Scale - 01,2,2,0,,Complete Address,2424,FLATBUSH AVE,,,,BROOKLYN,NY,11234,Brooklyn,318,46,3241968,3085420046,BK45,40.61119131,-73.92406992
A0161059,INS-000729578,03/29/2024,2024,BA-1415651-2022,BA-1415651,"PARAMOUNT SUPERMARKET, INC.",,Supermarket - 819,Scale,Scale,Scale Inspection,Pre-pack Scale - 01,1,1,0,,Complete Address,2424,FLATBUSH AVE,,,,BROOKLYN,NY,11234,Brooklyn,318,46,3241968,3085420046,BK45,40.61119131,-73.92406992
A0205274,INS-000815884,12/26/2024,2024,BA-1416476-2022,BA-1416476,"PARAMOUNT SUPERMARKET, INC.",,Supermarket - 819,Scale,Scale,Scale Inspection,Pre-pack Scale - 01,4,4,0,,Complete Address,196-35,HORACE HARDING EXPRESSWAY,,,,FRESH MEADOWS,NY,11365,Queens,411,20,4438244,4057060006,QN48,40.74316516,-73.77897951
A0205274,INS-000815884,12/26/2024,2024,BA-1416476-2022,BA-1416476,"PARAMOUNT SUPERMARKET, INC.",,Supermarket - 819,Scale,Scale,Scale Inspection,Customer Scale - 01,1,1,0,,Complete Address,196-35,HORACE HARDING EXPRESSWAY,,,,FRESH MEADOWS,NY,11365,Queens,411,20,4438244,4057060006,QN48,40.74316516,-73.77897951
A0205274,INS-000815884,12/26/2024,2024,BA-1416476-2022,BA-1416476,"PARAMOUNT SUPERMARKET, INC.",,Supermarket - 819,Scale,Scale,Scale Inspection,Computing Scale - 01,10,10,0,,Complete Address,196-35,HORACE HARDING EXPRESSWAY,,,,FRESH MEADOWS,NY,11365,Queens,411,20,4438244,4057060006,QN48,40.74316516,-73.77897951
A0149668,INS-000701671,01/10/2024,2024,BA-1429972-2022,BA-1429972,PARK NATURAL & ORGANIC PRODUCE INC.,,Supermarket - 819,Scale,Scale,Scale Inspection,Computing Scale - 01,7,7,0,,Complete Address,350,COURT ST,,,,BROOKLYN,NY,11231,Brooklyn,306,39,3336021,3003450024,BK33,40.68224308,-73.99596545
A0154720,INS-000717513,02/16/2024,2024,BA-1425383-2022,BA-1425383,PARK SLOPE FOOD & MARKET CORP.,,Supermarket - 819,Scale,Scale,Scale Inspection,Computing Scale - 01,4,4,0,,Complete Address,216,5TH AVE,,,,BROOKLYN,NY,11215,Brooklyn,306,39,3346559,3009550046,BK37,40.67614264,-73.9806547
A0154720,INS-000717513,02/16/2024,2024,BA-1425383-2022,BA-1425383,PARK SLOPE FOOD & MARKET CORP.,,Supermarket - 819,Scale,Scale,Scale Inspection,Customer Scale - 01,1,1,0,,Complete Address,216,5TH AVE,,,,BROOKLYN,NY,11215,Brooklyn,306,39,3346559,3009550046,BK37,40.67614264,-73.9806547
A0154720,INS-000717513,02/16/2024,2024,BA-1425383-2022,BA-1425383,PARK SLOPE FOOD & MARKET CORP.,,Supermarket - 819,Scale,Scale,Scale Inspection,Pre-pack Scale - 01,3,3,0,,Complete Address,216,5TH AVE,,,,BROOKLYN,NY,11215,Brooklyn,306,39,3346559,3009550046,BK37,40.67614264,-73.9806547
A0201988,INS-000809858,12/04/2024,2024,BA-1438332-2022,BA-1438332,"PARK SLOPE FOOD COOP, INC.",,Supermarket - 819,Scale,Scale,Scale Inspection,Computing Scale - 01,17,17,0,,Complete Address,782,UNION ST,,,,BROOKLYN,NY,11215,Brooklyn,306,39,3020190,3009570019,BK37,40.67488752,-73.97657049
A0171523,INS-000748956,05/30/2024,2024,BA-1447208-2022,BA-1447208,PENZO FOOD CORP.,,Supermarket - 819,Scale,Scale,Scale Inspection,Computing Scale - 01,4,4,0,,Complete Address,9030,ROOSEVELT AVE,,,,JACKSON HEIGHTS,NY,11372,Queens,404,21,4038785,4015510004,QN29,40.74850854,-73.87553368
A0171523,INS-000748956,05/30/2024,2024,BA-1447208-2022,BA-1447208,PENZO FOOD CORP.,,Supermarket - 819,Scale,Scale,Scale Inspection,Customer Scale - 01,1,1,0,,Complete Address,9030,ROOSEVELT AVE,,,,JACKSON HEIGHTS,NY,11372,Queens,404,21,4038785,4015510004,QN29,40.74850854,-73.87553368
A0171523,INS-000748956,05/30/2024,2024,BA-1447208-2022,BA-1447208,PENZO FOOD CORP.,,Supermarket - 819,Scale,Scale,Scale Inspection,Pre-pack Scale - 01,2,2,0,,Complete Address,9030,ROOSEVELT AVE,,,,JACKSON HEIGHTS,NY,11372,Queens,404,21,4038785,4015510004,QN29,40.74850854,-73.87553368
A0195108,INS-000796433,10/22/2024,2024,BA-1416660-2022,BA-1416660,PERALTA-BUENO CORP.,,Supermarket - 819,Scale,Scale,Scale Inspection,Computing Scale - 01,6,6,0,,Complete Address,2578,PITKIN AVE,,,,BROOKLYN,NY,11208,Brooklyn,305,42,3094921,3042270017,BK82,40.67466494,-73.87697654
A0175921,INS-000757868,06/26/2024,2024,BA-1700158-2024,BA-1700158,Pink and White Markets Inc,,Supermarket - 819,Scale,Scale,Scale Inspection,Computing Scale - 01,11,11,0,,Complete Address,2015,BROADWAY,,,,NEW YORK,NY,10023,Manhattan,107,6,1028950,1011407501,MN14,40.77610417,-73.98215654
A0175921,INS-000757868,06/26/2024,2024,BA-1700158-2024,BA-1700158,Pink and White Markets Inc,,Supermarket - 819,Scale,Scale,Scale Inspection,Pre-pack Scale - 01,2,2,0,,Complete Address,2015,BROADWAY,,,,NEW YORK,NY,10023,Manhattan,107,6,1028950,1011407501,MN14,40.77610417,-73.98215654
A0211354,INS-000828797,02/11/2025,2025,BA-1700158-2024,BA-1700158,Pink and White Markets Inc,,Supermarket - 819,Scale,Scale,Scale Inspection,Customer Scale - 01,1,1,0,,Complete Address,2015,BROADWAY,,,,NEW YORK,NY,10023,Manhattan,107,6,1028950,1011407501,MN14,40.77610417,-73.98215654
A0211354,INS-000828797,02/11/2025,2025,BA-1700158-2024,BA-1700158,Pink and White Markets Inc,,Supermarket - 819,Scale,Scale,Scale Inspection,Pre-pack Scale - 01,7,7,0,,Complete Address,2015,BROADWAY,,,,NEW YORK,NY,10023,Manhattan,107,6,1028950,1011407501,MN14,40.77610417,-73.98215654
A0211354,INS-000828797,02/11/2025,2025,BA-1700158-2024,BA-1700158,Pink and White Markets Inc,,Supermarket - 819,Scale,Scale,Scale Inspection,Computing Scale - 01,7,7,0,,Complete Address,2015,BROADWAY,,,,NEW YORK,NY,10023,Manhattan,107,6,1028950,1011407501,MN14,40.77610417,-73.98215654
A0138819,INS-000681815,10/11/2023,2023,BA-1451453-2022,BA-1451453,"PLATINUM & WHITE MARKETS, INC.",,Supermarket - 819,Scale,Scale,Scale Inspection,Computing Scale - 01,14,14,0,,Complete Address,1251,3RD AVE,,,,NEW YORK,NY,10021,Manhattan,108,5,1043964,1014270001,MN31,40.76984902,-73.96051847
A0216736,INS-000838004,03/18/2025,2025,BA-1451453-2022,BA-1451453,"PLATINUM & WHITE MARKETS, INC.",,Supermarket - 819,Scale,Scale,Scale Inspection,Computing Scale - 01,14,14,0,,Complete Address,1251,3RD AVE,,,,NEW YORK,NY,10021,Manhattan,108,5,1043964,1014270001,MN31,40.76984902,-73.96051847
A0173891,INS-000753664,06/14/2024,2024,BA-1445885-2022,BA-1445885,POM GROUP II INC,,Supermarket - 819,Scale,Scale,Scale Inspection,Computing Scale - 01,10,10,0,,Complete Address,33,LINCOLN ROAD,,,,BROOKLYN,NY,11225,Brooklyn,309,40,3426435,3050240074,BK60,40.66078354,-73.96148411
A0128734,INS-000654412,07/19/2023,2023,BA-1445885-2022,BA-1445885,POM GROUP II INC,,Supermarket - 819,Scale,Scale,Scale Inspection,Computing Scale - 01,11,11,0,,Complete Address,33,LINCOLN ROAD,,,,BROOKLYN,NY,11225,Brooklyn,309,40,3426435,3050240074,BK60,40.66078354,-73.96148411
A0201960,INS-000809818,12/04/2024,2024,BA-1415892-2022,BA-1415892,POM GROUP INC.,,Supermarket - 819,Scale,Scale,Scale Inspection,Computing Scale - 01,8,8,0,,Complete Address,1133,MANHATTAN AVE,,,,BROOKLYN,NY,11222,Brooklyn,301,33,3426097,3024820026,BK76,40.7370886,-73.95540305
A0158891,INS-000725710,03/18/2024,2024,BA-1408149-2022,BA-1408149,PORTOKALI MARKET CORP,,Supermarket - 819,Scale,Scale,Scale Inspection,Computing Scale - 01,12,12,0,,Complete Address,1519,SHEEPSHEAD BAY RD,,,,BROOKLYN,NY,11235,Brooklyn,315,48,3204955,3074600012,BK17,40.58731367,-73.9538829
A0204440,INS-000814398,12/19/2024,2024,BA-1456100-2022,BA-1456100,POST FOOD CORP,,Supermarket - 819,Scale,Scale,Scale Inspection,Computing Scale - 01,11,11,0,,Complete Address,317,9 AVENUE,,,,NEW YORK,NY,10001,Manhattan,104,3,1077349,1007260001,MN13,40.74986032,-73.99888838
A0196948,INS-000800203,10/31/2024,2024,BA-1445529-2022,BA-1445529,"PRAMUKH HEALTH MARKET, INC.",,Supermarket - 819,Scale,Scale,Scale Inspection,Computing Scale - 01,5,5,0,,Complete Address,1701,CHURCH AVE,,,,BROOKLYN,NY,11226,Brooklyn,314,40,3116502,3050780042,BK42,40.649119,-73.96391613
A0165853,INS-000737927,04/25/2024,2024,BA-1610989-2023,BA-1610989,"Premier Farmers Market, LLC",,Supermarket - 819,Scale,Scale,Scale Inspection,Computing Scale - 01,3,3,0,,Complete Address,39-06,108 STREET,,,,FLUSHING,NY,11368,Queens,403,21,4620459,4017767501,QN26,40.75136886,-73.85910992
A0165853,INS-000737927,04/25/2024,2024,BA-1610989-2023,BA-1610989,"Premier Farmers Market, LLC",,Supermarket - 819,Scale,Scale,Scale Inspection,Customer Scale - 01,1,1,0,,Complete Address,39-06,108 STREET,,,,FLUSHING,NY,11368,Queens,403,21,4620459,4017767501,QN26,40.75136886,-73.85910992
A0165853,INS-000737927,04/25/2024,2024,BA-1610989-2023,BA-1610989,"Premier Farmers Market, LLC",,Supermarket - 819,Scale,Scale,Scale Inspection,Pre-pack Scale - 01,2,2,0,,Complete Address,39-06,108 STREET,,,,FLUSHING,NY,11368,Queens,403,21,4620459,4017767501,QN26,40.75136886,-73.85910992
A0197231,INS-000800748,11/01/2024,2024,BA-1465691-2022,BA-1465691,PRINCE FOOD CORP.,,Supermarket - 819,Scale,Scale,Scale Inspection,Computing Scale - 01,12,12,0,,Complete Address,2044,BOSTON RD,,,,BRONX,NY,10460,Bronx,206,15,2013281,2031390001,BX17,40.84111968,-73.87919498
A0157619,INS-000723382,03/08/2024,2024,BA-1408926-2022,BA-1408926,PS MEAT CORP.,,Supermarket - 819,Scale,Scale,Scale Inspection,Computing Scale - 01,8,8,0,,Complete Address,238,W 116TH ST,,,,NEW YORK,NY,10026,Manhattan,110,9,1055245,1018310051,MN11,40.80388958,-73.95413741
A0216643,INS-000837855,03/18/2025,2025,BA-1408926-2022,BA-1408926,PS MEAT CORP.,,Supermarket - 819,Scale,Scale,Scale Inspection,Customer Scale - 01,1,1,0,,Complete Address,238,W 116TH ST,,,,NEW YORK,NY,10026,Manhattan,110,9,1055245,1018310051,MN11,40.80388958,-73.95413741
A0216643,INS-000837855,03/18/2025,2025,BA-1408926-2022,BA-1408926,PS MEAT CORP.,,Supermarket - 819,Scale,Scale,Scale Inspection,Pre-pack Scale - 01,2,2,0,,Complete Address,238,W 116TH ST,,,,NEW YORK,NY,10026,Manhattan,110,9,1055245,1018310051,MN11,40.80388958,-73.95413741
A0216643,INS-000837855,03/18/2025,2025,BA-1408926-2022,BA-1408926,PS MEAT CORP.,,Supermarket - 819,Scale,Scale,Scale Inspection,Computing Scale - 01,5,5,0,,Complete Address,238,W 116TH ST,,,,NEW YORK,NY,10026,Manhattan,110,9,1055245,1018310051,MN11,40.80388958,-73.95413741
A0159893,INS-000726004,03/22/2024,2024,BA-1617887-2023,BA-1617887,QUEENS SHOPRITE ASSOCIATES LLC,,Supermarket - 819,Scale,Scale,Scale Inspection,Computing Scale - 01,31,31,0,,Complete Address,133-11,20 AVENUE,,,,COLLEGE POINT,NY,11356,Queens,407,19,4536688,4041380001,QN49,40.78166112,-73.83522123
A0159893,INS-000726004,03/22/2024,2024,BA-1617887-2023,BA-1617887,QUEENS SHOPRITE ASSOCIATES LLC,,Supermarket - 819,Scale,Scale,Scale Inspection,Customer Scale - 01,1,1,0,,Complete Address,133-11,20 AVENUE,,,,COLLEGE POINT,NY,11356,Queens,407,19,4536688,4041380001,QN49,40.78166112,-73.83522123
A0159893,INS-000726004,03/22/2024,2024,BA-1617887-2023,BA-1617887,QUEENS SHOPRITE ASSOCIATES LLC,,Supermarket - 819,Scale,Scale,Scale Inspection,Pre-pack Scale - 01,8,8,0,,Complete Address,133-11,20 AVENUE,,,,COLLEGE POINT,NY,11356,Queens,407,19,4536688,4041380001,QN49,40.78166112,-73.83522123
A0182078,INS-000762609,08/08/2024,2024,BA-1617887-2023,BA-1617887,QUEENS SHOPRITE ASSOCIATES LLC,,Supermarket - 819,Scale,Scale,Scale Inspection,Computing Scale - 01,4,4,0,,Complete Address,133-11,20 AVENUE,,,,COLLEGE POINT,NY,11356,Queens,407,19,4536688,4041380001,QN49,40.78166112,-73.83522123
A0207865,INS-000820857,01/16/2025,2025,BA-1617887-2023,BA-1617887,QUEENS SHOPRITE ASSOCIATES LLC,,Supermarket - 819,Scale,Scale,Scale Inspection,Computing Scale - 01,38,38,0,,Complete Address,133-11,20 AVENUE,,,,COLLEGE POINT,NY,11356,Queens,407,19,4536688,4041380001,QN49,40.78166112,-73.83522123
A0203643,INS-000812787,12/12/2024,2024,BA-1716662-2024,BA-1716662,"R & C 52 ARLINGTON MARKETPLACE, INC.",,Supermarket - 819,Scale,Scale,Scale Inspection,Computing Scale - 01,6,6,0,,Complete Address,52,ARLINGTON AVE,,,,BROOKLYN,NY,11207,Brooklyn,305,37,3087445,3039320022,BK83,40.67962962,-73.89282372
A0178140,INS-000762256,07/16/2024,2024,BA-1447424-2022,BA-1447424,R & M GLATT SUPERMARKET OF 108 ST. CORP,,Supermarket - 819,Scale,Scale,Scale Inspection,Computing Scale - 01,9,9,0,,Complete Address,6364,108TH ST,,,,FOREST HILLS,NY,11375,Queens,406,29,4051445,4021480033,QN17,40.73339823,-73.84984942
A0178140,INS-000762256,07/16/2024,2024,BA-1447424-2022,BA-1447424,R & M GLATT SUPERMARKET OF 108 ST. CORP,,Supermarket - 819,Scale,Scale,Scale Inspection,Pre-pack Scale - 01,2,2,0,,Complete Address,6364,108TH ST,,,,FOREST HILLS,NY,11375,Queens,406,29,4051445,4021480033,QN17,40.73339823,-73.84984942
A0211521,INS-000829185,02/12/2025,2025,BA-1447424-2022,BA-1447424,R & M GLATT SUPERMARKET OF 108 ST. CORP,,Supermarket - 819,Scale,Scale,Scale Inspection,Customer Scale - 01,1,1,0,,Complete Address,6364,108TH ST,,,,FOREST HILLS,NY,11375,Queens,406,29,4051445,4021480033,QN17,40.73339823,-73.84984942
A0211521,INS-000829185,02/12/2025,2025,BA-1447424-2022,BA-1447424,R & M GLATT SUPERMARKET OF 108 ST. CORP,,Supermarket - 819,Scale,Scale,Scale Inspection,Pre-pack Scale - 01,5,5,0,,Complete Address,6364,108TH ST,,,,FOREST HILLS,NY,11375,Queens,406,29,4051445,4021480033,QN17,40.73339823,-73.84984942
A0211521,INS-000829185,02/12/2025,2025,BA-1447424-2022,BA-1447424,R & M GLATT SUPERMARKET OF 108 ST. CORP,,Supermarket - 819,Scale,Scale,Scale Inspection,Computing Scale - 01,6,6,0,,Complete Address,6364,108TH ST,,,,FOREST HILLS,NY,11375,Queens,406,29,4051445,4021480033,QN17,40.73339823,-73.84984942
A0134719,INS-000665126,09/11/2023,2023,BA-1467239-2022,BA-1467239,R & M SUPERMARKET 63 DR. INC,,Supermarket - 819,Scale,Scale,Scale Inspection,Computing Scale - 01,10,10,0,,Complete Address,9117,63RD DR,,,,REGO PARK,NY,11374,Queens,406,30,4072815,4031030060,QN18,40.72660406,-73.86462463
A0203146,INS-000811935,12/11/2024,2024,BA-1467239-2022,BA-1467239,R & M SUPERMARKET 63 DR. INC,,Supermarket - 819,Scale,Scale,Scale Inspection,Computing Scale - 01,9,9,0,,Complete Address,9117,63RD DR,,,,REGO PARK,NY,11374,Queens,406,30,4072815,4031030060,QN18,40.72660406,-73.86462463
A0203146,INS-000811935,12/11/2024,2024,BA-1467239-2022,BA-1467239,R & M SUPERMARKET 63 DR. INC,,Supermarket - 819,Scale,Scale,Scale Inspection,Customer Scale - 01,1,1,0,,Complete Address,9117,63RD DR,,,,REGO PARK,NY,11374,Queens,406,30,4072815,4031030060,QN18,40.72660406,-73.86462463
A0179688,INS-000765449,07/24/2024,2024,BA-1451784-2022,BA-1451784,R.J. CASTLE HILL FOOD CORP,,Supermarket - 819,Scale,Scale,Scale Inspection,Computing Scale - 01,1,1,0,,Complete Address,1345,CASTLE HILL AVE,,,,BRONX,NY,10462,Bronx,209,18,2029044,2039350064,BX46,40.83525271,-73.85198658
A0177017,INS-000759988,07/09/2024,2024,BA-1451784-2022,BA-1451784,R.J. CASTLE HILL FOOD CORP,,Supermarket - 819,Scale,Scale,Scale Inspection,Computing Scale - 01,6,6,0,,Complete Address,1345,CASTLE HILL AVE,,,,BRONX,NY,10462,Bronx,209,18,2029044,2039350064,BX46,40.83525271,-73.85198658
A0177017,INS-000759988,07/09/2024,2024,BA-1451784-2022,BA-1451784,R.J. CASTLE HILL FOOD CORP,,Supermarket - 819,Scale,Scale,Scale Inspection,Customer Scale - 01,1,1,0,,Complete Address,1345,CASTLE HILL AVE,,,,BRONX,NY,10462,Bronx,209,18,2029044,2039350064,BX46,40.83525271,-73.85198658
A0177017,INS-000759988,07/09/2024,2024,BA-1451784-2022,BA-1451784,R.J. CASTLE HILL FOOD CORP,,Supermarket - 819,Scale,Scale,Scale Inspection,Pre-pack Scale - 01,2,1,4,Confiscated,Complete Address,1345,CASTLE HILL AVE,,,,BRONX,NY,10462,Bronx,209,18,2029044,2039350064,BX46,40.83525271,-73.85198658
A0207672,INS-000820522,01/15/2025,2025,BA-1451784-2022,BA-1451784,R.J. CASTLE HILL FOOD CORP,,Supermarket - 819,Scale,Scale,Scale Inspection,Computing Scale - 01,9,9,0,,Complete Address,1345,CASTLE HILL AVE,,,,BRONX,NY,10462,Bronx,209,18,2029044,2039350064,BX46,40.83525271,-73.85198658
A0165416,INS-000737212,04/24/2024,2024,BA-1454695-2022,BA-1454695,R&M AMSTERDAM FOOD LLC,,Supermarket - 819,Scale,Scale,Scale Inspection,Customer Scale - 01,2,2,0,,Complete Address,733,AMSTERDAM AVENUE,,,,NEW YORK,NY,10025,Manhattan,107,7,1032587,1012267502,MN12,40.79380532,-73.9705335
A0165416,INS-000737212,04/24/2024,2024,BA-1454695-2022,BA-1454695,R&M AMSTERDAM FOOD LLC,,Supermarket - 819,Scale,Scale,Scale Inspection,Pre-pack Scale - 01,6,6,0,,Complete Address,733,AMSTERDAM AVENUE,,,,NEW YORK,NY,10025,Manhattan,107,7,1032587,1012267502,MN12,40.79380532,-73.9705335
A0165416,INS-000737212,04/24/2024,2024,BA-1454695-2022,BA-1454695,R&M AMSTERDAM FOOD LLC,,Supermarket - 819,Scale,Scale,Scale Inspection,Computing Scale - 01,10,10,0,,Complete Address,733,AMSTERDAM AVENUE,,,,NEW YORK,NY,10025,Manhattan,107,7,1032587,1012267502,MN12,40.79380532,-73.9705335
A0217073,INS-000838587,03/19/2025,2025,BA-1454695-2022,BA-1454695,R&M AMSTERDAM FOOD LLC,,Supermarket - 819,Scale,Scale,Scale Inspection,Computing Scale - 01,18,18,0,,Complete Address,733,AMSTERDAM AVENUE,,,,NEW YORK,NY,10025,Manhattan,107,7,1032587,1012267502,MN12,40.79380532,-73.9705335
A0126813,INS-000651338,07/03/2023,2023,BA-1410768-2022,BA-1410768,RAINBOW PAPER SALES INC.,,Supermarket - 819,Scale,Scale,Scale Inspection,Computing Scale - 01,8,8,0,,Complete Address,1482,CONEY ISLAND AVE,,,,BROOKLYN,NY,11230,Brooklyn,312,44,3171513,3065360020,BK46,40.6213392,-73.96453272
A0164134,INS-000735057,04/17/2024,2024,BA-1692104-2024,BA-1692104,"RALPH AVENUE MEAT, CORP.",,Supermarket - 819,Scale,Scale,Scale Inspection,Computing Scale - 01,12,12,0,,Complete Address,1804,RALPH AVE,,,,BROOKLYN,NY,11236,Brooklyn,318,46,3223371,3079790146,BK58,40.6328413,-73.91869149
A0217374,INS-000839092,03/20/2025,2025,BA-1692104-2024,BA-1692104,"RALPH AVENUE MEAT, CORP.",,Supermarket - 819,Scale,Scale,Scale Inspection,Pre-pack Scale - 01,4,1,1,Confiscated,Complete Address,1804,RALPH AVE,,,,BROOKLYN,NY,11236,Brooklyn,318,46,3223371,3079790146,BK58,40.6328413,-73.91869149
A0217374,INS-000839092,03/20/2025,2025,BA-1692104-2024,BA-1692104,"RALPH AVENUE MEAT, CORP.",,Supermarket - 819,Scale,Scale,Scale Inspection,Computing Scale - 01,8,8,0,,Complete Address,1804,RALPH AVE,,,,BROOKLYN,NY,11236,Brooklyn,318,46,3223371,3079790146,BK58,40.6328413,-73.91869149
A0160708,INS-000728994,03/27/2024,2024,BA-1552996-2022,BA-1552996,READ ORGANIC LLC,,Supermarket - 819,Scale,Scale,Scale Inspection,Computing Scale - 01,7,7,0,,Complete Address,245,MALCOLM X BOULEVARD,,,,BROOKLYN,NY,11233,Brooklyn,303,36,3046201,3016620001,,40.68435414,-73.92933372
A0144350,INS-000692104,11/27/2023,2023,BA-1541209-2022,BA-1541209,"REGO PARK AJ MET, INC.",,Supermarket - 819,Scale,Scale,Scale Inspection,Computing Scale - 01,7,7,0,,Complete Address,9736,63RD RD,,,,REGO PARK,NY,11374,Queens,406,24,4050427,4020890012,,40.73125662,-73.86019159
A0209695,INS-000825836,01/30/2025,2025,BA-1541209-2022,BA-1541209,"REGO PARK AJ MET, INC.",,Supermarket - 819,Scale,Scale,Scale Inspection,Customer Scale - 01,1,1,0,,Complete Address,9736,63RD RD,,,,REGO PARK,NY,11374,Queens,406,24,4050427,4020890012,,40.73125662,-73.86019159
A0209695,INS-000825836,01/30/2025,2025,BA-1541209-2022,BA-1541209,"REGO PARK AJ MET, INC.",,Supermarket - 819,Scale,Scale,Scale Inspection,Pre-pack Scale - 01,3,3,0,,Complete Address,9736,63RD RD,,,,REGO PARK,NY,11374,Queens,406,24,4050427,4020890012,,40.73125662,-73.86019159
A0209695,INS-000825836,01/30/2025,2025,BA-1541209-2022,BA-1541209,"REGO PARK AJ MET, INC.",,Supermarket - 819,Scale,Scale,Scale Inspection,Computing Scale - 01,4,4,0,,Complete Address,9736,63RD RD,,,,REGO PARK,NY,11374,Queens,406,24,4050427,4020890012,,40.73125662,-73.86019159
A0204400,INS-000814311,12/19/2024,2024,BA-1547211-2022,BA-1547211,RENHE MARKET INC.,,Supermarket - 819,Scale,Scale,Scale Inspection,Customer Scale - 01,1,1,0,,Complete Address,8121,NEW UTRECHT AVE,,,,BROOKLYN,NY,11214,Brooklyn,311,38,3164613,3063140024,BK28,40.61055214,-74.00144425
A0204400,INS-000814311,12/19/2024,2024,BA-1547211-2022,BA-1547211,RENHE MARKET INC.,,Supermarket - 819,Scale,Scale,Scale Inspection,Computing Scale - 01,20,20,0,,Complete Address,8121,NEW UTRECHT AVE,,,,BROOKLYN,NY,11214,Brooklyn,311,38,3164613,3063140024,BK28,40.61055214,-74.00144425
A0204400,INS-000814311,12/19/2024,2024,BA-1547211-2022,BA-1547211,RENHE MARKET INC.,,Supermarket - 819,Scale,Scale,Scale Inspection,Pre-pack Scale - 01,2,2,0,,Complete Address,8121,NEW UTRECHT AVE,,,,BROOKLYN,NY,11214,Brooklyn,311,38,3164613,3063140024,BK28,40.61055214,-74.00144425
A0150264,INS-000703526,01/16/2024,2024,BA-1497840-2022,BA-1497840,REVO FOOD CORP.,,Supermarket - 819,Scale,Scale,Scale Inspection,Computing Scale - 01,8,8,0,,Complete Address,10802,OTIS AVE,,,,CORONA,NY,11368,Queens,404,21,4048288,4019620001,QN25,40.74122304,-73.85373278
A0208503,INS-000822247,01/23/2025,2025,BA-1497840-2022,BA-1497840,REVO FOOD CORP.,,Supermarket - 819,Scale,Scale,Scale Inspection,Customer Scale - 01,1,1,0,,Complete Address,10802,OTIS AVE,,,,CORONA,NY,11368,Queens,404,21,4048288,4019620001,QN25,40.74122304,-73.85373278
A0208503,INS-000822247,01/23/2025,2025,BA-1497840-2022,BA-1497840,REVO FOOD CORP.,,Supermarket - 819,Scale,Scale,Scale Inspection,Pre-pack Scale - 01,2,2,0,,Complete Address,10802,OTIS AVE,,,,CORONA,NY,11368,Queens,404,21,4048288,4019620001,QN25,40.74122304,-73.85373278
A0208503,INS-000822247,01/23/2025,2025,BA-1497840-2022,BA-1497840,REVO FOOD CORP.,,Supermarket - 819,Scale,Scale,Scale Inspection,Computing Scale - 01,5,5,0,,Complete Address,10802,OTIS AVE,,,,CORONA,NY,11368,Queens,404,21,4048288,4019620001,QN25,40.74122304,-73.85373278
A0202562,INS-000810814,12/06/2024,2024,BA-1564459-2022,BA-1564459,RIZKA FOOD CORPORATION,,Supermarket - 819,Scale,Scale,Scale Inspection,Computing Scale - 01,8,8,0,,Complete Address,2071,CLOVE RD,,,,STATEN ISLAND,NY,10304,Staten Island,502,50,5112655,5029210006,SI14,40.60403571,-74.08371149
A0170804,INS-000747407,05/23/2024,2024,BA-1557589-2022,BA-1557589,ROCHDALE MEAT & PRODUCE LLC,,Supermarket - 819,Scale,Scale,Scale Inspection,Computing Scale - 01,12,12,0,,Complete Address,16602,BAISLEY BLVD,,,,JAMAICA,NY,11434,Queens,412,28,4448681,4124950002,QN02,40.67969141,-73.77708074
A0206684,INS-000819422,01/09/2025,2025,BA-1557589-2022,BA-1557589,ROCHDALE MEAT & PRODUCE LLC,,Supermarket - 819,Scale,Scale,Scale Inspection,Computing Scale - 01,21,21,0,,Complete Address,16602,BAISLEY BLVD,,,,JAMAICA,NY,11434,Queens,412,28,4448681,4124950002,QN02,40.67969141,-73.77708074
A0159855,INS-000727358,03/22/2024,2024,BA-1674973-2023,BA-1674973,ROCKAWAY SUPERMARKET CORP.,,Supermarket - 819,Scale,Scale,Scale Inspection,Computing Scale - 01,12,12,0,,Complete Address,8715,ROCKAWAY BEACH BLVD,,,,ROCKAWAY BEACH,NY,11693,Queens,414,32,4303596,4161310010,QN12,40.58740854,-73.81238089
A0159855,INS-000727358,03/22/2024,2024,BA-1674973-2023,BA-1674973,ROCKAWAY SUPERMARKET CORP.,,Supermarket - 819,Scale,Scale,Scale Inspection,Customer Scale - 01,2,2,0,,Complete Address,8715,ROCKAWAY BEACH BLVD,,,,ROCKAWAY BEACH,NY,11693,Queens,414,32,4303596,4161310010,QN12,40.58740854,-73.81238089
A0159855,INS-000727358,03/22/2024,2024,BA-1674973-2023,BA-1674973,ROCKAWAY SUPERMARKET CORP.,,Supermarket - 819,Scale,Scale,Scale Inspection,Pre-pack Scale - 01,2,2,0,,Complete Address,8715,ROCKAWAY BEACH BLVD,,,,ROCKAWAY BEACH,NY,11693,Queens,414,32,4303596,4161310010,QN12,40.58740854,-73.81238089
A0139683,INS-000683271,10/18/2023,2023,BA-1674973-2023,BA-1674973,ROCKAWAY SUPERMARKET CORP.,,Supermarket - 819,Scale,Scale,Scale Inspection,Computing Scale - 01,15,15,0,,Complete Address,8715,ROCKAWAY BEACH BLVD,,,,ROCKAWAY BEACH,NY,11693,Queens,414,32,4303596,4161310010,QN12,40.58740854,-73.81238089
A0156436,INS-000721107,02/29/2024,2024,BA-1498557-2022,BA-1498557,ROSE MARIE INC,,Supermarket - 819,Scale,Scale,Scale Inspection,Computing Scale - 01,8,8,0,,Complete Address,19,KNOLLS CRES,,,,BRONX,NY,10463,Bronx,208,11,2083249,2057230075,BX29,40.87867633,-73.91763508
A0126958,INS-000651546,07/05/2023,2023,BA-1554732-2022,BA-1554732,"ROYAL SEAFOOD MARKET, INC",,Supermarket - 819,Scale,Scale,Scale Inspection,Computing Scale - 01,13,13,0,,Complete Address,2339,65TH ST,,,,BROOKLYN,NY,11204,Brooklyn,311,44,3172516,3065590062,BK29,40.6118209,-73.97808013
A0201392,INS-000808687,11/29/2024,2024,BA-1549199-2022,BA-1549199,RUBEN & RUBEN FOOD CORP,,Supermarket - 819,Scale,Scale,Scale Inspection,Computing Scale - 01,11,11,0,,Complete Address,8725,LEFFERTS BLVD,,,,RICHMOND HILL,NY,11418,Queens,409,29,4195979,4093290075,QN54,40.69956983,-73.83066364
A0179636,INS-000765261,07/24/2024,2024,BA-1539627-2022,BA-1539627,"RUTLEDGE ST. MINI MARKET, INC.",,Supermarket - 819,Scale,Scale,Scale Inspection,Computing Scale - 01,7,7,0,,Complete Address,96,RUTLEDGE ST,,,,BROOKLYN,NY,11249,Brooklyn,301,33,3060944,3022240013,BK72,40.70095509,-73.9587416
A0175599,INS-000757207,06/28/2024,2024,BA-1485379-2022,BA-1485379,S & K VEGETABLES CORP.,,Supermarket - 819,Scale,Scale,Scale Inspection,Computing Scale - 01,6,6,0,,Complete Address,7220,37TH AVE,,,,JACKSON HEIGHTS,NY,11372,Queens,403,25,4029768,4012830007,QN28,40.74878447,-73.8934018
A0131210,INS-000659030,08/14/2023,2023,BA-1485379-2022,BA-1485379,S & K VEGETABLES CORP.,,Supermarket - 819,Scale,Scale,Scale Inspection,Computing Scale - 01,7,7,0,,Complete Address,7220,37TH AVE,,,,JACKSON HEIGHTS,NY,11372,Queens,403,25,4029768,4012830007,QN28,40.74878447,-73.8934018
A0212840,INS-000831304,02/21/2025,2025,BA-1485379-2022,BA-1485379,S & K VEGETABLES CORP.,,Supermarket - 819,Scale,Scale,Scale Inspection,Computing Scale - 01,8,8,0,,Complete Address,7220,37TH AVE,,,,JACKSON HEIGHTS,NY,11372,Queens,403,25,4029768,4012830007,QN28,40.74878447,-73.8934018
A0150393,INS-000703824,01/17/2024,2024,BA-1464420-2022,BA-1464420,S. T. MEAT & GROCERY INC,,Supermarket - 819,Scale,Scale,Scale Inspection,Computing Scale - 01,24,24,0,,Complete Address,2467,JEROME AVE,,,,BRONX,NY,10468,Bronx,207,14,2014361,2032000020,BX30,40.86315554,-73.90077808
A0174543,INS-000755029,06/20/2024,2024,BA-1554749-2022,BA-1554749,SABANA MEAT CORP.,,Supermarket - 819,Scale,Scale,Scale Inspection,Computing Scale - 01,7,7,0,,Complete Address,309,E 115TH ST,,,,NEW YORK,NY,10029,Manhattan,111,8,1052901,1016870005,MN34,40.79616657,-73.93794081
A0204813,INS-000815047,12/20/2024,2024,BA-1537720-2022,BA-1537720,"SAHADI IMPORTING CO., INC.",,Supermarket - 819,Scale,Scale,Scale Inspection,Computing Scale - 01,9,9,0,,Complete Address,187,ATLANTIC AVE,,,,BROOKLYN,NY,11201,Brooklyn,302,33,3002768,3002760009,BK09,40.68999146,-73.99342642
A0165609,INS-000737526,04/25/2024,2024,BA-1657211-2023,BA-1657211,SARMAN FOOD CORP.,,Supermarket - 819,Scale,Scale,Scale Inspection,Computing Scale - 01,4,4,0,,Complete Address,10879,ROOSEVELT AVE,,,,CORONA,NY,11368,Queens,403,21,4044830,4017800043,QN26,40.7508765,-73.85825197
A0165609,INS-000737526,04/25/2024,2024,BA-1657211-2023,BA-1657211,SARMAN FOOD CORP.,,Supermarket - 819,Scale,Scale,Scale Inspection,Pre-pack Scale - 01,2,2,0,,Complete Address,10879,ROOSEVELT AVE,,,,CORONA,NY,11368,Queens,403,21,4044830,4017800043,QN26,40.7508765,-73.85825197
A0169509,INS-000744898,05/16/2024,2024,BA-1566882-2022,BA-1566882,SEA TOWN CORONA NY LLC,,Supermarket - 819,Scale,Scale,Scale Inspection,Computing Scale - 01,9,9,0,,Complete Address,3924,104TH ST,,,,CORONA,NY,11368,Queens,403,21,4595426,4017700091,QN26,40.75048035,-73.86202441
A0169509,INS-000744898,05/16/2024,2024,BA-1566882-2022,BA-1566882,SEA TOWN CORONA NY LLC,,Supermarket - 819,Scale,Scale,Scale Inspection,Pre-pack Scale - 01,2,2,0,,Complete Address,3924,104TH ST,,,,CORONA,NY,11368,Queens,403,21,4595426,4017700091,QN26,40.75048035,-73.86202441
A0158250,INS-000724463,03/13/2024,2024,BA-1541479-2022,BA-1541479,"SEVEN & ONE FOODS, LLC",,Supermarket - 819,Scale,Scale,Scale Inspection,Computing Scale - 01,8,8,0,,Complete Address,2020,NEW HAVEN AVE,,,,FAR ROCKAWAY,NY,11691,Queens,414,31,4300871,4157500001,QN15,40.60076731,-73.7540667
A0158250,INS-000724463,03/13/2024,2024,BA-1541479-2022,BA-1541479,"SEVEN & ONE FOODS, LLC",,Supermarket - 819,Scale,Scale,Scale Inspection,Customer Scale - 01,1,1,0,,Complete Address,2020,NEW HAVEN AVE,,,,FAR ROCKAWAY,NY,11691,Queens,414,31,4300871,4157500001,QN15,40.60076731,-73.7540667
A0158250,INS-000724463,03/13/2024,2024,BA-1541479-2022,BA-1541479,"SEVEN & ONE FOODS, LLC",,Supermarket - 819,Scale,Scale,Scale Inspection,Pre-pack Scale - 01,2,2,0,,Complete Address,2020,NEW HAVEN AVE,,,,FAR ROCKAWAY,NY,11691,Queens,414,31,4300871,4157500001,QN15,40.60076731,-73.7540667
A0129378,INS-000655528,07/26/2023,2023,BA-1534217-2022,BA-1534217,SEVEN SEAS 42ND ST LLC,,Supermarket - 819,Scale,Scale,Scale Inspection,Computing Scale - 01,20,20,0,,Complete Address,452,W 43RD ST,,,,NEW YORK,NY,10036,Manhattan,104,3,1083746,1010520001,MN15,40.75996085,-73.99420282
A0172098,INS-000750230,06/04/2024,2024,BA-1534217-2022,BA-1534217,SEVEN SEAS 42ND ST LLC,,Supermarket - 819,Scale,Scale,Scale Inspection,Computing Scale - 01,18,18,0,,Complete Address,452,W 43RD ST,,,,NEW YORK,NY,10036,Manhattan,104,3,1083746,1010520001,MN15,40.75996085,-73.99420282
A0153586,INS-000712859,02/07/2024,2024,BA-1556540-2022,BA-1556540,"SEVEN SEAS 49TH ST, LLC",,Supermarket - 819,Scale,Scale,Scale Inspection,Platform Scale - 01,6,6,0,,Complete Address,810,8TH AVE,,,,NEW YORK,NY,10019,Manhattan,105,3,1085498,1010210001,MN17,40.76174977,-73.98648132
A0153586,INS-000712859,02/07/2024,2024,BA-1556540-2022,BA-1556540,"SEVEN SEAS 49TH ST, LLC",,Supermarket - 819,Scale,Scale,Scale Inspection,Computing Scale - 01,16,16,0,,Complete Address,810,8TH AVE,,,,NEW YORK,NY,10019,Manhattan,105,3,1085498,1010210001,MN17,40.76174977,-73.98648132
A0153586,INS-000712859,02/07/2024,2024,BA-1556540-2022,BA-1556540,"SEVEN SEAS 49TH ST, LLC",,Supermarket - 819,Scale,Scale,Scale Inspection,Customer Scale - 01,1,1,0,,Complete Address,810,8TH AVE,,,,NEW YORK,NY,10019,Manhattan,105,3,1085498,1010210001,MN17,40.76174977,-73.98648132
A0170491,INS-000746832,05/22/2024,2024,BA-1556540-2022,BA-1556540,"SEVEN SEAS 49TH ST, LLC",,Supermarket - 819,Scale,Scale,Scale Inspection,Computing Scale - 01,1,1,0,,Complete Address,810,8TH AVE,,,,NEW YORK,NY,10019,Manhattan,105,3,1085498,1010210001,MN17,40.76174977,-73.98648132
A0169039,INS-000743888,05/14/2024,2024,BA-1695557-2024,BA-1695557,SEVEN SEAS GERRITSEN LLC,,Supermarket - 819,Scale,Scale,Scale Inspection,Computing Scale - 01,8,8,0,,Complete Address,2245,GERRITSEN AVE,,,,BROOKLYN,NY,11229,Brooklyn,315,46,3248246,3088180059,BK17,40.60106106,-73.93426897
A0169039,INS-000743888,05/14/2024,2024,BA-1695557-2024,BA-1695557,SEVEN SEAS GERRITSEN LLC,,Supermarket - 819,Scale,Scale,Scale Inspection,Pre-pack Scale - 01,4,4,0,,Complete Address,2245,GERRITSEN AVE,,,,BROOKLYN,NY,11229,Brooklyn,315,46,3248246,3088180059,BK17,40.60106106,-73.93426897
A0155295,INS-000718862,02/22/2024,2024,BA-1550346-2022,BA-1550346,SEVEN SEAS WESTERLY LLC,,Supermarket - 819,Scale,Scale,Scale Inspection,Computing Scale - 01,10,10,0,,Complete Address,911,8TH AVE,,,,NEW YORK,NY,10019,Manhattan,104,3,1025416,1010450029,MN15,40.76488947,-73.98422445
A0155295,INS-000718862,02/22/2024,2024,BA-1550346-2022,BA-1550346,SEVEN SEAS WESTERLY LLC,,Supermarket - 819,Scale,Scale,Scale Inspection,Customer Scale - 01,1,1,0,,Complete Address,911,8TH AVE,,,,NEW YORK,NY,10019,Manhattan,104,3,1025416,1010450029,MN15,40.76488947,-73.98422445
A0155295,INS-000718862,02/22/2024,2024,BA-1550346-2022,BA-1550346,SEVEN SEAS WESTERLY LLC,,Supermarket - 819,Scale,Scale,Scale Inspection,Platform Scale - 01,1,1,0,,Complete Address,911,8TH AVE,,,,NEW YORK,NY,10019,Manhattan,104,3,1025416,1010450029,MN15,40.76488947,-73.98422445
A0213018,INS-000831624,02/25/2025,2025,BA-1550346-2022,BA-1550346,SEVEN SEAS WESTERLY LLC,,Supermarket - 819,Scale,Scale,Scale Inspection,Pre-pack Scale - 01,1,1,0,,Complete Address,911,8TH AVE,,,,NEW YORK,NY,10019,Manhattan,104,3,1025416,1010450029,MN15,40.76488947,-73.98422445
A0213018,INS-000831624,02/25/2025,2025,BA-1550346-2022,BA-1550346,SEVEN SEAS WESTERLY LLC,,Supermarket - 819,Scale,Scale,Scale Inspection,Customer Scale - 01,1,1,0,,Complete Address,911,8TH AVE,,,,NEW YORK,NY,10019,Manhattan,104,3,1025416,1010450029,MN15,40.76488947,-73.98422445
A0213018,INS-000831624,02/25/2025,2025,BA-1550346-2022,BA-1550346,SEVEN SEAS WESTERLY LLC,,Supermarket - 819,Scale,Scale,Scale Inspection,Computing Scale - 01,10,10,0,,Complete Address,911,8TH AVE,,,,NEW YORK,NY,10019,Manhattan,104,3,1025416,1010450029,MN15,40.76488947,-73.98422445
A0213018,INS-000831624,02/25/2025,2025,BA-1550346-2022,BA-1550346,SEVEN SEAS WESTERLY LLC,,Supermarket - 819,Scale,Scale,Scale Inspection,Misc Scale - 01,1,1,0,,Complete Address,911,8TH AVE,,,,NEW YORK,NY,10019,Manhattan,104,3,1025416,1010450029,MN15,40.76488947,-73.98422445
A0209706,INS-000825856,01/30/2025,2025,BA-1720173-2025,BA-1720173,SHALOM’S KINGDOM LLC,,Supermarket - 819,Scale,Scale,Scale Inspection,Computing Scale - 01,9,9,0,,Complete Address,8002,SURREY PL,,,,JAMAICA,NY,11432,Queens,408,24,4155424,4072270036,QN06,40.72636487,-73.7894476
A0179164,INS-000760691,07/23/2024,2024,BA-1701670-2024,BA-1701670,SHOP FAIR SUPERMARKET,,Supermarket - 819,Scale,Scale,Scale Inspection,Computing Scale - 01,1,1,0,,Complete Address,1510,SAINT NICHOLAS AVE,,,,NEW YORK,NY,10033,Manhattan,112,10,1063780,1021570039,MN35,40.8520839,-73.93170027
A0178425,INS-000762850,07/17/2024,2024,BA-1702732-2024,BA-1702732,SHOP SMART FOOD MARKET CORP.,,Supermarket - 819,Scale,Scale,Scale Inspection,Computing Scale - 01,4,4,0,,Complete Address,531,BLAKE AVE,,,,BROOKLYN,NY,11207,Brooklyn,305,42,3084260,3037670001,BK85,40.66718514,-73.89927807
A0205538,INS-000816357,12/27/2024,2024,BA-1656335-2023,BA-1656335,"SILVER & WHITE MARKETS, INC.",,Supermarket - 819,Scale,Scale,Scale Inspection,Computing Scale - 01,10,10,0,,Complete Address,278,PARK AVE S,,,,NEW YORK,NY,10010,Manhattan,105,2,1068310,1008507503,MN13,40.73939935,-73.98695136
A0161472,INS-000730384,04/02/2024,2024,BA-1671003-2023,BA-1671003,SIMPLY FOOD L.I.C. LLC,,Supermarket - 819,Scale,Scale,Scale Inspection,Computing Scale - 01,22,22,0,,Complete Address,485,47TH RD,,,,LONG ISLAND CITY,NY,11101,Queens,402,26,4534604,4000210060,QN31,40.74533411,-73.95610848
A0137500,INS-000679403,09/29/2023,2023,BA-1671003-2023,BA-1671003,SIMPLY FOOD L.I.C. LLC,,Supermarket - 819,Scale,Scale,Scale Inspection,Computing Scale - 01,24,24,0,,Complete Address,485,47TH RD,,,,LONG ISLAND CITY,NY,11101,Queens,402,26,4534604,4000210060,QN31,40.74533411,-73.95610848
A0171247,INS-000748317,05/28/2024,2024,BA-1558514-2022,BA-1558514,SIRAH 1720 LLC,,Supermarket - 819,Scale,Scale,Scale Inspection,Computing Scale - 01,6,6,0,,Complete Address,535,MARCY AVE,,,,BROOKLYN,NY,11206,Brooklyn,303,36,3338591,3017390001,BK75,40.69696052,-73.94951197
A0202555,INS-000810803,12/06/2024,2024,BA-1491928-2022,BA-1491928,SIX TOWERS MEAT MARKET INC,,Supermarket - 819,Scale,Scale,Scale Inspection,Computing Scale - 01,8,8,0,,Complete Address,6110,QUEENS BLVD,,,,WOODSIDE,NY,11377,Queens,402,26,4437383,4023140100,QN63,40.74134663,-73.90322574
A0130384,INS-000657711,08/07/2023,2023,BA-1491928-2022,BA-1491928,SIX TOWERS MEAT MARKET INC,,Supermarket - 819,Scale,Scale,Scale Inspection,Computing Scale - 01,9,9,0,,Complete Address,6110,QUEENS BLVD,,,,WOODSIDE,NY,11377,Queens,402,26,4437383,4023140100,QN63,40.74134663,-73.90322574
A0147258,INS-000697014,12/18/2023,2023,BA-1626639-2023,BA-1626639,SKY FOODS MARKETS INC,,Supermarket - 819,Scale,Scale,Scale Inspection,Computing Scale - 01,21,21,0,,Complete Address,40-24,COLLEGE POINT BOULEVARD,,,,FLUSHING,NY,11354,Queens,407,20,4000000,4050667502,QN22,40.75769519,-73.83412906
A0203186,INS-000811998,12/11/2024,2024,BA-1626639-2023,BA-1626639,SKY FOODS MARKETS INC,,Supermarket - 819,Scale,Scale,Scale Inspection,Computing Scale - 01,17,17,0,,Complete Address,40-24,COLLEGE POINT BOULEVARD,,,,FLUSHING,NY,11354,Queens,407,20,4000000,4050667502,QN22,40.75769519,-73.83412906
A0203186,INS-000811998,12/11/2024,2024,BA-1626639-2023,BA-1626639,SKY FOODS MARKETS INC,,Supermarket - 819,Scale,Scale,Scale Inspection,Pre-pack Scale - 01,2,2,0,,Complete Address,40-24,COLLEGE POINT BOULEVARD,,,,FLUSHING,NY,11354,Queens,407,20,4000000,4050667502,QN22,40.75769519,-73.83412906
A0203186,INS-000811998,12/11/2024,2024,BA-1626639-2023,BA-1626639,SKY FOODS MARKETS INC,,Supermarket - 819,Scale,Scale,Scale Inspection,Customer Scale - 01,1,1,0,,Complete Address,40-24,COLLEGE POINT BOULEVARD,,,,FLUSHING,NY,11354,Queens,407,20,4000000,4050667502,QN22,40.75769519,-73.83412906
A0200176,INS-000806228,11/21/2024,2024,BA-1563741-2022,BA-1563741,SKYLIGHT HOLDINGS 4 INC,,Supermarket - 819,Scale,Scale,Scale Inspection,Computing Scale - 01,6,6,0,,Complete Address,3414,STEINWAY ST,,,,LONG ISLAND CITY,NY,11101,Queens,401,22,4542720,4006720013,QN70,40.75629725,-73.92118656
A0200176,INS-000806228,11/21/2024,2024,BA-1563741-2022,BA-1563741,SKYLIGHT HOLDINGS 4 INC,,Supermarket - 819,Scale,Scale,Scale Inspection,Pre-pack Scale - 01,2,2,0,,Complete Address,3414,STEINWAY ST,,,,LONG ISLAND CITY,NY,11101,Queens,401,22,4542720,4006720013,QN70,40.75629725,-73.92118656
A0166653,INS-000739301,05/01/2024,2024,BA-1541974-2022,BA-1541974,SNL MEAT & PRODUCE CORP.,,Supermarket - 819,Scale,Scale,Scale Inspection,Computing Scale - 01,8,8,0,,Complete Address,599,AVENUE Z,,,,BROOKLYN,NY,11223,Brooklyn,313,47,3195689,3072130040,BK26,40.58605685,-73.97177366
A0166653,INS-000739301,05/01/2024,2024,BA-1541974-2022,BA-1541974,SNL MEAT & PRODUCE CORP.,,Supermarket - 819,Scale,Scale,Scale Inspection,Customer Scale - 01,1,1,0,,Complete Address,599,AVENUE Z,,,,BROOKLYN,NY,11223,Brooklyn,313,47,3195689,3072130040,BK26,40.58605685,-73.97177366
A0166653,INS-000739301,05/01/2024,2024,BA-1541974-2022,BA-1541974,SNL MEAT & PRODUCE CORP.,,Supermarket - 819,Scale,Scale,Scale Inspection,Pre-pack Scale - 01,5,5,0,,Complete Address,599,AVENUE Z,,,,BROOKLYN,NY,11223,Brooklyn,313,47,3195689,3072130040,BK26,40.58605685,-73.97177366
A0134540,INS-000663142,09/08/2023,2023,BA-1600301-2023,BA-1600301,ST LOREN MULTI SERVICES INC.,,Supermarket - 819,Scale,Scale,Scale Inspection,Computing Scale - 01,1,1,0,,Complete Address,219,E TREMONT AVE,,,,BRONX,NY,10457,Bronx,205,15,2094517,2028090053,BX41,40.84904309,-73.90499922
A0202249,INS-000810312,12/05/2024,2024,BA-1560144-2022,BA-1560144,"STATEN ISLAND MET FOOD, LTD.",,Supermarket - 819,Scale,Scale,Scale Inspection,Computing Scale - 01,13,13,0,,Complete Address,1177,HYLAN BLVD,,,,STATEN ISLAND,NY,10305,Staten Island,502,50,5047160,5032080020,SI36,40.59851423,-74.08224618
A0142535,INS-000688129,11/13/2023,2023,BA-1560144-2022,BA-1560144,"STATEN ISLAND MET FOOD, LTD.",,Supermarket - 819,Scale,Scale,Scale Inspection,Computing Scale - 01,13,13,0,,Complete Address,1177,HYLAN BLVD,,,,STATEN ISLAND,NY,10305,Staten Island,502,50,5047160,5032080020,SI36,40.59851423,-74.08224618
A0158437,INS-000724810,03/14/2024,2024,BA-1564310-2022,BA-1564310,SUN HUI FOOD CORP.,,Supermarket - 819,Scale,Scale,Scale Inspection,Computing Scale - 01,9,9,0,,Complete Address,9406,63RD DR,,,,REGO PARK,NY,11374,Queens,406,30,4072132,4030830050,QN18,40.72877893,-73.86316979
A0137529,INS-000679442,09/29/2023,2023,BA-1538613-2022,BA-1538613,SUN MING JAN INC.,,Supermarket - 819,Scale,Scale,Scale Inspection,Computing Scale - 01,4,4,0,,Complete Address,145,NOLL ST,,,,BROOKLYN,NY,11206,Brooklyn,304,34,3071858,3031480038,BK78,40.70288795,-73.93118591
A0137529,INS-000679442,09/29/2023,2023,BA-1538613-2022,BA-1538613,SUN MING JAN INC.,,Supermarket - 819,Scale,Scale,Scale Inspection,Platform Scale - 02,1,1,0,,Complete Address,145,NOLL ST,,,,BROOKLYN,NY,11206,Brooklyn,304,34,3071858,3031480038,BK78,40.70288795,-73.93118591
A0185101,INS-000777328,08/27/2024,2024,BA-1707302-2024,BA-1707302,SUNWING SUPERMARKET INC.,,Supermarket - 819,Scale,Scale,Scale Inspection,Computing Scale - 01,5,5,0,,Complete Address,6501,7TH AVE,,,,BROOKLYN,NY,11220,Brooklyn,310,38,3144234,3058300006,BK34,40.63384624,-74.01480422
A0185101,INS-000777328,08/27/2024,2024,BA-1707302-2024,BA-1707302,SUNWING SUPERMARKET INC.,,Supermarket - 819,Scale,Scale,Scale Inspection,Platform Scale - 02,1,1,0,,Complete Address,6501,7TH AVE,,,,BROOKLYN,NY,11220,Brooklyn,310,38,3144234,3058300006,BK34,40.63384624,-74.01480422
A0185101,INS-000777328,08/27/2024,2024,BA-1707302-2024,BA-1707302,SUNWING SUPERMARKET INC.,,Supermarket - 819,Scale,Scale,Scale Inspection,Pre-pack Scale - 01,6,6,0,,Complete Address,6501,7TH AVE,,,,BROOKLYN,NY,11220,Brooklyn,310,38,3144234,3058300006,BK34,40.63384624,-74.01480422
A0154111,INS-000716192,02/12/2024,2024,BA-1532521-2022,BA-1532521,SUPER CLASSIC MEAT MARKET CORP,,Supermarket - 819,Scale,Scale,Scale Inspection,Computing Scale - 01,4,4,0,,Complete Address,3461,BROADWAY,,,,NEW YORK,NY,10031,Manhattan,109,7,1062330,1020880091,MN04,40.82398292,-73.95224832
A0152860,INS-000711301,02/02/2024,2024,BA-1534949-2022,BA-1534949,"SUPERIOR GOURMET MARKETPLACE, INC.",,Supermarket - 819,Scale,Scale,Scale Inspection,Computing Scale - 01,1,1,0,,Complete Address,555,10TH AVE,,,,NEW YORK,NY,10018,Manhattan,104,3,1089722,1010697501,MN13,40.75886028,-73.99604384
A0174652,INS-000755230,06/20/2024,2024,BA-1671127-2023,BA-1671127,SWADESHBD RX INC,,Supermarket - 819,Scale,Scale,Scale Inspection,Computing Scale - 01,6,6,0,,Complete Address,17025,HILLSIDE AVE,,,,JAMAICA,NY,11432,Queens,408,24,4438690,4098440042,QN06,40.71119316,-73.79170665
A0138746,INS-000681707,10/11/2023,2023,BA-1671127-2023,BA-1671127,SWADESHBD RX INC,,Supermarket - 819,Scale,Scale,Scale Inspection,Computing Scale - 01,6,6,0,,Complete Address,17025,HILLSIDE AVE,,,,JAMAICA,NY,11432,Queens,408,24,4438690,4098440042,QN06,40.71119316,-73.79170665
A0164958,INS-000736466,04/23/2024,2024,BA-1557358-2022,BA-1557358,"TAN & WHITE SUPERMARKET, INC.",,Supermarket - 819,Scale,Scale,Scale Inspection,Computing Scale - 01,13,13,0,,Complete Address,130,BLEECKER ST,,,,NEW YORK,NY,10012,Manhattan,102,2,1008242,1005240009,MN23,40.72783368,-73.99849909
A0167432,INS-000740661,05/03/2024,2024,BA-1539227-2022,BA-1539227,TANVI FOOD MARKET INC,,Supermarket - 819,Scale,Scale,Scale Inspection,Computing Scale - 01,6,6,0,,Complete Address,4614,DITMARS BLVD,,,,ASTORIA,NY,11105,Queens,401,22,4014523,4007680046,QN72,40.77000903,-73.90205047
A0129877,INS-000656566,08/01/2023,2023,BA-1539227-2022,BA-1539227,TANVI FOOD MARKET INC,,Supermarket - 819,Scale,Scale,Scale Inspection,Computing Scale - 01,5,5,0,,Complete Address,4614,DITMARS BLVD,,,,ASTORIA,NY,11105,Queens,401,22,4014523,4007680046,QN72,40.77000903,-73.90205047
A0190791,INS-000787720,09/27/2024,2024,BA-1563422-2022,BA-1563422,TAPSCOTT FINEST MEAT CORP.,,Supermarket - 819,Scale,Scale,Scale Inspection,Computing Scale - 01,11,11,0,,Complete Address,229,TAPSCOTT ST,,,,BROOKLYN,NY,11212,Brooklyn,316,41,3394445,3035650015,BK81,40.66221112,-73.91958923
A0189334,INS-000785122,09/20/2024,2024,BA-1705063-2024,BA-1705063,TASHKENT SUPERMARKET LLC,,Supermarket - 819,Scale,Scale,Scale Inspection,Computing Scale - 01,25,25,0,,Complete Address,3198,CONEY ISLAND AVE,,,,BROOKLYN,NY,11235,Brooklyn,313,48,3244991,3086780002,BK19,40.57802743,-73.9596491
A0209651,INS-000825768,01/30/2025,2025,BA-1538483-2022,BA-1538483,TASHKENT SUPERMARKET LLC,,Supermarket - 819,Scale,Scale,Scale Inspection,Computing Scale - 01,23,23,0,,Complete Address,713,BRIGHTON BEACH AVE,,,,BROOKLYN,NY,11235,Brooklyn,313,48,3244991,3086780002,BK19,40.57784379,-73.96040158
A0146939,INS-000738275,12/14/2023,2023,BA-1547869-2022,BA-1547869,TEJADA MEAT CORP.,,Supermarket - 819,Scale,Scale,,Computing Scale - 01,6,5,2,Confiscated,Complete Address,649,JACKSON AVE,,,,BRONX,NY,10455,Bronx,201,8,2004428,2026230191,BX34,40.81576052,-73.90818619
A0146939,INS-000738275,12/14/2023,2023,BA-1547869-2022,BA-1547869,TEJADA MEAT CORP.,,Supermarket - 819,Scale,Scale,Scale Inspection,Computing Scale - 01,6,5,1,Confiscated,Complete Address,649,JACKSON AVE,,,,BRONX,NY,10455,Bronx,201,8,2004428,2026230191,BX34,40.81576052,-73.90818619
A0148328,INS-000698969,12/27/2023,2023,BA-1547869-2022,BA-1547869,TEJADA MEAT CORP.,,Supermarket - 819,Scale,Scale,Scale Inspection,Computing Scale - 01,1,1,0,,Complete Address,649,JACKSON AVE,,,,BRONX,NY,10455,Bronx,201,8,2004428,2026230191,BX34,40.81576052,-73.90818619
A0154629,INS-000717294,02/15/2024,2024,BA-1547869-2022,BA-1547869,TEJADA MEAT CORP.,,Supermarket - 819,Scale,Scale,Scale Inspection,Computing Scale - 01,7,7,0,,Complete Address,649,JACKSON AVE,,,,BRONX,NY,10455,Bronx,201,8,2004428,2026230191,BX34,40.81576052,-73.90818619
A0141973,INS-000686836,11/03/2023,2023,BA-1539780-2022,BA-1539780,TEO FOOD CORP.,,Supermarket - 819,Scale - Condemned Follow-up,Scale,Scale Inspection,Computing Scale - 01,2,2,0,,Complete Address,206,E 167TH ST,,,,BRONX,NY,10456,Bronx,204,16,2002757,2024560227,BX14,40.83399165,-73.91634248
A0176479,INS-000758956,07/03/2024,2024,BA-1555604-2022,BA-1555604,THANKSGIVING SUPERMARKET INC,,Supermarket - 819,Scale,Scale,Scale Inspection,Computing Scale - 01,8,8,0,,Complete Address,2243,86TH ST,,,,BROOKLYN,NY,11214,Brooklyn,311,43,3165946,3063480059,BK28,40.60125254,-73.99267172
A0176479,INS-000758956,07/03/2024,2024,BA-1555604-2022,BA-1555604,THANKSGIVING SUPERMARKET INC,,Supermarket - 819,Scale,Scale,Scale Inspection,Customer Scale - 01,1,1,0,,Complete Address,2243,86TH ST,,,,BROOKLYN,NY,11214,Brooklyn,311,43,3165946,3063480059,BK28,40.60125254,-73.99267172
A0176479,INS-000758956,07/03/2024,2024,BA-1555604-2022,BA-1555604,THANKSGIVING SUPERMARKET INC,,Supermarket - 819,Scale,Scale,Scale Inspection,Pre-pack Scale - 01,6,6,0,,Complete Address,2243,86TH ST,,,,BROOKLYN,NY,11214,Brooklyn,311,43,3165946,3063480059,BK28,40.60125254,-73.99267172
A0210325,INS-000826961,02/04/2025,2025,BA-1555604-2022,BA-1555604,THANKSGIVING SUPERMARKET INC,,Supermarket - 819,Scale,Scale,Scale Inspection,Pre-pack Scale - 01,1,1,0,,Complete Address,2243,86TH ST,,,,BROOKLYN,NY,11214,Brooklyn,311,43,3165946,3063480059,BK28,40.60125254,-73.99267172
A0210325,INS-000826961,02/04/2025,2025,BA-1555604-2022,BA-1555604,THANKSGIVING SUPERMARKET INC,,Supermarket - 819,Scale,Scale,Scale Inspection,Customer Scale - 01,1,1,0,,Complete Address,2243,86TH ST,,,,BROOKLYN,NY,11214,Brooklyn,311,43,3165946,3063480059,BK28,40.60125254,-73.99267172
A0210325,INS-000826961,02/04/2025,2025,BA-1555604-2022,BA-1555604,THANKSGIVING SUPERMARKET INC,,Supermarket - 819,Scale,Scale,Scale Inspection,Computing Scale - 01,13,13,0,,Complete Address,2243,86TH ST,,,,BROOKLYN,NY,11214,Brooklyn,311,43,3165946,3063480059,BK28,40.60125254,-73.99267172
A0175057,INS-000756073,06/25/2024,2024,BA-1547099-2022,BA-1547099,"THE KOSHER FOOD DEPOT, INC.",,Supermarket - 819,Scale,Scale,Scale Inspection,Computing Scale - 01,9,9,0,,Complete Address,1279,42ND ST,,,,BROOKLYN,NY,11219,Brooklyn,312,39,3135691,3055930039,BK88,40.6393417,-73.98867883
A0201445,INS-000808789,11/29/2024,2024,BA-1519222-2022,BA-1519222,THE KOSHER GARDEN INC.,,Supermarket - 819,Scale,Scale,Scale Inspection,Computing Scale - 01,16,16,0,,Complete Address,1507,CONEY ISLAND AVE,,,,BROOKLYN,NY,11230,Brooklyn,314,44,3180216,3067220049,BK43,40.62087804,-73.9644249
A0126762,INS-000650749,07/03/2023,2023,BA-1519222-2022,BA-1519222,THE KOSHER GARDEN INC.,,Supermarket - 819,Scale,Scale,Scale Inspection,Computing Scale - 01,2,2,0,,Complete Address,1507,CONEY ISLAND AVE,,,,BROOKLYN,NY,11230,Brooklyn,314,44,3180216,3067220049,BK43,40.62087804,-73.9644249
A0132984,INS-000662241,08/25/2023,2023,BA-1544582-2022,BA-1544582,"THE NATURAL PARADISE, INC.",,Supermarket - 819,Scale,Scale,Scale Inspection,Computing Scale - 01,5,5,0,,Complete Address,2611,BROADWAY,,,,NEW YORK,NY,10025,Manhattan,107,7,1056410,1018700052,MN12,40.79630578,-73.97059018
A0214732,INS-000834410,03/05/2025,2025,BA-1544582-2022,BA-1544582,"THE NATURAL PARADISE, INC.",,Supermarket - 819,Scale,Scale,Scale Inspection,Computing Scale - 01,5,5,0,,Complete Address,2611,BROADWAY,,,,NEW YORK,NY,10025,Manhattan,107,7,1056410,1018700052,MN12,40.79630578,-73.97059018
A0190750,INS-000787654,09/27/2024,2024,BA-1561519-2022,BA-1561519,THE REAL CHANCE INC,,Supermarket - 819,Scale,Scale,Scale Inspection,Computing Scale - 01,1,1,0,,Complete Address,125,E 116TH ST,,,,NEW YORK,NY,10029,Manhattan,111,8,1052286,1016440012,MN34,40.79888333,-73.94221105
A0152960,INS-000711411,02/02/2024,2024,BA-1561519-2022,BA-1561519,THE REAL CHANCE INC,,Supermarket - 819,Scale,Scale,Scale Inspection,Computing Scale - 01,10,10,0,,Complete Address,125,E 116TH ST,,,,NEW YORK,NY,10029,Manhattan,111,8,1052286,1016440012,MN34,40.79888333,-73.94221105
A0134033,INS-000664668,09/05/2023,2023,BA-1645677-2023,BA-1645677,The Stop & Shop Supermarket Company LLC,,Supermarket - 819,Scale,Scale,Scale Inspection,No Fee Scale,0,0,0,,Complete Address,64-66,MYRTLE AVENUE,,,,GLENDALE,NY,11385,Queens,405,30,,,QN19,40.70106749,-73.89117354
A0133927,INS-000662721,09/01/2023,2023,BA-1645385-2023,BA-1645385,The Stop & Shop Supermarket Company LLC,,Supermarket - 819,Scale,Scale,Scale Inspection,Computing Scale - 01,25,25,0,,Complete Address,691,CO-OP CITY BOULEVARD,,,,BRONX,NY,10475,Bronx,210,12,2118946,2051410394,BX13,40.87978512,-73.82429214
A0203195,INS-000812014,12/11/2024,2024,BA-1555283-2022,BA-1555283,THE STOP & SHOP SUPERMARKET COMPANY LLC,,Supermarket - 819,Scale,Scale,Scale Inspection,Computing Scale - 01,28,28,0,,Complete Address,7417,GRAND AVE,,,,ELMHURST,NY,11373,Queens,405,30,4058131,4024920079,QN29,40.73024884,-73.88731935
A0209604,INS-000815060,01/30/2025,2025,BA-1666157-2023,BA-1666157,THE STOP & SHOP SUPERMARKET COMPANY LLC,,Supermarket - 819,Scale,Scale,Scale Inspection,Customer Scale - 01,1,1,0,,Complete Address,11215,BEACH CHANNEL DR,,,,BELLE HARBOR,NY,11694,Queens,414,32,4303766,4161660434,QN10,40.58275518,-73.83504237
A0215133,INS-000827594,03/07/2025,2025,BA-1720722-2025,BA-1720722,THE STOP & SHOP SUPERMARKET COMPANY LLC,,Supermarket - 819,Scale,Scale,Scale Inspection,Computing Scale - 01,1,1,0,,Complete Address,7417,GRAND AVE,,,,ELMHURST,NY,11373,Queens,405,30,4058131,4024920079,QN29,40.73024884,-73.88731935
A0217111,INS-000838645,03/19/2025,2025,BA-1566491-2022,BA-1566491,THYAGO INC,,Supermarket - 819,Scale,Scale,Scale Inspection,Computing Scale - 01,4,4,0,,Complete Address,4219,8TH AVE,,,,BROOKLYN,NY,11232,Brooklyn,312,38,3018331,3009250003,BK34,40.64543842,-73.99920363
A0217111,INS-000838645,03/19/2025,2025,BA-1566491-2022,BA-1566491,THYAGO INC,,Supermarket - 819,Scale,Scale,Scale Inspection,Customer Scale - 01,1,1,0,,Complete Address,4219,8TH AVE,,,,BROOKLYN,NY,11232,Brooklyn,312,38,3018331,3009250003,BK34,40.64543842,-73.99920363
A0217111,INS-000838645,03/19/2025,2025,BA-1566491-2022,BA-1566491,THYAGO INC,,Supermarket - 819,Scale,Scale,Scale Inspection,Pre-pack Scale - 01,2,2,0,,Complete Address,4219,8TH AVE,,,,BROOKLYN,NY,11232,Brooklyn,312,38,3018331,3009250003,BK34,40.64543842,-73.99920363
A0136968,INS-000663141,09/26/2023,2023,BA-1560807-2022,BA-1560807,TMI TRADING CORP.,,Supermarket - 819,Scale,Scale,Scale Inspection,Computing Scale - 01,17,17,0,,Complete Address,7,BUSHWICK PL,,,,BROOKLYN,NY,11206,Brooklyn,301,34,3325825,3030560074,BK78,40.70827471,-73.93874762
A0136968,INS-000663141,09/26/2023,2023,BA-1560807-2022,BA-1560807,TMI TRADING CORP.,,Supermarket - 819,Scale,Scale,Scale Inspection,Computing Scale - 02,3,3,0,,Complete Address,7,BUSHWICK PL,,,,BROOKLYN,NY,11206,Brooklyn,301,34,3325825,3030560074,BK78,40.70827471,-73.93874762
A0136968,INS-000663141,09/26/2023,2023,BA-1560807-2022,BA-1560807,TMI TRADING CORP.,,Supermarket - 819,Scale,Scale,Scale Inspection,Jewelry Scale,9,9,0,,Complete Address,7,BUSHWICK PL,,,,BROOKLYN,NY,11206,Brooklyn,301,34,3325825,3030560074,BK78,40.70827471,-73.93874762
A0198126,INS-000802478,11/08/2024,2024,BA-1543441-2022,BA-1543441,TOMPKINS FOOD CORP,,Supermarket - 819,Scale,Scale,Scale Inspection,Computing Scale - 01,10,10,0,,Complete Address,570,TOMPKINS AVE,,,,STATEN ISLAND,NY,10305,Staten Island,501,49,5044016,5029760016,SI37,40.61226214,-74.07106539
A0185287,INS-000777730,08/28/2024,2024,BA-1541902-2022,BA-1541902,TRADE BETTER SUPERMARKET CORP.,,Supermarket - 819,Scale,Scale,Scale Inspection,Computing Scale - 01,6,6,0,,Complete Address,10906,JAMAICA AVE,,,,RICHMOND HILL,NY,11418,Queens,409,29,4194761,4092990076,QN54,40.69597452,-73.83853798
A0179576,INS-000765120,07/24/2024,2024,BA-1565981-2022,BA-1565981,"TRADER JOE'S EAST, INC.",,Supermarket - 819,Scale,Scale,Scale Inspection,Computing Scale - 01,33,33,0,,Complete Address,130,COURT ST,,,,BROOKLYN,NY,11201,Brooklyn,306,39,3002983,3002860021,BK33,40.68955223,-73.99244206
A0181393,INS-000769484,08/02/2024,2024,BA-1509142-2022,BA-1509142,"TRADER JOE'S EAST, INC.",,Supermarket - 819,Scale,Scale,Scale Inspection,Customer Scale - 01,1,1,0,,Complete Address,9030,METROPOLITAN AVE,,,,REGO PARK,NY,11374,Queens,406,32,4095021,4038840034,QN19,40.7117373,-73.85911433
A0176991,INS-000759943,07/09/2024,2024,BA-1537193-2022,BA-1537193,"TRADER JOE'S EAST, INC.",,Supermarket - 819,Scale,Scale,Scale Inspection,Computing Scale - 01,1,1,0,,Complete Address,233,SPRING ST,,,,NEW YORK,NY,10013,Manhattan,102,3,1007824,1005050036,MN24,40.7255829,-74.00473709
A0131092,INS-000658835,08/11/2023,2023,BA-1543435-2022,BA-1543435,"TRADER JOE'S EAST, INC.",,Supermarket - 819,Scale,Scale,Scale Inspection,Computing Scale - 01,1,1,0,,Complete Address,142,E 14TH ST,,,,NEW YORK,NY,10003,Manhattan,103,2,1085790,1005590022,MN22,40.73359156,-73.9879159
A0204729,INS-000814902,12/20/2024,2024,BA-1543435-2022,BA-1543435,"TRADER JOE'S EAST, INC.",,Supermarket - 819,Scale,Scale,Scale Inspection,Computing Scale - 01,1,1,0,,Complete Address,142,E 14TH ST,,,,NEW YORK,NY,10003,Manhattan,103,2,1085790,1005590022,MN22,40.73359156,-73.9879159
A0165648,INS-000737589,04/25/2024,2024,BA-1636424-2023,BA-1636424,"TRADER JOE'S EAST, INC.",,Supermarket - 819,Scale,Scale,Scale Inspection,Customer Scale - 01,1,1,0,,Complete Address,675,AVENUE OF THE AMERICAS,,FRNT,1,NEW YORK,NY,10010,Manhattan,104,3,1014774,1007970037,MN13,40.74171923,-73.99367754
A0203049,INS-000811746,12/10/2024,2024,BA-1710231-2024,BA-1710231,TREASURE ISLAND PRODUCE CORPORATION,,Supermarket - 819,Scale,Scale,Scale Inspection,Computing Scale - 01,8,8,0,,Complete Address,192,KINGS HIGHWAY,,BLDG,,BROOKLYN,NY,11223,Brooklyn,311,43,3175319,3066200046,BK29,40.60560768,-73.98418286
A0176691,INS-000759340,07/05/2024,2024,BA-1551455-2022,BA-1551455,"TRIPLE FOOD, CORP.",,Supermarket - 819,Scale,Scale,Scale Inspection,Computing Scale - 01,7,7,0,,Complete Address,3909,103RD ST,,,,CORONA,NY,11368,Queens,403,21,4000000,4017700110,QN26,40.75050622,-73.86300967
A0176691,INS-000759340,07/05/2024,2024,BA-1551455-2022,BA-1551455,"TRIPLE FOOD, CORP.",,Supermarket - 819,Scale,Scale,Scale Inspection,Customer Scale - 01,1,1,0,,Complete Address,3909,103RD ST,,,,CORONA,NY,11368,Queens,403,21,4000000,4017700110,QN26,40.75050622,-73.86300967
A0176691,INS-000759340,07/05/2024,2024,BA-1551455-2022,BA-1551455,"TRIPLE FOOD, CORP.",,Supermarket - 819,Scale,Scale,Scale Inspection,Pre-pack Scale - 01,4,4,0,,Complete Address,3909,103RD ST,,,,CORONA,NY,11368,Queens,403,21,4000000,4017700110,QN26,40.75050622,-73.86300967
A0133934,INS-000663832,09/01/2023,2023,BA-1551455-2022,BA-1551455,"TRIPLE FOOD, CORP.",,Supermarket - 819,Scale,Scale,Scale Inspection,Computing Scale - 01,12,12,0,,Complete Address,3909,103RD ST,,,,CORONA,NY,11368,Queens,403,21,4000000,4017700110,QN26,40.75050622,-73.86300967
A0203341,INS-000812256,12/11/2024,2024,BA-1549146-2022,BA-1549146,U.S. 1 Supermarket Inc.,,Supermarket - 819,Scale,Scale,Scale Inspection,Computing Scale - 01,21,21,0,,Complete Address,3912,MAIN ST,,,,FLUSHING,NY,11354,Queens,407,20,4112311,4049760003,QN22,40.76010241,-73.83041228
A0203341,INS-000812256,12/11/2024,2024,BA-1549146-2022,BA-1549146,U.S. 1 Supermarket Inc.,,Supermarket - 819,Scale,Scale,Scale Inspection,Customer Scale - 01,1,1,0,,Complete Address,3912,MAIN ST,,,,FLUSHING,NY,11354,Queens,407,20,4112311,4049760003,QN22,40.76010241,-73.83041228
A0203341,INS-000812256,12/11/2024,2024,BA-1549146-2022,BA-1549146,U.S. 1 Supermarket Inc.,,Supermarket - 819,Scale,Scale,Scale Inspection,Pre-pack Scale - 01,3,3,0,,Complete Address,3912,MAIN ST,,,,FLUSHING,NY,11354,Queens,407,20,4112311,4049760003,QN22,40.76010241,-73.83041228
A0194555,INS-000795267,10/18/2024,2024,BA-1723092-2025,BA-1723092,U.S. SUPERMARKET INC.,,Supermarket - 819,Scale,Scale,Scale Inspection,Customer Scale - 01,1,1,0,,Complete Address,8266,BROADWAY,,,,ELMHURST,NY,11373,Queens,404,25,4439095,4015350095,QN50,40.74167693,-73.88080073
A0194555,INS-000795267,10/18/2024,2024,BA-1723092-2025,BA-1723092,U.S. SUPERMARKET INC.,,Supermarket - 819,Scale,Scale,Scale Inspection,Computing Scale - 01,17,17,0,,Complete Address,8266,BROADWAY,,,,ELMHURST,NY,11373,Queens,404,25,4439095,4015350095,QN50,40.74167693,-73.88080073
A0142092,INS-000687417,11/08/2023,2023,BA-1723092-2025,BA-1723092,U.S. SUPERMARKET INC.,,Supermarket - 819,Scale,Scale,Scale Inspection,Computing Scale - 01,19,19,0,,Complete Address,8266,BROADWAY,,,,ELMHURST,NY,11373,Queens,404,25,4439095,4015350095,QN50,40.74167693,-73.88080073
A0178153,INS-000762284,07/16/2024,2024,BA-1702578-2024,BA-1702578,UBI MARKET INC.,,Supermarket - 819,Scale,Scale,Scale Inspection,Computing Scale - 01,2,2,0,,Complete Address,655,GRAND ST,,,,BROOKLYN,NY,11211,Brooklyn,,,,,,40.71143216,-73.94619333
A0161987,INS-000731246,04/04/2024,2024,BA-1623692-2023,BA-1623692,UTICA MEAT & PRODUCE INC,,Supermarket - 819,Scale,Scale,Scale Inspection,Computing Scale - 01,4,4,0,,Complete Address,330,UTICA AVE,,,,BROOKLYN,NY,11213,Brooklyn,309,35,3037943,3014080040,BK61,40.66669273,-73.93133499
A0159092,INS-000726063,03/19/2024,2024,BA-1689148-2024,BA-1689148,V & W SUPERMARKET NY INC.,,Supermarket - 819,Scale,Scale,Scale Inspection,Computing Scale - 01,9,9,0,,Complete Address,2502,86TH ST,,,,BROOKLYN,NY,11214,Brooklyn,311,43,3185698,3068670036,BK29,40.59782929,-73.98705104
A0160102,INS-000728005,03/25/2024,2024,BA-1689741-2024,BA-1689741,VALUE FRESH MARKET INC.,,Supermarket - 819,Scale,Scale,Scale Inspection,Computing Scale - 01,5,5,0,,Complete Address,18220,JAMAICA AVE,,,,HOLLIS,NY,11423,Queens,412,27,4220097,4103250006,QN61,40.70885652,-73.77803643
A0203330,INS-000812240,12/11/2024,2024,BA-1716567-2024,BA-1716567,VANDERBILT FOOD CORP,,Supermarket - 819,Scale,Scale,Scale Inspection,Computing Scale - 01,13,13,0,,Complete Address,632,VANDERBILT AVE,,,,BROOKLYN,NY,11238,Brooklyn,308,35,3028742,3011580047,BK64,40.67729839,-73.96900228
A0152316,INS-000710246,01/30/2024,2024,BA-1504750-2022,BA-1504750,VEIPAS FOOD PLAZA CORP.,,Supermarket - 819,Scale,Scale,Scale Inspection,Computing Scale - 01,3,3,0,,Complete Address,7215,20 AVENUE,,,,BROOKLYN,NY,11204,Brooklyn,311,43,3158616,3061960001,BK28,40.61241818,-73.99011328
A0152316,INS-000710246,01/30/2024,2024,BA-1504750-2022,BA-1504750,VEIPAS FOOD PLAZA CORP.,,Supermarket - 819,Scale,Scale,Scale Inspection,Customer Scale - 01,1,1,0,,Complete Address,7215,20 AVENUE,,,,BROOKLYN,NY,11204,Brooklyn,311,43,3158616,3061960001,BK28,40.61241818,-73.99011328
A0152316,INS-000710246,01/30/2024,2024,BA-1504750-2022,BA-1504750,VEIPAS FOOD PLAZA CORP.,,Supermarket - 819,Scale,Scale,Scale Inspection,Pre-pack Scale - 01,3,3,0,,Complete Address,7215,20 AVENUE,,,,BROOKLYN,NY,11204,Brooklyn,311,43,3158616,3061960001,BK28,40.61241818,-73.99011328
A0179816,INS-000766255,07/25/2024,2024,BA-1691515-2024,BA-1691515,VERDE MARKET INC.,,Supermarket - 819,Scale,Scale,Scale Inspection,Computing Scale - 01,7,7,0,,Complete Address,646,DEAN ST,,,,BROOKLYN,NY,11238,Brooklyn,308,35,3330642,3011370040,BK64,40.68039449,-73.96898642
A0156531,INS-000721393,03/01/2024,2024,BA-1556226-2022,BA-1556226,VILLAGE BARN LTD,,Supermarket - 819,Scale,Scale,Scale Inspection,Computing Scale - 01,11,11,0,,Complete Address,8005,CALDWELL AVE,,,,MIDDLE VILLAGE,NY,11379,Queens,405,30,4066678,4029200031,QN21,40.7255995,-73.87946572
A0189108,INS-000784729,09/19/2024,2024,BA-1557066-2022,BA-1557066,VILLAGE ENTERPRISES LLC,,Supermarket - 819,Scale,Scale,Scale Inspection,Computing Scale - 01,16,16,0,,Complete Address,424,AVENUE OF THE AMERICAS,,,,NEW YORK,NY,10011,Manhattan,102,2,1009504,1005737502,MN23,40.73433052,-73.99903297
A0189108,INS-000784729,09/19/2024,2024,BA-1557066-2022,BA-1557066,VILLAGE ENTERPRISES LLC,,Supermarket - 819,Scale,Scale,Scale Inspection,Customer Scale - 01,1,1,0,,Complete Address,424,AVENUE OF THE AMERICAS,,,,NEW YORK,NY,10011,Manhattan,102,2,1009504,1005737502,MN23,40.73433052,-73.99903297
A0189108,INS-000784729,09/19/2024,2024,BA-1557066-2022,BA-1557066,VILLAGE ENTERPRISES LLC,,Supermarket - 819,Scale,Scale,Scale Inspection,Pre-pack Scale - 01,4,4,0,,Complete Address,424,AVENUE OF THE AMERICAS,,,,NEW YORK,NY,10011,Manhattan,102,2,1009504,1005737502,MN23,40.73433052,-73.99903297
A0156814,INS-000719274,03/04/2024,2024,BA-1564137-2022,BA-1564137,"VILLAGE SUPER MARKET OF NY, LLC",,Supermarket - 819,Scale,Scale,Scale Inspection,Computing Scale - 01,44,44,0,,Complete Address,1994,BRUCKNER BLVD,,,,BRONX,NY,10473,Bronx,209,18,2094838,2036730002,BX09,40.82582913,-73.85776349
A0164326,INS-000735389,04/18/2024,2024,BA-1564137-2022,BA-1564137,"VILLAGE SUPER MARKET OF NY, LLC",,Supermarket - 819,Scale,Scale,Scale Inspection,Computing Scale - 01,2,2,0,,Complete Address,1994,BRUCKNER BLVD,,,,BRONX,NY,10473,Bronx,209,18,2094838,2036730002,BX09,40.82582913,-73.85776349
A0159904,INS-000722791,03/22/2024,2024,BA-1700504-2024,BA-1700504,VILLAGE SUPERMARKET LLC,,Supermarket - 819,Scale,Scale,Scale Inspection,Computing Scale - 01,36,36,0,,Complete Address,400,WALNUT AVE,,,,BRONX,NY,10454,Bronx,201,8,2004053,2025990089,BX39,40.80518335,-73.90601542
A0170410,INS-000740823,05/22/2024,2024,BA-1700504-2024,BA-1700504,VILLAGE SUPERMARKET LLC,,Supermarket - 819,Scale,Scale,Scale Inspection,Computing Scale - 01,3,3,0,,Complete Address,400,WALNUT AVE,,,,BRONX,NY,10454,Bronx,201,8,2004053,2025990089,BX39,40.80518335,-73.90601542
A0176041,INS-000758150,06/26/2024,2024,BA-1535591-2022,BA-1535591,"VSM GOURMET, LLC",,Supermarket - 819,Scale,Scale,Scale Inspection,Computing Scale - 01,13,13,0,,Complete Address,366,BROADWAY,,,,NEW YORK,NY,10013,Manhattan,101,1,1001862,1001720001,MN24,40.71759021,-74.00340178
A0143061,INS-000687128,11/16/2023,2023,BA-1535591-2022,BA-1535591,"VSM GOURMET, LLC",,Supermarket - 819,Scale,Scale,Scale Inspection,Computing Scale - 01,2,2,0,,Complete Address,366,BROADWAY,,,,NEW YORK,NY,10013,Manhattan,101,1,1001862,1001720001,MN24,40.71759021,-74.00340178
A0150882,INS-000704028,01/22/2024,2024,BA-1563888-2022,BA-1563888,VSM NY Holdings LLC,,Supermarket - 819,Scale,Scale,Scale Inspection,Computing Scale - 01,1,1,0,,Complete Address,550,2ND AVE,,,,NEW YORK,NY,10016,Manhattan,106,4,1087237,1009360001,MN20,40.7425516,-73.97743445
A0148613,INS-000696629,12/29/2023,2023,BA-1563888-2022,BA-1563888,VSM NY Holdings LLC,,Supermarket - 819,Scale,Scale,Scale Inspection,Computing Scale - 01,1,1,0,,Complete Address,550,2ND AVE,,,,NEW YORK,NY,10016,Manhattan,106,4,1087237,1009360001,MN20,40.7425516,-73.97743445
A0148060,INS-000695175,12/22/2023,2023,BA-1553356-2022,BA-1553356,VSM NY Holdings LLC,,Supermarket - 819,Scale,Scale,Scale Inspection,Pre-pack Scale - 01,2,2,0,,Complete Address,766,AVENUE OF THE AMERICAS,,,,NEW YORK,NY,10010,Manhattan,105,3,1087526,1008270001,MN13,40.74451325,-73.99161661
A0143647,INS-000687291,11/20/2023,2023,BA-1563888-2022,BA-1563888,VSM NY Holdings LLC,,Supermarket - 819,Scale,Scale,Scale Inspection,Computing Scale - 01,14,14,0,,Complete Address,550,2ND AVE,,,,NEW YORK,NY,10016,Manhattan,106,4,1087237,1009360001,MN20,40.7425516,-73.97743445
A0130900,INS-000655343,08/10/2023,2023,BA-1553356-2022,BA-1553356,VSM NY Holdings LLC,,Supermarket - 819,Scale,Scale,Scale Inspection,Computing Scale - 01,1,1,0,,Complete Address,766,AVENUE OF THE AMERICAS,,,,NEW YORK,NY,10010,Manhattan,105,3,1087526,1008270001,MN13,40.74451325,-73.99161661
A0165047,INS-000734374,04/23/2024,2024,BA-1622454-2023,BA-1622454,VSM NY HOLDINGS LLC,,Supermarket - 819,Scale,Scale,Scale Inspection,Computing Scale - 01,1,1,0,,Complete Address,240,E 86TH ST,,,,NEW YORK,NY,10028,Manhattan,108,5,1048773,1015310029,MN32,40.77820374,-73.95254473
A0156806,INS-000721916,03/04/2024,2024,BA-1622454-2023,BA-1622454,VSM NY HOLDINGS LLC,,Supermarket - 819,Scale,Scale,,Computing Scale - 01,40,40,0,,Complete Address,240,EAST 86 STREET,,,,NEW YORK,NY,10028,Manhattan,108,5,1048773,1015310029,MN32,40.77820374,-73.95254473
A0181027,INS-000768831,08/01/2024,2024,BA-1553356-2022,BA-1553356,VSM NY Holdings LLC,,Supermarket - 819,Scale,Scale,Scale Inspection,Computing Scale - 01,5,5,0,,Complete Address,766,AVENUE OF THE AMERICAS,,,,NEW YORK,NY,10010,Manhattan,105,3,1087526,1008270001,MN13,40.74451325,-73.99161661
A0143463,INS-000687910,11/20/2023,2023,BA-1622454-2023,BA-1622454,VSM NY HOLDINGS LLC,,Supermarket - 819,Scale,Scale,Scale Inspection,Computing Scale - 01,9,9,0,,Complete Address,240,E 86TH ST,,,,NEW YORK,NY,10028,Manhattan,108,5,1048773,1015310029,MN32,40.77820374,-73.95254473
A0148060,INS-000695175,12/22/2023,2023,BA-1553356-2022,BA-1553356,VSM NY Holdings LLC,,Supermarket - 819,Scale,Scale,Scale Inspection,Computing Scale - 01,10,10,0,,Complete Address,766,AVENUE OF THE AMERICAS,,,,NEW YORK,NY,10010,Manhattan,105,3,1087526,1008270001,MN13,40.74451325,-73.99161661
A0148613,INS-000696629,12/29/2023,2023,BA-1563888-2022,BA-1563888,VSM NY Holdings LLC,,Supermarket - 819,Scale,Scale,Scale Inspection,Pre-pack Scale - 01,3,3,0,,Complete Address,550,2ND AVE,,,,NEW YORK,NY,10016,Manhattan,106,4,1087237,1009360001,MN20,40.7425516,-73.97743445
A0162286,INS-000731759,04/05/2024,2024,BA-1553356-2022,BA-1553356,VSM NY Holdings LLC,,Supermarket - 819,Scale,Scale,Scale Inspection,Computing Scale - 01,12,12,0,,Complete Address,766,AVENUE OF THE AMERICAS,,,,NEW YORK,NY,10010,Manhattan,105,3,1087526,1008270001,MN13,40.74451325,-73.99161661
A0148142,INS-000696144,12/22/2023,2023,BA-1622454-2023,BA-1622454,VSM NY HOLDINGS LLC,,Supermarket - 819,Scale,Scale,Scale Inspection,Computing Scale - 01,7,7,0,,Complete Address,240,E 86TH ST,,,,NEW YORK,NY,10028,Manhattan,108,5,1048773,1015310029,MN32,40.77820374,-73.95254473
A0211400,INS-000827187,02/11/2025,2025,BA-1536548-2022,BA-1536548,VSM NY Holdings LLC,,Supermarket - 819,Scale,Scale,Scale Inspection,Computing Scale - 01,43,43,0,,Complete Address,400,WALNUT AVE,,,,BRONX,NY,10454,Bronx,201,8,2004053,2025990089,BX39,40.80518335,-73.90601542
A0210896,INS-000827920,02/06/2025,2025,BA-1563888-2022,BA-1563888,VSM NY Holdings LLC,,Supermarket - 819,Scale,Scale,Scale Inspection,Computing Scale - 01,33,33,0,,Complete Address,550,2ND AVE,,,,NEW YORK,NY,10016,Manhattan,106,4,1087237,1009360001,MN20,40.7425516,-73.97743445
A0211400,INS-000827187,02/11/2025,2025,BA-1536548-2022,BA-1536548,VSM NY Holdings LLC,,Supermarket - 819,Scale,Scale,Scale Inspection,Computing Scale - 02,10,10,0,,Complete Address,400,WALNUT AVE,,,,BRONX,NY,10454,Bronx,201,8,2004053,2025990089,BX39,40.80518335,-73.90601542
A0179703,INS-000765509,07/24/2024,2024,BA-1576271-2023,BA-1576271,W FRESH LLC,,Supermarket - 819,Scale,Scale,Scale Inspection,Computing Scale - 01,5,5,0,,Complete Address,184,WALLABOUT ST,,,,BROOKLYN,NY,11206,Brooklyn,301,33,3061382,3022630025,BK75,40.69990264,-73.95551087
A0162312,INS-000731800,04/05/2024,2024,BA-1556538-2022,BA-1556538,WAVERLY MEAT & GROCERY INC.,,Supermarket - 819,Scale,Scale,Scale Inspection,Computing Scale - 01,10,10,0,,Complete Address,367,WAVERLY AVENUE,,,,BROOKLYN,NY,11238,Brooklyn,302,35,3055468,3019450004,BK69,40.68708832,-73.96661072
A0178454,INS-000754467,07/17/2024,2024,BA-1716341-2024,BA-1716341,"WEGMANS FOOD MARKETS, INC.",,Supermarket - 819,Scale,Scale,Scale Inspection,Pre-pack Scale - 01,8,8,0,,Complete Address,21,FLUSHING AVE,,,,BROOKLYN,NY,11205,Brooklyn,302,33,3421807,3020230050,BK99,40.69817458,-73.97874415
A0185380,INS-000775723,08/28/2024,2024,BA-1716341-2024,BA-1716341,"WEGMANS FOOD MARKETS, INC.",,Supermarket - 819,Scale,Scale,Scale Inspection,Computing Scale - 01,3,3,0,,Complete Address,21,FLUSHING AVE,,,,BROOKLYN,NY,11205,Brooklyn,302,33,3421807,3020230050,BK99,40.69817458,-73.97874415
A0167872,INS-000726687,05/07/2024,2024,BA-1716341-2024,BA-1716341,"WEGMANS FOOD MARKETS, INC.",,Supermarket - 819,Scale,Scale,Scale Inspection,Computing Scale - 01,60,60,0,,Complete Address,21,FLUSHING AVE,,,,BROOKLYN,NY,11205,Brooklyn,302,33,3421807,3020230050,BK99,40.69817458,-73.97874415
A0167872,INS-000726687,05/07/2024,2024,BA-1716341-2024,BA-1716341,"WEGMANS FOOD MARKETS, INC.",,Supermarket - 819,Scale,Scale,Scale Inspection,Customer Scale - 01,10,10,0,,Complete Address,21,FLUSHING AVE,,,,BROOKLYN,NY,11205,Brooklyn,302,33,3421807,3020230050,BK99,40.69817458,-73.97874415
A0167872,INS-000726687,05/07/2024,2024,BA-1716341-2024,BA-1716341,"WEGMANS FOOD MARKETS, INC.",,Supermarket - 819,Scale,Scale,Scale Inspection,Pre-pack Scale - 01,12,12,0,,Complete Address,21,FLUSHING AVE,,,,BROOKLYN,NY,11205,Brooklyn,302,33,3421807,3020230050,BK99,40.69817458,-73.97874415
A0136555,INS-000657986,09/22/2023,2023,BA-1716341-2024,BA-1716341,"WEGMANS FOOD MARKETS, INC.",,Supermarket - 819,Scale,Scale,Scale Inspection,Computing Scale - 01,5,5,0,,Complete Address,21,FLUSHING AVE,,,,BROOKLYN,NY,11205,Brooklyn,302,33,3421807,3020230050,BK99,40.69817458,-73.97874415
A0130976,INS-000662742,08/07/2023,2023,BA-1716341-2024,BA-1716341,"WEGMANS FOOD MARKETS, INC.",,Supermarket - 819,Scale,Scale,Scale Inspection,Computing Scale - 01,83,83,0,,Complete Address,21,FLUSHING AVE,,,,BROOKLYN,NY,11205,Brooklyn,302,33,3421807,3020230050,BK99,40.69817458,-73.97874415
A0142168,INS-000681734,11/08/2023,2023,BA-1673145-2023,BA-1673145,"WEGMANS FOOD MARKETS, INC.",,Supermarket - 819,Scale,Scale,Scale Inspection,Pre-pack Scale - 01,2,2,0,,Complete Address,770,BROADWAY,,,,NEW YORK,NY,10003,Manhattan,102,2,1008952,1005540001,MN23,40.73084162,-73.99140185
A0148064,INS-000695429,12/22/2023,2023,BA-1673145-2023,BA-1673145,"WEGMANS FOOD MARKETS, INC.",,Supermarket - 819,Scale,Scale,Scale Inspection,Pre-pack Scale - 01,1,1,0,,Complete Address,770,BROADWAY,,,,NEW YORK,NY,10003,Manhattan,102,2,1008952,1005540001,MN23,40.73084162,-73.99140185
A0142168,INS-000681734,11/08/2023,2023,BA-1673145-2023,BA-1673145,"WEGMANS FOOD MARKETS, INC.",,Supermarket - 819,Scale,Scale,Scale Inspection,Customer Scale - 01,4,4,0,,Complete Address,770,BROADWAY,,,,NEW YORK,NY,10003,Manhattan,102,2,1008952,1005540001,MN23,40.73084162,-73.99140185
A0194620,INS-000794164,10/18/2024,2024,BA-1673145-2023,BA-1673145,"WEGMANS FOOD MARKETS, INC.",,Supermarket - 819,Scale,Scale,Scale Inspection,Computing Scale - 01,91,91,0,,Complete Address,770,BROADWAY,,,,NEW YORK,NY,10003,Manhattan,102,2,1008952,1005540001,MN23,40.73084162,-73.99140185
A0142168,INS-000681734,11/08/2023,2023,BA-1673145-2023,BA-1673145,"WEGMANS FOOD MARKETS, INC.",,Supermarket - 819,Scale,Scale,Scale Inspection,Computing Scale - 01,84,84,0,,Complete Address,770,BROADWAY,,,,NEW YORK,NY,10003,Manhattan,102,2,1008952,1005540001,MN23,40.73084162,-73.99140185
A0142168,INS-000681734,11/08/2023,2023,BA-1673145-2023,BA-1673145,"WEGMANS FOOD MARKETS, INC.",,Supermarket - 819,Scale,Scale,Scale Inspection,Computing Scale - 02,2,2,0,,Complete Address,770,BROADWAY,,,,NEW YORK,NY,10003,Manhattan,102,2,1008952,1005540001,MN23,40.73084162,-73.99140185
A0142168,INS-000681734,11/08/2023,2023,BA-1673145-2023,BA-1673145,"WEGMANS FOOD MARKETS, INC.",,Supermarket - 819,Scale,Scale,Scale Inspection,Pre-pack Scale - 02,3,3,0,,Complete Address,770,BROADWAY,,,,NEW YORK,NY,10003,Manhattan,102,2,1008952,1005540001,MN23,40.73084162,-73.99140185
A0212452,INS-000830720,02/19/2025,2025,BA-1673145-2023,BA-1673145,"WEGMANS FOOD MARKETS, INC.",,Supermarket - 819,Scale,Scale,Scale Inspection,Computing Scale - 01,84,84,0,,Complete Address,770,BROADWAY,,,,NEW YORK,NY,10003,Manhattan,102,2,1008952,1005540001,MN23,40.73084162,-73.99140185
A0176000,INS-000758048,06/26/2024,2024,BA-1598504-2023,BA-1598504,WEST END BROOKLYN FARE LLC,,Supermarket - 819,Scale,Scale,Scale Inspection,Computing Scale - 01,19,19,0,,Complete Address,75,W END AVE,,,,NEW YORK,NY,10023,Manhattan,107,6,1088686,1011710063,MN14,40.77421942,-73.98923718
A0169322,INS-000744460,05/15/2024,2024,BA-1504165-2022,BA-1504165,WESTERN BEEF RETAIL,,Supermarket - 819,Scale,Scale,Scale Inspection,Computing Scale - 01,7,6,2,Confiscated,Complete Address,431,W 16TH ST,,,,NEW YORK,NY,10011,Manhattan,104,3,1012543,1007140016,MN13,40.74288577,-74.00582817
A0169322,INS-000744460,05/15/2024,2024,BA-1504165-2022,BA-1504165,WESTERN BEEF RETAIL,,Supermarket - 819,Scale,Scale,Scale Inspection,Pre-pack Scale - 01,5,4,2,Confiscated,Complete Address,431,W 16TH ST,,,,NEW YORK,NY,10011,Manhattan,104,3,1012543,1007140016,MN13,40.74288577,-74.00582817
A0169322,INS-000744460,05/15/2024,2024,BA-1504165-2022,BA-1504165,WESTERN BEEF RETAIL,,Supermarket - 819,Scale,Scale,Scale Inspection,Misc Scale - 01,1,1,0,,Complete Address,431,W 16TH ST,,,,NEW YORK,NY,10011,Manhattan,104,3,1012543,1007140016,MN13,40.74288577,-74.00582817
A0173015,INS-000748778,06/11/2024,2024,BA-1552631-2022,BA-1552631,WESTERN BEEF RETAIL INC.,,Supermarket - 819,Scale,Scale,Scale Inspection,Computing Scale - 01,1,1,0,,Complete Address,431,W 16TH ST,,,,NEW YORK,NY,10011,Manhattan,104,3,1012543,1007140016,MN13,40.74288577,-74.00582817
A0184390,INS-000775722,08/22/2024,2024,BA-1552631-2022,BA-1552631,WESTERN BEEF RETAIL INC.,,Supermarket - 819,Scale,Scale,Scale Inspection,Computing Scale - 01,1,1,0,,Complete Address,431,W 16TH ST,,,,NEW YORK,NY,10011,Manhattan,104,3,1012543,1007140016,MN13,40.74288577,-74.00582817
A0213470,INS-000832335,02/26/2025,2025,BA-1552631-2022,BA-1552631,WESTERN BEEF RETAIL INC.,,Supermarket - 819,Scale,Scale,Scale Inspection,Computing Scale - 01,10,10,0,,Complete Address,431,W 16TH ST,,,,NEW YORK,NY,10011,Manhattan,104,3,1012543,1007140016,MN13,40.74288577,-74.00582817
A0161003,INS-000720470,03/29/2024,2024,BA-1538819-2022,BA-1538819,"WESTERN BEEF RETAIL, INC.",,Supermarket - 819,Scale,Scale,Scale Inspection,Computing Scale - 01,17,17,0,,Complete Address,2040,FOREST AVE,,,,STATEN ISLAND,NY,10303,Staten Island,501,49,5110626,5016960008,SI12,40.62601678,-74.15654113
A0161003,INS-000720470,03/29/2024,2024,BA-1538819-2022,BA-1538819,"WESTERN BEEF RETAIL, INC.",,Supermarket - 819,Scale,Scale,Scale Inspection,Pre-pack Scale - 01,7,7,0,,Complete Address,2040,FOREST AVE,,,,STATEN ISLAND,NY,10303,Staten Island,501,49,5110626,5016960008,SI12,40.62601678,-74.15654113
A0155508,INS-000710130,02/23/2024,2024,BA-1542809-2022,BA-1542809,"WESTERN BEEF RETAIL, INC.",,Supermarket - 819,Scale,Scale,Scale Inspection,Computing Scale - 01,12,12,0,,Complete Address,1041,PROSPECT AVE,,FRNT,1,BRONX,NY,10459,Bronx,203,17,2097205,2026790001,BX33,40.82474226,-73.89952737
A0168616,INS-000740708,05/10/2024,2024,BA-1631414-2023,BA-1631414,"WESTERN BEEF RETAIL, INC.",,Supermarket - 819,Scale,Scale,Scale Inspection,Computing Scale - 01,1,1,0,,Complete Address,831,ROSEDALE AVENUE,,,,BRONX,NY,10473,Bronx,209,18,2022546,2036360005,BX09,40.82187121,-73.86693468
A0168616,INS-000740708,05/10/2024,2024,BA-1631414-2023,BA-1631414,"WESTERN BEEF RETAIL, INC.",,Supermarket - 819,Scale,Scale,Scale Inspection,Misc Scale - 01,1,1,0,,Complete Address,831,ROSEDALE AVENUE,,,,BRONX,NY,10473,Bronx,209,18,2022546,2036360005,BX09,40.82187121,-73.86693468
A0174978,INS-000755937,06/25/2024,2024,BA-1549923-2022,BA-1549923,"WESTERN BEEF RETAIL, INC.",,Supermarket - 819,Scale,Scale,Scale Inspection,Platform Scale - 01,10,10,0,,Complete Address,814,JAMAICA AVE,,,,BROOKLYN,NY,11208,Brooklyn,305,37,3090932,3041050036,BK83,40.68900941,-73.8746892
A0202327,INS-000810410,12/05/2024,2024,BA-1564505-2022,BA-1564505,"WESTERN BEEF RETAIL, INC.",,Supermarket - 819,Scale,Scale,Scale Inspection,Computing Scale - 01,18,18,0,,Complete Address,2050,WEBSTER AVE,,,,BRONX,NY,10457,Bronx,206,15,2011117,2030290015,BX41,40.85125003,-73.89878609
A0159086,INS-000723859,03/19/2024,2024,BA-1562064-2022,BA-1562064,"WESTERN BEEF RETAIL, INC.",,Supermarket - 819,Scale,Scale,Scale Inspection,Computing Scale - 01,15,15,0,,Complete Address,44,EMPIRE BOULEVARD,,,,BROOKLYN,NY,11225,Brooklyn,309,40,3034713,3013130001,BK60,40.66330291,-73.96048061
A0164490,INS-000731602,04/18/2024,2024,BA-1559348-2022,BA-1559348,"WESTERN BEEF RETAIL, INC.",,Supermarket - 819,Scale,Scale,Scale Inspection,Computing Scale - 01,8,8,0,,Complete Address,1564,SOUTHERN BLVD,,,,BRONX,NY,10460,Bronx,203,17,2010592,2029820020,BX75,40.83466881,-73.8893505
A0164490,INS-000731602,04/18/2024,2024,BA-1559348-2022,BA-1559348,"WESTERN BEEF RETAIL, INC.",,Supermarket - 819,Scale,Scale,Scale Inspection,Pre-pack Scale - 01,5,5,0,,Complete Address,1564,SOUTHERN BLVD,,,,BRONX,NY,10460,Bronx,203,17,2010592,2029820020,BX75,40.83466881,-73.8893505
A0168642,INS-000741816,05/10/2024,2024,BA-1542809-2022,BA-1542809,"WESTERN BEEF RETAIL, INC.",,Supermarket - 819,Scale,Scale,Scale Inspection,Computing Scale - 01,1,1,0,,Complete Address,1041,PROSPECT AVE,,FRNT,1,BRONX,NY,10459,Bronx,203,17,2097205,2026790001,BX33,40.82474226,-73.89952737
A0168668,INS-000741815,05/10/2024,2024,BA-1559348-2022,BA-1559348,"WESTERN BEEF RETAIL, INC.",,Supermarket - 819,Scale,Scale,Scale Inspection,Computing Scale - 01,1,1,0,,Complete Address,1564,SOUTHERN BLVD,,,,BRONX,NY,10460,Bronx,203,17,2010592,2029820020,BX75,40.83466881,-73.8893505
A0147060,INS-000696726,12/15/2023,2023,BA-1538819-2022,BA-1538819,"WESTERN BEEF RETAIL, INC.",,Supermarket - 819,Scale,Scale,Scale Inspection,Computing Scale - 01,24,24,0,,Complete Address,2040,FOREST AVE,,,,STATEN ISLAND,NY,10303,Staten Island,501,49,5110626,5016960008,SI12,40.62601678,-74.15654113
A0164490,INS-000731602,04/18/2024,2024,BA-1559348-2022,BA-1559348,"WESTERN BEEF RETAIL, INC.",,Supermarket - 819,Scale,Scale,Scale Inspection,Customer Scale - 01,1,0,3,Confiscated,Complete Address,1564,SOUTHERN BLVD,,,,BRONX,NY,10460,Bronx,203,17,2010592,2029820020,BX75,40.83466881,-73.8893505
A0183937,INS-000767249,08/20/2024,2024,BA-1531788-2022,BA-1531788,"WESTERN BEEF RETAIL, INC.",,Supermarket - 819,Scale,Scale,Scale Inspection,Computing Scale - 01,2,2,0,,Complete Address,301,MORRIS AVE,,,,BRONX,NY,10451,Bronx,201,8,2000956,2023330054,BX39,40.812381,-73.92623189
A0178446,INS-000759167,07/17/2024,2024,BA-1531788-2022,BA-1531788,"WESTERN BEEF RETAIL, INC.",,Supermarket - 819,Scale,Scale,Scale Inspection,Computing Scale - 01,17,17,0,,Complete Address,301,MORRIS AVE,,,,BRONX,NY,10451,Bronx,201,8,2000956,2023330054,BX39,40.812381,-73.92623189
A0168973,INS-000740703,05/14/2024,2024,BA-1531788-2022,BA-1531788,"WESTERN BEEF RETAIL, INC.",,Supermarket - 819,Scale,Scale,Scale Inspection,Computing Scale - 01,1,1,0,,Complete Address,301,MORRIS AVE,,,,BRONX,NY,10451,Bronx,201,8,2000956,2023330054,BX39,40.812381,-73.92623189
A0208116,INS-000821426,01/17/2025,2025,BA-1550503-2022,BA-1550503,"WESTERN BEEF RETAIL, INC.",,Supermarket - 819,Scale,Scale,Scale Inspection,Computing Scale - 01,18,18,0,,Complete Address,13035,MERRICK BLVD,,,,JAMAICA,NY,11434,Queens,412,27,4442286,4124940008,QN08,40.68014801,-73.76247017
A0209892,INS-000822419,01/31/2025,2025,BA-1564505-2022,BA-1564505,"WESTERN BEEF RETAIL, INC.",,Supermarket - 819,Scale,Scale,Scale Inspection,Computing Scale - 01,22,22,0,,Complete Address,2050,WEBSTER AVE,,,,BRONX,NY,10457,Bronx,206,15,2011117,2030290015,BX41,40.85125003,-73.89878609
A0210862,INS-000827856,02/06/2025,2025,BA-1549923-2022,BA-1549923,"WESTERN BEEF RETAIL, INC.",,Supermarket - 819,Scale,Scale,Scale Inspection,Computing Scale - 01,10,10,0,,Complete Address,814,JAMAICA AVE,,,,BROOKLYN,NY,11208,Brooklyn,305,37,3090932,3041050036,BK83,40.68900941,-73.8746892
A0213876,INS-000832039,02/28/2025,2025,BA-1564505-2022,BA-1564505,"WESTERN BEEF RETAIL, INC.",,Supermarket - 819,Scale,Scale,Scale Inspection,Computing Scale - 01,4,4,0,,Complete Address,2050,WEBSTER AVE,,,,BRONX,NY,10457,Bronx,206,15,2011117,2030290015,BX41,40.85125003,-73.89878609
A0152058,INS-000709552,01/29/2024,2024,BA-1550547-2022,BA-1550547,WESTSIDE SUPERMARKET LLC,,Supermarket - 819,Scale,Scale,Scale Inspection,Pre-pack Scale - 01,16,16,0,,Complete Address,77,7 AVENUE,,,,NEW YORK,NY,10011,Manhattan,104,3,1014515,1007900001,MN13,40.73890603,-73.99941541
A0152058,INS-000709552,01/29/2024,2024,BA-1550547-2022,BA-1550547,WESTSIDE SUPERMARKET LLC,,Supermarket - 819,Scale,Scale,Scale Inspection,Computing Scale - 01,7,7,0,,Complete Address,77,7 AVENUE,,,,NEW YORK,NY,10011,Manhattan,104,3,1014515,1007900001,MN13,40.73890603,-73.99941541
A0212166,INS-000830261,02/18/2025,2025,BA-1550547-2022,BA-1550547,WESTSIDE SUPERMARKET LLC,,Supermarket - 819,Scale,Scale,Scale Inspection,Computing Scale - 01,13,13,0,,Complete Address,77,7 AVENUE,,,,NEW YORK,NY,10011,Manhattan,104,3,1014515,1007900001,MN13,40.73890603,-73.99941541
A0212166,INS-000830261,02/18/2025,2025,BA-1550547-2022,BA-1550547,WESTSIDE SUPERMARKET LLC,,Supermarket - 819,Scale,Scale,Scale Inspection,Pre-pack Scale - 01,9,9,0,,Complete Address,77,7 AVENUE,,,,NEW YORK,NY,10011,Manhattan,104,3,1014515,1007900001,MN13,40.73890603,-73.99941541
A0216737,INS-000838005,03/18/2025,2025,BA-1550547-2022,BA-1550547,WESTSIDE SUPERMARKET LLC,,Supermarket - 819,Scale,Scale,Scale Inspection,Computing Scale - 01,4,4,0,,Complete Address,77,7 AVENUE,,,,NEW YORK,NY,10011,Manhattan,104,3,1014515,1007900001,MN13,40.73890603,-73.99941541
A0150884,INS-000703530,01/22/2024,2024,BA-1635369-2023,BA-1635369,WHOLE FOODS MARKET GROUP INC,,Supermarket - 819,Scale,Scale,Scale Inspection,Computing Scale - 01,3,3,0,,Complete Address,100,W 125TH ST,,,,NEW YORK,NY,10027,Manhattan,110,9,1089325,1019090033,MN11,40.80787677,-73.9457469
A0128885,INS-000652998,07/20/2023,2023,BA-1539093-2022,BA-1539093,WHOLE FOODS MARKET GROUP INC,,Supermarket - 819,Scale,Scale,Scale Inspection,Computing Scale - 01,1,1,0,,Complete Address,63,MADISON AVE,,,,NEW YORK,NY,10016,Manhattan,105,2,1016889,1008570024,MN13,40.74347794,-73.98607001
A0174813,INS-000755553,06/21/2024,2024,BA-1539093-2022,BA-1539093,WHOLE FOODS MARKET GROUP INC,,Supermarket - 819,Scale,Scale,Scale Inspection,Computing Scale - 01,75,75,0,,Complete Address,63,MADISON AVE,,,,NEW YORK,NY,10016,Manhattan,105,2,1016889,1008570024,MN13,40.74347794,-73.98607001
A0131944,INS-000658608,08/18/2023,2023,BA-1632224-2023,BA-1632224,WHOLE FOODS MARKET GROUP INC,,Supermarket - 819,Scale,Scale,Scale Inspection,Computing Scale - 01,4,4,0,,Complete Address,4,UNION SQ S,,,,NEW YORK,NY,10003,Manhattan,102,2,1009216,1005650011,MN23,40.73510698,-73.99146264
A0163216,INS-000733388,04/11/2024,2024,BA-1635369-2023,BA-1635369,WHOLE FOODS MARKET GROUP INC,,Supermarket - 819,Scale,Scale,Scale Inspection,Computing Scale - 01,34,34,0,,Complete Address,100,W 125TH ST,,,,NEW YORK,NY,10027,Manhattan,110,9,1089325,1019090033,MN11,40.80787677,-73.9457469
A0153796,INS-000715469,02/08/2024,2024,BA-1537337-2022,BA-1537337,WHOLE FOODS MARKET GROUP INC,,Supermarket - 819,Scale,Scale,Scale Inspection,Computing Scale - 01,22,22,0,,Complete Address,1095,AVENUE OF THE AMERICAS,,,,NEW YORK,NY,10036,Manhattan,105,4,1087119,1009947501,MN17,40.75468726,-73.9842413
A0150884,INS-000703530,01/22/2024,2024,BA-1635369-2023,BA-1635369,WHOLE FOODS MARKET GROUP INC,,Supermarket - 819,Scale,Scale,Scale Inspection,Pre-pack Scale - 01,1,1,0,,Complete Address,100,W 125TH ST,,,,NEW YORK,NY,10027,Manhattan,110,9,1089325,1019090033,MN11,40.80787677,-73.9457469
A0203517,INS-000812595,12/12/2024,2024,BA-1632224-2023,BA-1632224,WHOLE FOODS MARKET GROUP INC,,Supermarket - 819,Scale,Scale,Scale Inspection,Computing Scale - 01,61,61,0,,Complete Address,4,UNION SQ S,,,,NEW YORK,NY,10003,Manhattan,102,2,1009216,1005650011,MN23,40.73510698,-73.99146264
A0206811,INS-000818932,01/09/2025,2025,BA-1537337-2022,BA-1537337,WHOLE FOODS MARKET GROUP INC,,Supermarket - 819,Scale,Scale,Scale Inspection,Computing Scale - 01,27,27,0,,Complete Address,1095,AVENUE OF THE AMERICAS,,,,NEW YORK,NY,10036,Manhattan,105,4,1087119,1009947501,MN17,40.75468726,-73.9842413
A0130208,INS-000654133,08/04/2023,2023,BA-1576016-2023,BA-1576016,"WHOLE FOODS MARKET GROUP, INC",,Supermarket - 819,Scale,Scale,Scale Inspection,Computing Scale - 01,1,1,0,,Complete Address,1,WALL STREET,,,,NEW YORK,NY,10005,Manhattan,101,1,1000815,1000237501,MN25,40.70727757,-74.0119098
A0168733,INS-000743180,05/10/2024,2024,BA-1576016-2023,BA-1576016,"WHOLE FOODS MARKET GROUP, INC",,Supermarket - 819,Scale,Scale,Scale Inspection,Customer Scale - 01,1,1,0,,Complete Address,1,WALL STREET,,,,NEW YORK,NY,10005,Manhattan,101,1,1000815,1000237501,MN25,40.70727757,-74.0119098
A0168733,INS-000743180,05/10/2024,2024,BA-1576016-2023,BA-1576016,"WHOLE FOODS MARKET GROUP, INC",,Supermarket - 819,Scale,Scale,Scale Inspection,Computing Scale - 01,57,57,0,,Complete Address,1,WALL STREET,,,,NEW YORK,NY,10005,Manhattan,101,1,1000815,1000237501,MN25,40.70727757,-74.0119098
A0168733,INS-000743180,05/10/2024,2024,BA-1576016-2023,BA-1576016,"WHOLE FOODS MARKET GROUP, INC",,Supermarket - 819,Scale,Scale,Scale Inspection,Misc Scale - 01,2,2,0,,Complete Address,1,WALL STREET,,,,NEW YORK,NY,10005,Manhattan,101,1,1000815,1000237501,MN25,40.70727757,-74.0119098
A0217228,INS-000838835,03/20/2025,2025,BA-1576016-2023,BA-1576016,"WHOLE FOODS MARKET GROUP, INC",,Supermarket - 819,Scale,Scale,Scale Inspection,Computing Scale - 01,39,39,0,,Complete Address,1,WALL STREET,,,,NEW YORK,NY,10005,Manhattan,101,1,1000815,1000237501,MN25,40.70727757,-74.0119098
A0217228,INS-000838835,03/20/2025,2025,BA-1576016-2023,BA-1576016,"WHOLE FOODS MARKET GROUP, INC",,Supermarket - 819,Scale,Scale,Scale Inspection,Platform Scale - 01,17,17,0,,Complete Address,1,WALL STREET,,,,NEW YORK,NY,10005,Manhattan,101,1,1000815,1000237501,MN25,40.70727757,-74.0119098
A0217228,INS-000838835,03/20/2025,2025,BA-1576016-2023,BA-1576016,"WHOLE FOODS MARKET GROUP, INC",,Supermarket - 819,Scale,Scale,Scale Inspection,Customer Scale - 02,1,1,0,,Complete Address,1,WALL STREET,,,,NEW YORK,NY,10005,Manhattan,101,1,1000815,1000237501,MN25,40.70727757,-74.0119098
A0128342,INS-000651235,07/14/2023,2023,BA-1517508-2022,BA-1517508,"WHOLE FOODS MARKET GROUP, INC.",,Supermarket - 819,Scale,Scale,Scale Inspection,Computing Scale - 01,4,4,0,,Complete Address,95,E HOUSTON ST,,,,NEW YORK,NY,10002,Manhattan,103,1,1087241,1004277504,MN27,40.72402097,-73.99225055
A0134022,INS-000663982,09/01/2023,2023,BA-1666523-2023,BA-1666523,"WHOLE FOODS MARKET GROUP, INC.",,Supermarket - 819,Scale,Scale,Scale Inspection,Computing Scale - 01,64,64,0,,Complete Address,450,W 33RD ST,,,,NEW YORK,NY,10001,Manhattan,104,3,1089695,1007297507,MN13,40.75356299,-73.99881252
A0178576,INS-000763115,07/17/2024,2024,BA-1517508-2022,BA-1517508,"WHOLE FOODS MARKET GROUP, INC.",,Supermarket - 819,Scale,Scale,Scale Inspection,Pre-pack Scale - 01,3,3,0,,Complete Address,95,E HOUSTON ST,,,,NEW YORK,NY,10002,Manhattan,103,1,1087241,1004277504,MN27,40.72402097,-73.99225055
A0178576,INS-000763115,07/17/2024,2024,BA-1517508-2022,BA-1517508,"WHOLE FOODS MARKET GROUP, INC.",,Supermarket - 819,Scale,Scale,Scale Inspection,Computing Scale - 01,56,56,0,,Complete Address,95,E HOUSTON ST,,,,NEW YORK,NY,10002,Manhattan,103,1,1087241,1004277504,MN27,40.72402097,-73.99225055
A0195416,INS-000797097,10/23/2024,2024,BA-1666523-2023,BA-1666523,"WHOLE FOODS MARKET GROUP, INC.",,Supermarket - 819,Scale,Scale,Scale Inspection,Computing Scale - 01,67,67,0,,Complete Address,450,W 33RD ST,,,,NEW YORK,NY,10001,Manhattan,104,3,1089695,1007297507,MN13,40.75356299,-73.99881252
A0195416,INS-000797097,10/23/2024,2024,BA-1666523-2023,BA-1666523,"WHOLE FOODS MARKET GROUP, INC.",,Supermarket - 819,Scale,Scale,Scale Inspection,Pre-pack Scale - 01,3,3,0,,Complete Address,450,W 33RD ST,,,,NEW YORK,NY,10001,Manhattan,104,3,1089695,1007297507,MN13,40.75356299,-73.99881252
A0161693,INS-000730750,04/03/2024,2024,BA-1518185-2022,BA-1518185,WILL GROCERY & MEAT INC,,Supermarket - 819,Scale,Scale,Scale Inspection,Computing Scale - 01,5,5,0,,Complete Address,250,WILLIS AVE,,,,BRONX,NY,10454,Bronx,201,8,2092092,2022830001,BX39,40.80929365,-73.92273853
A0161693,INS-000730750,04/03/2024,2024,BA-1518185-2022,BA-1518185,WILL GROCERY & MEAT INC,,Supermarket - 819,Scale,Scale,Scale Inspection,Misc Scale - 01,1,1,0,,Complete Address,250,WILLIS AVE,,,,BRONX,NY,10454,Bronx,201,8,2092092,2022830001,BX39,40.80929365,-73.92273853
A0163171,INS-000734200,04/11/2024,2024,BA-1557944-2022,BA-1557944,WS MARKET LLC,,Supermarket - 819,Scale,Scale,Scale Inspection,Computing Scale - 01,28,28,0,,Complete Address,2840,BROADWAY,,,,NEW YORK,NY,10025,Manhattan,109,7,1088200,1018827502,MN09,40.80430557,-73.96658443
A0201676,INS-000809301,12/03/2024,2024,BA-1604834-2023,BA-1604834,YOGI ORGANIC MARKET INC,,Supermarket - 819,Scale,Scale,Scale Inspection,Computing Scale - 01,4,4,0,,Complete Address,8401,37TH AVE,,,,JACKSON HEIGHTS,NY,11372,Queens,403,25,4035835,4014587501,QN28,40.74996489,-73.88231257
A0141533,INS-000686458,11/01/2023,2023,BA-1604834-2023,BA-1604834,YOGI ORGANIC MARKET INC,,Supermarket - 819,Scale,Scale,Scale Inspection,Computing Scale - 01,7,7,0,,Complete Address,8401,37TH AVE,,,,JACKSON HEIGHTS,NY,11372,Queens,403,25,4035835,4014587501,QN28,40.74996489,-73.88231257
A0150363,INS-000703772,01/17/2024,2024,BA-1564834-2022,BA-1564834,YOUJIN CORPORATION,,Supermarket - 819,Scale,Scale,Scale Inspection,Computing Scale - 01,3,3,0,,Complete Address,8129,LEFFERTS BLVD,,,,KEW GARDENS,NY,11415,Queens,409,29,4437659,4033380006,QN60,40.70880028,-73.83051756
A0150363,INS-000703772,01/17/2024,2024,BA-1564834-2022,BA-1564834,YOUJIN CORPORATION,,Supermarket - 819,Scale,Scale,Scale Inspection,Customer Scale - 01,1,1,0,,Complete Address,8129,LEFFERTS BLVD,,,,KEW GARDENS,NY,11415,Queens,409,29,4437659,4033380006,QN60,40.70880028,-73.83051756
A0150363,INS-000703772,01/17/2024,2024,BA-1564834-2022,BA-1564834,YOUJIN CORPORATION,,Supermarket - 819,Scale,Scale,Scale Inspection,Pre-pack Scale - 01,2,2,0,,Complete Address,8129,LEFFERTS BLVD,,,,KEW GARDENS,NY,11415,Queens,409,29,4437659,4033380006,QN60,40.70880028,-73.83051756
A0178460,INS-000762903,07/17/2024,2024,BA-1536985-2022,BA-1536985,YS FOOD CORP.,,Supermarket - 819,Scale,Scale,Scale Inspection,Computing Scale - 01,10,10,0,,Complete Address,7176,YELLOWSTONE BLVD,,,,FOREST HILLS,NY,11375,Queens,406,29,4074896,4031630032,QN17,40.72083148,-73.85531075
A0176020,INS-000758104,06/25/2024,2024,BA-1504442-2022,BA-1504442,Z & T FOOD CORP.,,Supermarket - 819,Scale,Scale,Scale Inspection,Computing Scale - 01,7,7,0,,Complete Address,6209,ROOSEVELT AVE,,,,WOODSIDE,NY,11377,Queens,402,26,4028382,4012320054,QN63,40.74575908,-73.90190929
A0176020,INS-000758104,06/25/2024,2024,BA-1504442-2022,BA-1504442,Z & T FOOD CORP.,,Supermarket - 819,Scale,Scale,Scale Inspection,Customer Scale - 01,1,1,0,,Complete Address,6209,ROOSEVELT AVE,,,,WOODSIDE,NY,11377,Queens,402,26,4028382,4012320054,QN63,40.74575908,-73.90190929
A0176020,INS-000758104,06/25/2024,2024,BA-1504442-2022,BA-1504442,Z & T FOOD CORP.,,Supermarket - 819,Scale,Scale,Scale Inspection,Pre-pack Scale - 01,2,2,0,,Complete Address,6209,ROOSEVELT AVE,,,,WOODSIDE,NY,11377,Queens,402,26,4028382,4012320054,QN63,40.74575908,-73.90190929
A0132165,INS-000660901,08/21/2023,2023,BA-1504442-2022,BA-1504442,Z & T FOOD CORP.,,Supermarket - 819,Scale,Scale,Scale Inspection,Computing Scale - 01,10,10,0,,Complete Address,6209,ROOSEVELT AVE,,,,WOODSIDE,NY,11377,Queens,402,26,4028382,4012320054,QN63,40.74575908,-73.90190929
A0149693,INS-000701722,01/10/2024,2024,BA-1560511-2022,BA-1560511,Z & Z MARKET INC,,Supermarket - 819,Scale,Scale,Scale Inspection,Computing Scale - 01,9,9,0,,Complete Address,6511,BAY PKWY,,,,BROOKLYN,NY,11204,Brooklyn,311,43,3173308,3065780001,BK29,40.6137703,-73.98149759
A0206425,INS-000818182,01/07/2025,2025,BA-1560511-2022,BA-1560511,Z & Z MARKET INC,,Supermarket - 819,Scale,Scale,Scale Inspection,Computing Scale - 01,8,8,0,,Complete Address,6511,BAY PKWY,,,,BROOKLYN,NY,11204,Brooklyn,311,43,3173308,3065780001,BK29,40.6137703,-73.98149759
A0139886,INS-000683638,10/19/2023,2023,BA-1510465-2022,BA-1510465,ZABARS & CO. INC.,,Supermarket - 819,Scale,Scale,Scale Inspection,Computing Scale - 01,40,40,0,,Complete Address,2245,BROADWAY,,,,NEW YORK,NY,10024,Manhattan,107,6,1081046,1012280008,MN12,40.78471943,-73.97933762
A0174476,INS-000754923,06/20/2024,2024,BA-1565491-2022,BA-1565491,ZAFER FOOD CORP.,,Supermarket - 819,Scale,Scale,Scale Inspection,Computing Scale - 01,8,8,0,,Complete Address,29,BELMONT AVE,,,,BROOKLYN,NY,11212,Brooklyn,316,41,3081095,3035230037,BK81,40.66860698,-73.90922145
A0175527,INS-000757063,06/27/2024,2024,BA-1539419-2022,BA-1539419,ZAHER MEAT CORP,,Supermarket - 819,Scale,Scale,Scale Inspection,Computing Scale - 01,4,4,0,,Complete Address,6376,WOODHAVEN BLVD,,,,REGO PARK,NY,11374,Queens,405,30,4070116,4030140014,QN21,40.72260019,-73.86761632
A0175527,INS-000757063,06/27/2024,2024,BA-1539419-2022,BA-1539419,ZAHER MEAT CORP,,Supermarket - 819,Scale,Scale,Scale Inspection,Customer Scale - 01,1,1,0,,Complete Address,6376,WOODHAVEN BLVD,,,,REGO PARK,NY,11374,Queens,405,30,4070116,4030140014,QN21,40.72260019,-73.86761632
A0175527,INS-000757063,06/27/2024,2024,BA-1539419-2022,BA-1539419,ZAHER MEAT CORP,,Supermarket - 819,Scale,Scale,Scale Inspection,Pre-pack Scale - 01,2,2,0,,Complete Address,6376,WOODHAVEN BLVD,,,,REGO PARK,NY,11374,Queens,405,30,4070116,4030140014,QN21,40.72260019,-73.86761632