NAME,B19013_001E,B02001_002E,B02001_003E,B02001_004E,B02001_005E,B02001_006E,B02001_007E,B02001_008E,state,county,tract
Census Tract 1; Bronx County; New York,-666666666,1393,1610,10,79,0,240,206,36,Bronx,000100
Census Tract 2; Bronx County; New York,121171,782,1671,0,311,0,1874,539,36,Bronx,000200
Census Tract 4; Bronx County; New York,98242,532,2767,0,19,0,2351,812,36,Bronx,000400
Census Tract 16; Bronx County; New York,42957,260,2357,151,282,0,2360,601,36,Bronx,001600
Census Tract 19.01; Bronx County; New York,67361,513,1154,36,12,0,566,120,36,Bronx,001901
Census Tract 19.02; Bronx County; New York,76429,115,423,26,23,500,565,327,36,Bronx,001902
Census Tract 19.03; Bronx County; New York,-666666666,0,0,0,0,0,0,0,36,Bronx,001903
Census Tract 19.04; Bronx County; New York,-666666666,0,0,0,0,0,0,0,36,Bronx,001904
Census Tract 20.01; Bronx County; New York,23208,626,1775,53,0,0,1316,530,36,Bronx,002001
Census Tract 20.02; Bronx County; New York,18029,596,1069,0,0,0,1511,513,36,Bronx,002002
Census Tract 23; Bronx County; New York,18750,456,1695,219,0,0,1565,592,36,Bronx,002300
Census Tract 24; Bronx County; New York,-666666666,0,0,0,0,0,0,0,36,Bronx,002400
Census Tract 25; Bronx County; New York,27207,1056,1540,248,0,0,1712,904,36,Bronx,002500
Census Tract 27.01; Bronx County; New York,18788,150,906,0,27,0,1572,175,36,Bronx,002701
Census Tract 27.02; Bronx County; New York,31379,235,1857,58,0,0,2193,813,36,Bronx,002702
Census Tract 28; Bronx County; New York,66235,591,3514,54,0,0,1071,190,36,Bronx,002800
Census Tract 31; Bronx County; New York,43480,393,1053,13,343,0,633,206,36,Bronx,003100
Census Tract 33; Bronx County; New York,37957,262,1395,93,0,0,1464,193,36,Bronx,003300
Census Tract 35; Bronx County; New York,34508,289,1391,6,24,0,993,826,36,Bronx,003500
Census Tract 37; Bronx County; New York,-666666666,24,117,0,0,0,57,87,36,Bronx,003700
Census Tract 38; Bronx County; New York,42614,34,145,0,46,0,900,90,36,Bronx,003800
Census Tract 39; Bronx County; New York,28508,905,240,287,113,47,3670,1084,36,Bronx,003900
Census Tract 40.01; Bronx County; New York,76050,142,212,27,397,0,462,138,36,Bronx,004001
Census Tract 41; Bronx County; New York,21819,746,2432,46,68,0,2092,888,36,Bronx,004100
Census Tract 42; Bronx County; New York,52974,1086,3991,49,18,0,1939,893,36,Bronx,004200
Census Tract 43; Bronx County; New York,29704,636,1682,44,0,0,1649,1030,36,Bronx,004300
Census Tract 44; Bronx County; New York,21016,513,1679,14,141,0,1583,393,36,Bronx,004400
Census Tract 46; Bronx County; New York,21346,439,567,0,0,0,347,431,36,Bronx,004600
Census Tract 48; Bronx County; New York,45118,434,903,0,130,0,2399,273,36,Bronx,004800
Census Tract 50.01; Bronx County; New York,35164,80,1461,231,67,0,2410,348,36,Bronx,005001
Census Tract 50.02; Bronx County; New York,36066,119,1598,164,0,43,3650,764,36,Bronx,005002
Census Tract 51; Bronx County; New York,25468,651,3266,0,0,0,1843,1035,36,Bronx,005100
Census Tract 52; Bronx County; New York,35147,119,656,56,0,0,833,123,36,Bronx,005200
Census Tract 53; Bronx County; New York,22352,517,2321,0,0,0,1632,126,36,Bronx,005300
Census Tract 54; Bronx County; New York,58452,92,1674,148,133,0,2400,859,36,Bronx,005400
Census Tract 56; Bronx County; New York,47628,58,411,30,107,0,1515,410,36,Bronx,005600
Census Tract 59.02; Bronx County; New York,46902,795,701,0,62,0,572,914,36,Bronx,005902
Census Tract 60; Bronx County; New York,53371,53,264,11,0,0,515,377,36,Bronx,006000
Census Tract 61; Bronx County; New York,75608,326,3148,10,30,0,221,100,36,Bronx,006100
Census Tract 62; Bronx County; New York,27243,265,2540,0,24,0,3103,274,36,Bronx,006200
Census Tract 63.01; Bronx County; New York,58118,1551,3042,0,100,0,1257,294,36,Bronx,006301
Census Tract 63.02; Bronx County; New York,-666666666,0,0,0,0,0,0,0,36,Bronx,006302
Census Tract 64; Bronx County; New York,40778,239,1300,0,59,0,1666,583,36,Bronx,006400
Census Tract 65; Bronx County; New York,24184,1325,1924,0,69,2,1596,266,36,Bronx,006500
Census Tract 67; Bronx County; New York,-666666666,119,1847,0,0,283,2243,1400,36,Bronx,006700
Census Tract 68; Bronx County; New York,33996,310,388,0,334,0,1426,163,36,Bronx,006800
Census Tract 69; Bronx County; New York,32199,635,2452,16,38,0,2434,949,36,Bronx,006900
Census Tract 70; Bronx County; New York,43672,459,990,0,385,0,2047,320,36,Bronx,007000
Census Tract 71; Bronx County; New York,34853,319,837,0,79,0,964,363,36,Bronx,007100
Census Tract 72; Bronx County; New York,64464,476,815,5,2553,8,1188,326,36,Bronx,007200
Census Tract 73; Bronx County; New York,31442,419,2102,184,72,45,1416,317,36,Bronx,007300
Census Tract 74; Bronx County; New York,52641,285,1540,0,0,0,961,495,36,Bronx,007400
Census Tract 75; Bronx County; New York,35892,1161,2164,53,61,0,1675,1429,36,Bronx,007500
Census Tract 76; Bronx County; New York,53650,271,1418,101,568,0,2522,437,36,Bronx,007600
Census Tract 77; Bronx County; New York,44447,315,521,51,0,0,845,264,36,Bronx,007700
Census Tract 78; Bronx County; New York,58513,878,1317,0,266,0,3082,315,36,Bronx,007800
Census Tract 79; Bronx County; New York,36514,164,2120,209,0,57,2526,1911,36,Bronx,007900
Census Tract 83; Bronx County; New York,53560,379,1303,99,22,0,4104,681,36,Bronx,008300
Census Tract 84; Bronx County; New York,57083,400,1086,0,275,0,707,248,36,Bronx,008400
Census Tract 85; Bronx County; New York,43531,723,1550,18,140,0,2464,770,36,Bronx,008500
Census Tract 86; Bronx County; New York,24023,633,1769,0,185,0,982,548,36,Bronx,008600
Census Tract 87; Bronx County; New York,40708,445,1600,0,0,0,3062,1192,36,Bronx,008700
Census Tract 89; Bronx County; New York,36625,347,469,154,0,26,1737,260,36,Bronx,008900
Census Tract 90; Bronx County; New York,33275,594,1334,105,71,0,911,578,36,Bronx,009000
Census Tract 92; Bronx County; New York,56913,790,566,83,1470,0,2246,520,36,Bronx,009200
Census Tract 93.01; Bronx County; New York,54241,430,1621,30,0,154,2312,1068,36,Bronx,009301
Census Tract 93.02; Bronx County; New York,-666666666,92,202,14,18,0,29,50,36,Bronx,009302
Census Tract 96; Bronx County; New York,53523,349,311,0,429,0,1029,234,36,Bronx,009600
Census Tract 98; Bronx County; New York,67500,1040,1239,0,247,0,1445,676,36,Bronx,009800
Census Tract 110; Bronx County; New York,-666666666,0,0,0,0,0,0,0,36,Bronx,011000
Census Tract 115.02; Bronx County; New York,30172,211,1387,10,28,0,1479,735,36,Bronx,011502
Census Tract 117.01; Bronx County; New York,35298,8,229,64,0,0,896,121,36,Bronx,011701
Census Tract 117.02; Bronx County; New York,-666666666,0,0,0,0,0,0,0,36,Bronx,011702
Census Tract 118; Bronx County; New York,100500,3882,253,20,114,0,520,749,36,Bronx,011800
Census Tract 119; Bronx County; New York,36250,302,2370,6,0,90,1977,1144,36,Bronx,011900
Census Tract 121.01; Bronx County; New York,51205,244,1096,97,19,32,1397,528,36,Bronx,012101
Census Tract 121.02; Bronx County; New York,43032,76,809,28,0,0,525,57,36,Bronx,012102
Census Tract 123; Bronx County; New York,36154,179,2229,0,50,0,1403,231,36,Bronx,012300
Census Tract 125; Bronx County; New York,58333,359,721,0,0,0,1992,1074,36,Bronx,012500
Census Tract 127.01; Bronx County; New York,49784,214,624,0,0,0,982,565,36,Bronx,012701
Census Tract 129.01; Bronx County; New York,35521,530,1310,31,0,0,2423,967,36,Bronx,012901
Census Tract 130; Bronx County; New York,65357,649,9,0,18,0,342,311,36,Bronx,013000
Census Tract 131; Bronx County; New York,18408,619,2197,141,0,0,1757,496,36,Bronx,013100
Census Tract 132; Bronx County; New York,108582,2236,1173,0,687,134,1159,1737,36,Bronx,013200
Census Tract 133; Bronx County; New York,31762,425,2138,0,425,0,1764,1086,36,Bronx,013300
Census Tract 135; Bronx County; New York,30865,580,1907,0,58,0,406,344,36,Bronx,013500
Census Tract 138; Bronx County; New York,90032,1653,432,21,318,0,377,156,36,Bronx,013800
Census Tract 141; Bronx County; New York,35238,236,3189,64,25,0,2413,937,36,Bronx,014100
Census Tract 143; Bronx County; New York,16734,77,704,50,116,0,391,347,36,Bronx,014300
Census Tract 144; Bronx County; New York,32197,607,2348,63,55,0,2276,1116,36,Bronx,014400
Census Tract 145; Bronx County; New York,28022,386,4399,0,0,0,1282,493,36,Bronx,014500
Census Tract 147.01; Bronx County; New York,23500,302,3154,0,30,0,829,836,36,Bronx,014701
Census Tract 147.02; Bronx County; New York,21533,519,2303,0,0,45,1102,1016,36,Bronx,014702
Census Tract 149; Bronx County; New York,35213,578,1896,0,0,0,1759,522,36,Bronx,014900
Census Tract 151; Bronx County; New York,30558,467,3072,0,0,0,1631,244,36,Bronx,015100
Census Tract 152; Bronx County; New York,84265,1099,326,0,36,0,709,431,36,Bronx,015200
Census Tract 153; Bronx County; New York,34704,337,1618,0,0,0,592,955,36,Bronx,015300
Census Tract 155; Bronx County; New York,42118,135,1096,30,31,0,1417,445,36,Bronx,015500
Census Tract 157; Bronx County; New York,45731,411,3011,13,23,0,1488,1013,36,Bronx,015700
Census Tract 158; Bronx County; New York,81000,805,103,0,99,0,400,218,36,Bronx,015800
Census Tract 159; Bronx County; New York,24654,68,642,9,83,0,830,521,36,Bronx,015900
Census Tract 160; Bronx County; New York,97445,2621,180,50,330,0,702,180,36,Bronx,016000
Census Tract 161; Bronx County; New York,23466,793,1686,0,0,0,1361,949,36,Bronx,016100
Census Tract 162; Bronx County; New York,102361,652,132,0,171,0,542,305,36,Bronx,016200
Census Tract 163; Bronx County; New York,-666666666,0,0,0,0,0,0,0,36,Bronx,016300
Census Tract 164; Bronx County; New York,95781,491,55,11,342,0,61,147,36,Bronx,016400
Census Tract 165; Bronx County; New York,59000,50,803,0,0,0,328,52,36,Bronx,016500
Census Tract 166; Bronx County; New York,107344,599,390,32,130,0,1006,230,36,Bronx,016600
Census Tract 167; Bronx County; New York,36181,153,1546,31,0,0,762,711,36,Bronx,016700
Census Tract 169; Bronx County; New York,47610,100,820,12,0,0,415,412,36,Bronx,016900
Census Tract 171; Bronx County; New York,-666666666,0,0,0,0,0,0,0,36,Bronx,017100
Census Tract 173; Bronx County; New York,-666666666,977,2335,196,49,0,1381,319,36,Bronx,017300
Census Tract 175; Bronx County; New York,-666666666,566,4259,138,0,0,1218,263,36,Bronx,017500
Census Tract 177.01; Bronx County; New York,46070,295,2407,39,99,0,770,956,36,Bronx,017701
Census Tract 177.02; Bronx County; New York,38897,775,2961,134,166,0,637,563,36,Bronx,017702
Census Tract 179.01; Bronx County; New York,45292,394,1591,53,220,0,1915,820,36,Bronx,017901
Census Tract 179.02; Bronx County; New York,46230,179,1660,0,0,0,1198,534,36,Bronx,017902
Census Tract 181.01; Bronx County; New York,55400,86,1408,38,2,0,1693,118,36,Bronx,018101
Census Tract 181.02; Bronx County; New York,36334,179,2105,228,6,0,1731,654,36,Bronx,018102
Census Tract 183.01; Bronx County; New York,54226,1015,1489,0,122,0,1037,764,36,Bronx,018301
Census Tract 183.02; Bronx County; New York,65196,37,1437,409,1,0,959,458,36,Bronx,018302
Census Tract 184; Bronx County; New York,101705,1806,248,0,703,0,810,427,36,Bronx,018400
Census Tract 185.01; Bronx County; New York,-666666666,237,1625,0,0,0,857,435,36,Bronx,018501
Census Tract 185.02; Bronx County; New York,32656,1022,2327,0,0,0,2011,1298,36,Bronx,018502
Census Tract 189; Bronx County; New York,48054,933,3549,80,50,0,2901,862,36,Bronx,018900
Census Tract 193; Bronx County; New York,41268,1034,3124,0,0,0,1030,563,36,Bronx,019300
Census Tract 194; Bronx County; New York,87188,492,452,0,158,0,603,261,36,Bronx,019400
Census Tract 195; Bronx County; New York,37374,660,3367,33,56,0,2187,983,36,Bronx,019500
Census Tract 197; Bronx County; New York,24383,1289,1417,61,229,0,3892,590,36,Bronx,019700
Census Tract 199; Bronx County; New York,31228,550,3007,0,0,0,2674,1069,36,Bronx,019900
Census Tract 200; Bronx County; New York,47161,602,499,0,1471,0,1949,404,36,Bronx,020000
Census Tract 201; Bronx County; New York,36218,385,1201,15,18,0,1623,708,36,Bronx,020100
Census Tract 202; Bronx County; New York,52061,257,270,0,386,0,1461,223,36,Bronx,020200
Census Tract 204; Bronx County; New York,60504,555,316,11,403,0,1179,502,36,Bronx,020400
Census Tract 205.01; Bronx County; New York,20821,1540,2020,19,35,0,2741,964,36,Bronx,020501
Census Tract 205.02; Bronx County; New York,41125,257,1028,0,24,0,693,399,36,Bronx,020502
Census Tract 206.01; Bronx County; New York,59138,208,220,46,913,0,866,294,36,Bronx,020601
Census Tract 209; Bronx County; New York,39795,684,2183,0,29,15,1501,813,36,Bronx,020900
Census Tract 210.01; Bronx County; New York,46223,416,4356,14,868,0,1347,518,36,Bronx,021001
Census Tract 210.02; Bronx County; New York,70500,599,3080,268,1568,0,1557,381,36,Bronx,021002
Census Tract 211; Bronx County; New York,50204,775,2074,178,73,0,2176,1015,36,Bronx,021100
Census Tract 212; Bronx County; New York,69088,442,1892,65,1701,0,796,331,36,Bronx,021200
Census Tract 213.01; Bronx County; New York,47959,77,449,0,0,0,419,299,36,Bronx,021301
Census Tract 213.02; Bronx County; New York,30473,349,2509,0,54,0,1994,698,36,Bronx,021302
Census Tract 215.01; Bronx County; New York,43750,907,924,688,67,38,1330,658,36,Bronx,021501
Census Tract 215.02; Bronx County; New York,-666666666,681,2191,219,1,0,2552,1309,36,Bronx,021502
Census Tract 216.01; Bronx County; New York,54565,931,882,80,455,0,1732,785,36,Bronx,021601
Census Tract 216.02; Bronx County; New York,59408,310,1985,22,1990,0,1394,643,36,Bronx,021602
Census Tract 217; Bronx County; New York,41416,220,1683,29,183,9,2290,686,36,Bronx,021700
Census Tract 218; Bronx County; New York,58807,363,1006,0,276,0,3118,1278,36,Bronx,021800
Census Tract 219; Bronx County; New York,48623,71,275,14,26,0,531,105,36,Bronx,021900
Census Tract 220; Bronx County; New York,23468,193,535,9,93,0,690,381,36,Bronx,022000
Census Tract 221.01; Bronx County; New York,58186,423,939,110,86,0,1664,521,36,Bronx,022101
Census Tract 221.02; Bronx County; New York,37022,644,893,105,0,0,2829,1425,36,Bronx,022102
Census Tract 222; Bronx County; New York,56029,180,226,88,1174,0,1087,548,36,Bronx,022200
Census Tract 223; Bronx County; New York,45007,978,947,167,52,0,2236,827,36,Bronx,022300
Census Tract 224.01; Bronx County; New York,67824,462,599,27,244,0,972,224,36,Bronx,022401
Census Tract 224.03; Bronx County; New York,91225,354,729,14,97,0,1398,196,36,Bronx,022403
Census Tract 224.04; Bronx County; New York,59482,839,1171,86,244,0,1835,291,36,Bronx,022404
Census Tract 225; Bronx County; New York,53191,1035,2483,310,73,0,3553,1954,36,Bronx,022500
Census Tract 227.01; Bronx County; New York,37134,108,2714,0,48,117,1165,843,36,Bronx,022701
Census Tract 227.02; Bronx County; New York,27446,30,416,0,22,0,649,160,36,Bronx,022702
Census Tract 227.03; Bronx County; New York,66146,554,552,0,44,0,363,215,36,Bronx,022703
Census Tract 228; Bronx County; New York,87961,1068,930,27,865,0,2441,292,36,Bronx,022800
Census Tract 229.01; Bronx County; New York,52763,523,2729,0,43,0,1554,692,36,Bronx,022901
Census Tract 229.02; Bronx County; New York,35313,213,787,0,61,0,1282,896,36,Bronx,022902
Census Tract 230; Bronx County; New York,55460,812,367,0,210,0,954,212,36,Bronx,023000
Census Tract 231; Bronx County; New York,59388,72,998,0,27,1,400,72,36,Bronx,023100
Census Tract 232; Bronx County; New York,45125,816,279,55,227,0,725,360,36,Bronx,023200
Census Tract 233.01; Bronx County; New York,42778,126,1386,0,50,0,1605,575,36,Bronx,023301
Census Tract 233.02; Bronx County; New York,65156,250,1064,10,49,0,1524,768,36,Bronx,023302
Census Tract 235.01; Bronx County; New York,37194,23,750,213,11,0,1896,429,36,Bronx,023501
Census Tract 235.02; Bronx County; New York,47484,210,1406,0,84,0,1694,890,36,Bronx,023502
Census Tract 236; Bronx County; New York,54583,332,231,52,76,0,796,115,36,Bronx,023600
Census Tract 237.02; Bronx County; New York,44583,62,419,0,0,0,562,76,36,Bronx,023702
Census Tract 237.03; Bronx County; New York,27763,871,1628,0,51,0,1849,682,36,Bronx,023703
Census Tract 237.04; Bronx County; New York,32984,925,787,81,0,0,1135,731,36,Bronx,023704
Census Tract 238; Bronx County; New York,67750,591,253,0,187,10,1073,280,36,Bronx,023800
Census Tract 239; Bronx County; New York,51172,436,2567,52,0,0,4755,1574,36,Bronx,023900
Census Tract 240; Bronx County; New York,72608,957,1267,0,69,0,1477,377,36,Bronx,024000
Census Tract 241; Bronx County; New York,29527,996,1738,0,137,0,2045,1368,36,Bronx,024100
Census Tract 243; Bronx County; New York,24293,508,1524,18,9,47,1064,1231,36,Bronx,024300
Census Tract 244; Bronx County; New York,78854,629,145,27,206,0,846,315,36,Bronx,024400
Census Tract 245.01; Bronx County; New York,49904,556,1761,0,0,95,1706,925,36,Bronx,024501
Census Tract 245.02; Bronx County; New York,37448,623,1236,32,0,0,1835,249,36,Bronx,024502
Census Tract 246; Bronx County; New York,95703,641,92,0,470,0,639,275,36,Bronx,024600
Census Tract 247; Bronx County; New York,47283,112,938,0,139,0,273,310,36,Bronx,024700
Census Tract 248; Bronx County; New York,78839,1388,491,0,502,0,690,457,36,Bronx,024800
Census Tract 249; Bronx County; New York,-666666666,0,0,0,0,0,0,0,36,Bronx,024900
Census Tract 250; Bronx County; New York,109667,1417,233,38,580,0,297,190,36,Bronx,025000
Census Tract 251; Bronx County; New York,50410,542,1659,0,304,0,2265,1772,36,Bronx,025100
Census Tract 252; Bronx County; New York,80583,1173,166,0,230,0,678,339,36,Bronx,025200
Census Tract 253; Bronx County; New York,43421,160,1422,78,138,36,2227,1528,36,Bronx,025300
Census Tract 254; Bronx County; New York,66053,1033,27,0,167,0,642,98,36,Bronx,025400
Census Tract 255; Bronx County; New York,55042,303,1348,206,66,41,3582,1019,36,Bronx,025500
Census Tract 256; Bronx County; New York,58924,641,289,0,138,0,517,79,36,Bronx,025600
Census Tract 257; Bronx County; New York,55962,93,585,46,0,0,718,245,36,Bronx,025700
Census Tract 261; Bronx County; New York,60357,137,1151,0,95,0,235,491,36,Bronx,026100
Census Tract 263; Bronx County; New York,44709,840,885,51,32,10,3494,1455,36,Bronx,026300
Census Tract 264; Bronx County; New York,58307,2908,458,227,260,0,1117,765,36,Bronx,026400
Census Tract 265; Bronx County; New York,60495,971,610,176,564,0,4491,980,36,Bronx,026500
Census Tract 266.01; Bronx County; New York,47266,1214,124,84,49,0,902,491,36,Bronx,026601
Census Tract 266.02; Bronx County; New York,51442,1953,611,35,511,0,1518,491,36,Bronx,026602
Census Tract 267.01; Bronx County; New York,44750,378,650,0,243,0,1987,501,36,Bronx,026701
Census Tract 267.02; Bronx County; New York,61494,799,1444,111,0,0,3954,1394,36,Bronx,026702
Census Tract 269; Bronx County; New York,29140,1139,981,58,85,0,1460,462,36,Bronx,026900
Census Tract 273; Bronx County; New York,54096,1480,1731,0,6,86,2431,1386,36,Bronx,027300
Census Tract 274.01; Bronx County; New York,104811,3279,338,100,214,0,525,655,36,Bronx,027401
Census Tract 274.02; Bronx County; New York,101667,2191,93,1,144,0,390,668,36,Bronx,027402
Census Tract 276; Bronx County; New York,-666666666,15,42,0,0,0,0,0,36,Bronx,027600
Census Tract 277; Bronx County; New York,54482,925,438,92,16,0,2105,612,36,Bronx,027700
Census Tract 279; Bronx County; New York,65000,1902,1596,226,123,0,2308,1957,36,Bronx,027900
Census Tract 281; Bronx County; New York,79886,1259,783,0,188,0,407,875,36,Bronx,028100
Census Tract 283; Bronx County; New York,14194,687,663,0,1,0,984,151,36,Bronx,028300
Census Tract 284; Bronx County; New York,-666666666,134,230,5,21,0,90,0,36,Bronx,028400
Census Tract 285; Bronx County; New York,74965,1387,389,50,213,33,563,674,36,Bronx,028500
Census Tract 286; Bronx County; New York,72857,513,54,0,251,0,138,58,36,Bronx,028600
Census Tract 287; Bronx County; New York,64127,1282,176,35,226,0,1238,485,36,Bronx,028700
Census Tract 288; Bronx County; New York,97424,1710,154,29,529,0,138,118,36,Bronx,028800
Census Tract 289; Bronx County; New York,55977,1014,502,160,209,0,1869,646,36,Bronx,028900
Census Tract 293.01; Bronx County; New York,119643,1143,213,11,113,0,107,260,36,Bronx,029301
Census Tract 293.02; Bronx County; New York,132405,3410,663,42,364,0,457,486,36,Bronx,029302
Census Tract 295; Bronx County; New York,100600,2276,259,0,520,0,642,942,36,Bronx,029500
Census Tract 296; Bronx County; New York,56747,1044,402,0,236,0,378,281,36,Bronx,029600
Census Tract 297; Bronx County; New York,90714,2610,593,27,221,0,413,307,36,Bronx,029700
Census Tract 300; Bronx County; New York,84279,3479,503,88,802,0,1401,538,36,Bronx,030000
Census Tract 301; Bronx County; New York,86672,849,172,21,46,0,262,220,36,Bronx,030100
Census Tract 302.01; Bronx County; New York,75000,251,2295,36,0,0,590,512,36,Bronx,030201
Census Tract 302.02; Bronx County; New York,78435,170,5126,98,1,0,357,400,36,Bronx,030202
Census Tract 307.01; Bronx County; New York,121764,3568,271,35,288,0,354,976,36,Bronx,030701
Census Tract 309; Bronx County; New York,122500,2917,216,0,107,0,330,137,36,Bronx,030900
Census Tract 310; Bronx County; New York,142671,1669,695,0,793,0,860,392,36,Bronx,031000
Census Tract 312; Bronx County; New York,124474,444,258,0,285,0,592,70,36,Bronx,031200
Census Tract 314; Bronx County; New York,111917,851,558,0,189,0,385,203,36,Bronx,031400
Census Tract 316; Bronx County; New York,78864,674,167,0,220,0,456,325,36,Bronx,031600
Census Tract 318; Bronx County; New York,98017,732,454,113,295,0,341,103,36,Bronx,031800
Census Tract 319; Bronx County; New York,-666666666,450,152,6,45,0,70,39,36,Bronx,031900
Census Tract 323; Bronx County; New York,101512,3298,477,0,184,0,298,554,36,Bronx,032300
Census Tract 324; Bronx County; New York,40955,453,896,0,467,12,612,523,36,Bronx,032400
Census Tract 326; Bronx County; New York,99962,1175,577,30,651,0,728,279,36,Bronx,032600
Census Tract 328; Bronx County; New York,49422,720,1046,58,340,0,1521,371,36,Bronx,032800
Census Tract 330; Bronx County; New York,48750,1746,1455,0,105,0,1042,668,36,Bronx,033000
Census Tract 332.01; Bronx County; New York,35400,1586,474,35,139,0,1638,251,36,Bronx,033201
Census Tract 332.02; Bronx County; New York,47557,489,813,0,307,0,1437,369,36,Bronx,033202
Census Tract 334; Bronx County; New York,-666666666,1,24,0,0,0,1,0,36,Bronx,033400
Census Tract 335; Bronx County; New York,106597,1303,291,15,47,0,215,342,36,Bronx,033500
Census Tract 336.01; Bronx County; New York,23453,344,2211,0,158,0,1482,816,36,Bronx,033601
Census Tract 336.02; Bronx County; New York,47398,146,644,0,0,0,283,82,36,Bronx,033602
Census Tract 337; Bronx County; New York,147543,2200,42,0,305,0,158,147,36,Bronx,033700
Census Tract 338.01; Bronx County; New York,70418,74,832,16,44,0,683,470,36,Bronx,033801
Census Tract 338.02; Bronx County; New York,70508,140,743,0,134,0,760,32,36,Bronx,033802
Census Tract 340; Bronx County; New York,50208,470,1799,49,170,0,2300,549,36,Bronx,034000
Census Tract 342; Bronx County; New York,70910,171,895,0,10,31,218,193,36,Bronx,034200
Census Tract 343; Bronx County; New York,89554,696,107,22,242,0,323,464,36,Bronx,034300
Census Tract 344; Bronx County; New York,71920,332,1051,0,98,0,377,82,36,Bronx,034400
Census Tract 345; Bronx County; New York,115461,1640,463,44,41,0,1187,780,36,Bronx,034500
Census Tract 348; Bronx County; New York,53024,393,3005,49,560,0,1573,618,36,Bronx,034800
Census Tract 350; Bronx County; New York,69293,47,1622,0,114,0,107,133,36,Bronx,035000
Census Tract 351; Bronx County; New York,105086,1661,367,120,142,0,663,770,36,Bronx,035100
Census Tract 356; Bronx County; New York,86014,53,1669,0,22,0,296,34,36,Bronx,035600
Census Tract 358; Bronx County; New York,85296,626,5518,48,24,0,805,474,36,Bronx,035800
Census Tract 359; Bronx County; New York,28955,124,1230,146,0,0,1084,677,36,Bronx,035900
Census Tract 360; Bronx County; New York,83351,332,1572,6,119,0,490,317,36,Bronx,036000
Census Tract 361; Bronx County; New York,26083,644,1866,138,0,0,1334,1111,36,Bronx,036100
Census Tract 363; Bronx County; New York,28259,897,2509,80,6,0,1680,1251,36,Bronx,036300
Census Tract 364; Bronx County; New York,60313,97,1989,0,0,0,172,169,36,Bronx,036400
Census Tract 365.01; Bronx County; New York,54097,259,2988,9,0,0,813,652,36,Bronx,036501
Census Tract 365.02; Bronx County; New York,26886,345,944,31,6,0,426,805,36,Bronx,036502
Census Tract 367; Bronx County; New York,31815,137,1222,0,2,0,672,614,36,Bronx,036700
Census Tract 368; Bronx County; New York,71875,59,1339,158,27,0,496,106,36,Bronx,036800
Census Tract 369.01; Bronx County; New York,16277,216,513,37,0,0,745,299,36,Bronx,036901
Census Tract 369.02; Bronx County; New York,21976,227,1454,67,0,0,407,161,36,Bronx,036902
Census Tract 370; Bronx County; New York,113182,135,1624,0,219,0,181,69,36,Bronx,037000
Census Tract 371; Bronx County; New York,22791,185,1762,0,0,0,1330,671,36,Bronx,037100
Census Tract 372; Bronx County; New York,69972,161,942,92,89,0,579,206,36,Bronx,037200
Census Tract 373; Bronx County; New York,51283,101,3246,21,0,0,753,2390,36,Bronx,037300
Census Tract 374; Bronx County; New York,35884,383,1530,0,85,0,839,870,36,Bronx,037400
Census Tract 375.04; Bronx County; New York,44198,655,1616,162,0,0,658,740,36,Bronx,037504
Census Tract 376; Bronx County; New York,70429,153,787,0,135,0,709,150,36,Bronx,037600
Census Tract 378; Bronx County; New York,65500,203,1743,55,0,0,1086,167,36,Bronx,037800
Census Tract 379; Bronx County; New York,46430,183,4439,44,0,0,968,877,36,Bronx,037900
Census Tract 380; Bronx County; New York,46250,239,2872,0,34,0,779,550,36,Bronx,038000
Census Tract 381; Bronx County; New York,44741,1454,3518,157,135,0,1128,986,36,Bronx,038100
Census Tract 382; Bronx County; New York,85972,166,2283,0,41,0,342,110,36,Bronx,038200
Census Tract 383.01; Bronx County; New York,43900,252,971,0,157,0,2537,750,36,Bronx,038301
Census Tract 383.03; Bronx County; New York,23958,31,1805,37,0,0,1223,525,36,Bronx,038303
Census Tract 383.04; Bronx County; New York,22551,16,1162,0,10,0,697,195,36,Bronx,038304
Census Tract 385; Bronx County; New York,17598,232,2165,229,8,0,2099,841,36,Bronx,038500
Census Tract 386; Bronx County; New York,66161,119,6754,0,75,0,873,452,36,Bronx,038600
Census Tract 387; Bronx County; New York,41088,369,635,118,88,0,2407,108,36,Bronx,038700
Census Tract 388; Bronx County; New York,68125,118,1902,15,0,0,725,33,36,Bronx,038800
Census Tract 389; Bronx County; New York,48796,1284,702,107,170,0,2864,696,36,Bronx,038900
Census Tract 390; Bronx County; New York,65478,151,1739,0,56,0,492,655,36,Bronx,039000
Census Tract 391; Bronx County; New York,36027,1241,573,0,214,0,3682,845,36,Bronx,039100
Census Tract 392; Bronx County; New York,65815,100,1035,0,30,0,210,147,36,Bronx,039200
Census Tract 393; Bronx County; New York,30854,675,3504,602,18,0,3190,1030,36,Bronx,039300
Census Tract 394; Bronx County; New York,66188,371,2868,0,61,0,834,339,36,Bronx,039400
Census Tract 395; Bronx County; New York,-666666666,253,1426,26,0,0,1293,1212,36,Bronx,039500
Census Tract 396; Bronx County; New York,43552,242,2399,0,113,0,808,275,36,Bronx,039600
Census Tract 397; Bronx County; New York,21987,2372,250,25,363,0,377,481,36,Bronx,039700
Census Tract 398; Bronx County; New York,29325,22,2624,0,0,0,524,358,36,Bronx,039800
Census Tract 399.01; Bronx County; New York,41065,184,622,146,251,0,3495,334,36,Bronx,039901
Census Tract 399.02; Bronx County; New York,48929,316,659,54,113,0,3255,719,36,Bronx,039902
Census Tract 401; Bronx County; New York,26875,378,936,85,40,0,2757,434,36,Bronx,040100
Census Tract 403.02; Bronx County; New York,40865,205,467,23,91,0,3121,482,36,Bronx,040302
Census Tract 403.03; Bronx County; New York,40027,485,727,0,135,0,2176,553,36,Bronx,040303
Census Tract 403.04; Bronx County; New York,41336,439,717,79,92,0,1723,536,36,Bronx,040304
Census Tract 404; Bronx County; New York,97500,1,2776,0,0,0,450,272,36,Bronx,040400
Census Tract 405.01; Bronx County; New York,42639,75,383,0,103,0,2733,266,36,Bronx,040501
Census Tract 405.02; Bronx County; New York,39518,305,1277,53,76,0,4106,283,36,Bronx,040502
Census Tract 406; Bronx County; New York,49375,166,2419,0,160,0,841,216,36,Bronx,040600
Census Tract 407.01; Bronx County; New York,47198,675,600,78,84,0,869,473,36,Bronx,040701
Census Tract 407.02; Bronx County; New York,35440,614,1225,0,486,11,3433,1071,36,Bronx,040702
Census Tract 408; Bronx County; New York,39738,540,2158,0,95,0,998,647,36,Bronx,040800
Census Tract 409; Bronx County; New York,65925,546,2222,0,118,0,279,227,36,Bronx,040900
Census Tract 411; Bronx County; New York,61750,471,1063,246,196,0,1653,164,36,Bronx,041100
Census Tract 413; Bronx County; New York,65845,1351,837,129,290,0,4673,721,36,Bronx,041300
Census Tract 414; Bronx County; New York,123548,414,3324,34,341,0,780,425,36,Bronx,041400
Census Tract 415; Bronx County; New York,44973,572,912,0,576,0,3003,643,36,Bronx,041500
Census Tract 418; Bronx County; New York,61706,399,1740,0,217,0,1180,177,36,Bronx,041800
Census Tract 419; Bronx County; New York,50768,656,1216,180,908,0,2448,811,36,Bronx,041900
Census Tract 420; Bronx County; New York,32279,451,2322,215,245,0,1143,289,36,Bronx,042000
Census Tract 421; Bronx County; New York,55830,1095,548,365,486,0,3157,303,36,Bronx,042100
Census Tract 422; Bronx County; New York,63365,190,2041,0,21,0,512,72,36,Bronx,042200
Census Tract 423; Bronx County; New York,65682,1031,760,250,250,0,1249,838,36,Bronx,042300
Census Tract 424; Bronx County; New York,108550,462,1790,0,13,0,249,112,36,Bronx,042400
Census Tract 425; Bronx County; New York,47021,2364,518,82,1002,0,2396,387,36,Bronx,042500
Census Tract 426; Bronx County; New York,95876,239,5659,16,257,0,1372,84,36,Bronx,042600
Census Tract 428; Bronx County; New York,101163,60,1658,0,32,0,430,69,36,Bronx,042800
Census Tract 429.01; Bronx County; New York,42775,329,433,51,636,0,1210,469,36,Bronx,042901
Census Tract 429.02; Bronx County; New York,42647,491,1026,69,268,8,1592,444,36,Bronx,042902
Census Tract 430; Bronx County; New York,84316,85,2169,0,27,0,781,225,36,Bronx,043000
Census Tract 431.01; Bronx County; New York,42637,602,1102,22,872,0,2033,249,36,Bronx,043101
Census Tract 431.02; Bronx County; New York,48835,903,651,14,43,0,2276,454,36,Bronx,043102
Census Tract 434; Bronx County; New York,74048,284,2200,0,125,0,887,333,36,Bronx,043400
Census Tract 435.01; Bronx County; New York,30885,255,465,0,45,28,128,114,36,Bronx,043501
Census Tract 435.02; Bronx County; New York,-666666666,0,0,0,0,0,0,0,36,Bronx,043502
Census Tract 435.03; Bronx County; New York,105625,33,8,0,6,0,9,0,36,Bronx,043503
Census Tract 436; Bronx County; New York,88833,109,1271,335,54,0,510,118,36,Bronx,043600
Census Tract 442; Bronx County; New York,-666666666,58,2965,0,13,0,509,510,36,Bronx,044200
Census Tract 444; Bronx County; New York,100000,296,3233,0,97,0,264,519,36,Bronx,044400
Census Tract 448; Bronx County; New York,102760,91,2094,0,78,0,186,0,36,Bronx,044800
Census Tract 449.01; Bronx County; New York,78083,1539,130,27,22,0,81,187,36,Bronx,044901
Census Tract 449.02; Bronx County; New York,99250,1657,108,50,8,0,325,155,36,Bronx,044902
Census Tract 451.01; Bronx County; New York,70855,1297,43,27,0,0,141,94,36,Bronx,045101
Census Tract 451.02; Bronx County; New York,96901,1487,121,49,39,0,53,224,36,Bronx,045102
Census Tract 456; Bronx County; New York,76943,685,1973,37,0,0,362,491,36,Bronx,045600
Census Tract 458; Bronx County; New York,31225,208,2076,114,0,0,2451,822,36,Bronx,045800
Census Tract 460; Bronx County; New York,31768,91,1662,0,11,0,526,199,36,Bronx,046000
Census Tract 462.03; Bronx County; New York,40020,1113,4115,78,54,0,1342,418,36,Bronx,046203
Census Tract 462.04; Bronx County; New York,64922,418,2765,0,231,0,1016,881,36,Bronx,046204
Census Tract 462.05; Bronx County; New York,63924,383,2253,0,82,0,485,292,36,Bronx,046205
Census Tract 462.06; Bronx County; New York,63601,282,2826,0,103,0,299,855,36,Bronx,046206
Census Tract 462.07; Bronx County; New York,73464,412,4288,0,316,0,1278,194,36,Bronx,046207
Census Tract 462.08; Bronx County; New York,110724,150,4068,128,24,0,363,309,36,Bronx,046208
Census Tract 462.09; Bronx County; New York,27500,51,2855,0,5,0,1257,141,36,Bronx,046209
Census Tract 484.01; Bronx County; New York,86273,189,3105,28,32,0,600,238,36,Bronx,048401
Census Tract 484.02; Bronx County; New York,-666666666,0,0,0,0,0,0,0,36,Bronx,048402
Census Tract 504; Bronx County; New York,-666666666,0,0,0,0,0,0,0,36,Bronx,050400
Census Tract 516.01; Bronx County; New York,100306,2849,61,0,91,0,947,325,36,Bronx,051601
Census Tract 516.02; Bronx County; New York,-666666666,0,0,0,0,0,0,0,36,Bronx,051602
Census Tract 1; Kings County; New York,167778,3541,569,0,288,0,83,358,36,Kings,000100
Census Tract 2; Kings County; New York,81154,405,38,88,38,0,497,137,36,Kings,000200
Census Tract 3.01; Kings County; New York,179250,3430,65,0,196,0,41,299,36,Kings,000301
Census Tract 5.01; Kings County; New York,144125,3102,247,30,629,0,57,439,36,Kings,000501
Census Tract 5.02; Kings County; New York,179185,2116,22,17,426,0,14,192,36,Kings,000502
Census Tract 7; Kings County; New York,189145,3013,172,0,310,0,44,444,36,Kings,000700
Census Tract 9; Kings County; New York,236222,3481,108,0,514,0,80,609,36,Kings,000900
Census Tract 11; Kings County; New York,164250,937,119,0,332,0,50,147,36,Kings,001100
Census Tract 13; Kings County; New York,173000,1484,285,0,383,0,72,184,36,Kings,001300
Census Tract 15.01; Kings County; New York,114828,1732,1480,0,931,0,205,577,36,Kings,001501
Census Tract 15.02; Kings County; New York,135022,2184,657,0,1659,0,199,719,36,Kings,001502
Census Tract 18.01; Kings County; New York,-666666666,750,750,10,43,11,0,0,36,Kings,001801
Census Tract 18.02; Kings County; New York,-666666666,0,0,0,0,0,0,0,36,Kings,001802
Census Tract 18.03; Kings County; New York,-666666666,4,2,0,0,0,0,0,36,Kings,001803
Census Tract 18.04; Kings County; New York,-666666666,0,0,0,0,0,0,0,36,Kings,001804
Census Tract 20; Kings County; New York,78839,105,134,137,180,0,1155,84,36,Kings,002000
Census Tract 21; Kings County; New York,250001,4421,283,0,986,0,19,471,36,Kings,002100
Census Tract 22; Kings County; New York,41429,1717,185,24,508,0,1388,333,36,Kings,002200
Census Tract 23; Kings County; New York,25968,74,2346,29,668,0,525,0,36,Kings,002300
Census Tract 29.01; Kings County; New York,23832,122,1725,0,620,0,193,680,36,Kings,002901
Census Tract 30; Kings County; New York,128506,1229,19,0,419,0,61,90,36,Kings,003000
Census Tract 31.01; Kings County; New York,149650,1435,801,0,804,7,115,385,36,Kings,003101
Census Tract 31.02; Kings County; New York,-666666666,0,0,0,0,0,0,0,36,Kings,003102
Census Tract 33; Kings County; New York,131173,1623,1206,54,516,0,71,733,36,Kings,003300
Census Tract 34; Kings County; New York,111088,2234,35,0,551,0,281,414,36,Kings,003400
Census Tract 35; Kings County; New York,147829,901,625,0,257,0,242,100,36,Kings,003500
Census Tract 36; Kings County; New York,89487,2404,60,0,540,0,177,521,36,Kings,003600
Census Tract 37; Kings County; New York,167917,2227,682,0,978,0,166,223,36,Kings,003700
Census Tract 38; Kings County; New York,144028,1009,6,0,430,0,82,51,36,Kings,003800
Census Tract 39; Kings County; New York,181518,1385,248,25,254,0,125,520,36,Kings,003900
Census Tract 41; Kings County; New York,221452,2393,312,37,209,0,72,341,36,Kings,004100
Census Tract 43; Kings County; New York,155859,2382,466,0,439,0,16,649,36,Kings,004300
Census Tract 44; Kings County; New York,139375,1949,63,0,98,0,108,71,36,Kings,004400
Census Tract 45; Kings County; New York,174609,2633,229,0,243,0,70,372,36,Kings,004500
Census Tract 46; Kings County; New York,139375,880,0,46,127,0,0,122,36,Kings,004600
Census Tract 47; Kings County; New York,158125,1071,124,0,114,0,63,629,36,Kings,004700
Census Tract 49; Kings County; New York,143750,2169,160,0,81,0,74,391,36,Kings,004900
Census Tract 50; Kings County; New York,124167,2026,81,0,289,0,42,104,36,Kings,005000
Census Tract 51; Kings County; New York,173125,1830,20,0,168,0,32,375,36,Kings,005100
Census Tract 52.01; Kings County; New York,49125,1185,46,0,278,0,83,121,36,Kings,005201
Census Tract 52.02; Kings County; New York,106087,2363,22,0,142,0,77,180,36,Kings,005202
Census Tract 53.01; Kings County; New York,121136,1600,282,9,109,0,31,231,36,Kings,005301
Census Tract 53.02; Kings County; New York,134750,55,0,0,0,0,0,56,36,Kings,005302
Census Tract 53.03; Kings County; New York,-666666666,25,0,0,0,0,0,27,36,Kings,005303
Census Tract 54; Kings County; New York,81641,2307,186,0,376,0,96,328,36,Kings,005400
Census Tract 56.01; Kings County; New York,112569,2042,109,0,413,0,131,151,36,Kings,005601
Census Tract 56.02; Kings County; New York,99643,1355,35,0,215,0,77,99,36,Kings,005602
Census Tract 58; Kings County; New York,76111,2373,0,0,265,0,153,278,36,Kings,005800
Census Tract 59; Kings County; New York,99896,1000,134,14,16,3,198,98,36,Kings,005900
Census Tract 60; Kings County; New York,74107,1767,1,14,326,0,745,126,36,Kings,006000
Census Tract 62; Kings County; New York,80739,1920,26,0,286,0,241,248,36,Kings,006200
Census Tract 63; Kings County; New York,184091,1521,9,0,114,0,119,275,36,Kings,006300
Census Tract 64; Kings County; New York,100547,2434,31,0,285,0,228,449,36,Kings,006400
Census Tract 65; Kings County; New York,196433,5284,44,0,113,0,189,563,36,Kings,006500
Census Tract 66; Kings County; New York,101622,2284,199,207,510,0,582,282,36,Kings,006600
Census Tract 67; Kings County; New York,235455,3167,24,0,303,0,85,333,36,Kings,006700
Census Tract 68; Kings County; New York,76279,2016,234,0,606,0,542,516,36,Kings,006800
Census Tract 69.01; Kings County; New York,154531,1434,21,0,137,0,34,98,36,Kings,006901
Census Tract 69.02; Kings County; New York,229141,1413,56,0,137,0,24,351,36,Kings,006902
Census Tract 70; Kings County; New York,83138,1460,34,11,132,0,588,456,36,Kings,007000
Census Tract 71; Kings County; New York,65115,1443,1121,0,492,0,504,819,36,Kings,007100
Census Tract 72; Kings County; New York,73125,303,32,50,407,0,898,175,36,Kings,007200
Census Tract 74; Kings County; New York,72860,1103,34,166,1558,0,1832,667,36,Kings,007400
Census Tract 75; Kings County; New York,156556,3460,110,0,363,0,102,672,36,Kings,007500
Census Tract 76; Kings County; New York,61975,1099,215,230,1131,0,1948,105,36,Kings,007600
Census Tract 77; Kings County; New York,207551,5125,108,51,219,7,159,463,36,Kings,007700
Census Tract 78; Kings County; New York,71616,1764,135,289,329,0,2141,462,36,Kings,007800
Census Tract 80; Kings County; New York,77552,1163,150,29,289,0,1397,511,36,Kings,008000
Census Tract 82; Kings County; New York,43142,884,319,0,329,0,1305,991,36,Kings,008200
Census Tract 84; Kings County; New York,105670,796,157,335,312,0,1223,331,36,Kings,008400
Census Tract 85; Kings County; New York,24672,670,4177,0,429,0,1717,638,36,Kings,008500
Census Tract 86; Kings County; New York,-666666666,0,0,0,0,0,0,0,36,Kings,008600
Census Tract 88; Kings County; New York,83438,823,475,220,250,0,557,172,36,Kings,008800
Census Tract 90.01; Kings County; New York,49500,291,20,73,260,0,629,27,36,Kings,009001
Census Tract 90.02; Kings County; New York,61801,200,0,0,603,0,883,0,36,Kings,009002
Census Tract 92.01; Kings County; New York,59148,299,32,0,1333,0,121,65,36,Kings,009201
Census Tract 92.02; Kings County; New York,54667,428,46,143,938,0,989,322,36,Kings,009202
Census Tract 94.01; Kings County; New York,48304,209,0,0,1376,0,292,108,36,Kings,009401
Census Tract 94.02; Kings County; New York,82691,755,66,50,1852,0,232,134,36,Kings,009402
Census Tract 96; Kings County; New York,80253,1481,215,65,2108,0,1519,529,36,Kings,009600
Census Tract 98; Kings County; New York,57341,302,192,0,2721,0,3043,501,36,Kings,009800
Census Tract 100; Kings County; New York,56350,398,134,0,2818,0,1901,259,36,Kings,010000
Census Tract 101; Kings County; New York,112857,2218,276,128,141,0,958,856,36,Kings,010100
Census Tract 102; Kings County; New York,51250,487,52,94,3119,0,740,69,36,Kings,010200
Census Tract 104.01; Kings County; New York,56121,130,12,0,1829,0,145,67,36,Kings,010401
Census Tract 104.02; Kings County; New York,29803,240,17,0,1529,0,75,0,36,Kings,010402
Census Tract 106.01; Kings County; New York,46172,48,7,190,1739,0,240,6,36,Kings,010601
Census Tract 106.02; Kings County; New York,65615,66,0,0,2000,0,89,37,36,Kings,010602
Census Tract 108.01; Kings County; New York,62813,178,16,0,1475,0,269,13,36,Kings,010801
Census Tract 108.02; Kings County; New York,65227,125,104,71,2027,0,208,50,36,Kings,010802
Census Tract 110; Kings County; New York,83083,792,65,62,975,0,712,91,36,Kings,011000
Census Tract 112; Kings County; New York,61400,2469,108,101,1639,0,1867,294,36,Kings,011200
Census Tract 114; Kings County; New York,72043,2002,502,0,1113,0,420,48,36,Kings,011400
Census Tract 116; Kings County; New York,48469,239,27,0,2609,0,459,10,36,Kings,011600
Census Tract 117; Kings County; New York,124675,1468,197,0,414,0,802,259,36,Kings,011700
Census Tract 118; Kings County; New York,63125,245,11,0,1451,0,45,178,36,Kings,011800
Census Tract 119.01; Kings County; New York,139750,819,120,0,180,0,150,197,36,Kings,011901
Census Tract 119.02; Kings County; New York,-666666666,0,0,0,0,0,0,0,36,Kings,011902
Census Tract 120; Kings County; New York,71292,53,0,0,977,0,249,12,36,Kings,012000
Census Tract 121; Kings County; New York,119801,1396,93,0,173,0,131,264,36,Kings,012100
Census Tract 122; Kings County; New York,50107,629,89,0,1786,0,1577,570,36,Kings,012200
Census Tract 126; Kings County; New York,67679,1121,51,31,960,0,442,173,36,Kings,012600
Census Tract 127; Kings County; New York,73646,977,1684,9,298,0,486,583,36,Kings,012700
Census Tract 128.01; Kings County; New York,80433,614,35,9,1002,0,98,174,36,Kings,012801
Census Tract 129.01; Kings County; New York,244837,1357,265,0,242,0,202,311,36,Kings,012901
Census Tract 129.02; Kings County; New York,162377,1674,533,0,452,12,126,655,36,Kings,012902
Census Tract 130; Kings County; New York,79219,3093,190,76,486,0,891,301,36,Kings,013000
Census Tract 131; Kings County; New York,109875,2172,525,0,292,0,78,367,36,Kings,013100
Census Tract 132; Kings County; New York,83281,1158,62,0,795,0,196,104,36,Kings,013200
Census Tract 133; Kings County; New York,209286,3225,128,0,373,0,66,596,36,Kings,013300
Census Tract 134; Kings County; New York,105057,2412,125,0,1031,0,234,427,36,Kings,013400
Census Tract 135; Kings County; New York,214028,2831,183,0,313,0,132,487,36,Kings,013500
Census Tract 136; Kings County; New York,92414,2366,26,0,412,0,641,359,36,Kings,013600
Census Tract 137; Kings County; New York,160652,2250,202,25,180,0,220,340,36,Kings,013700
Census Tract 138; Kings County; New York,99984,2261,47,286,432,0,167,442,36,Kings,013800
Census Tract 139; Kings County; New York,173226,2441,296,10,284,0,170,326,36,Kings,013900
Census Tract 140; Kings County; New York,59417,1329,175,0,324,0,40,42,36,Kings,014000
Census Tract 141.01; Kings County; New York,155625,795,76,0,212,0,34,240,36,Kings,014101
Census Tract 141.02; Kings County; New York,148125,1341,67,0,242,0,222,230,36,Kings,014102
Census Tract 142; Kings County; New York,79444,1870,223,9,709,0,176,510,36,Kings,014200
Census Tract 143; Kings County; New York,128828,2013,215,0,308,0,677,412,36,Kings,014300
Census Tract 145; Kings County; New York,142200,3075,137,64,364,0,465,354,36,Kings,014500
Census Tract 147; Kings County; New York,159297,1755,18,7,88,0,135,346,36,Kings,014700
Census Tract 148; Kings County; New York,76103,648,0,0,418,0,243,11,36,Kings,014800
Census Tract 149.01; Kings County; New York,162279,1153,81,0,107,0,0,220,36,Kings,014901
Census Tract 149.02; Kings County; New York,150202,2983,13,0,519,0,464,409,36,Kings,014902
Census Tract 150; Kings County; New York,103750,1054,3,0,387,0,55,56,36,Kings,015000
Census Tract 151; Kings County; New York,185357,3207,53,0,356,0,64,362,36,Kings,015100
Census Tract 152; Kings County; New York,79783,1424,106,0,641,9,184,181,36,Kings,015200
Census Tract 153; Kings County; New York,149956,1825,87,29,273,0,50,366,36,Kings,015300
Census Tract 154; Kings County; New York,-666666666,0,0,0,0,0,0,0,36,Kings,015400
Census Tract 155; Kings County; New York,214340,2731,46,117,170,0,1,419,36,Kings,015500
Census Tract 157; Kings County; New York,198203,3431,314,0,402,0,32,598,36,Kings,015700
Census Tract 159; Kings County; New York,212109,4263,300,0,277,0,202,397,36,Kings,015900
Census Tract 160; Kings County; New York,88944,2149,172,37,1137,0,236,592,36,Kings,016000
Census Tract 161; Kings County; New York,170893,2301,105,5,346,0,65,752,36,Kings,016100
Census Tract 162; Kings County; New York,98125,1198,112,221,123,0,247,381,36,Kings,016200
Census Tract 163; Kings County; New York,151923,2564,683,2,294,0,31,508,36,Kings,016300
Census Tract 164; Kings County; New York,126696,580,122,0,98,4,21,34,36,Kings,016400
Census Tract 165; Kings County; New York,250001,4445,190,62,533,0,74,814,36,Kings,016500
Census Tract 166; Kings County; New York,126250,1328,0,4,465,0,19,142,36,Kings,016600
Census Tract 167; Kings County; New York,193594,3662,75,0,721,0,38,355,36,Kings,016700
Census Tract 168; Kings County; New York,116991,1191,0,0,687,0,0,92,36,Kings,016800
Census Tract 169; Kings County; New York,154155,3887,42,36,402,0,30,329,36,Kings,016900
Census Tract 170; Kings County; New York,94926,1552,81,0,1319,0,515,117,36,Kings,017000
Census Tract 171; Kings County; New York,168973,3187,26,0,323,0,43,616,36,Kings,017100
Census Tract 172; Kings County; New York,131513,1268,49,35,1152,0,309,17,36,Kings,017200
Census Tract 174; Kings County; New York,107143,878,0,0,973,0,172,15,36,Kings,017400
Census Tract 175; Kings County; New York,-666666666,0,0,0,0,0,0,0,36,Kings,017500
Census Tract 176; Kings County; New York,97955,1251,0,0,745,0,105,137,36,Kings,017600
Census Tract 177; Kings County; New York,-666666666,0,0,0,0,0,0,0,36,Kings,017700
Census Tract 178; Kings County; New York,75655,1093,9,0,1077,0,347,128,36,Kings,017800
Census Tract 179; Kings County; New York,106106,1262,1270,82,296,0,191,916,36,Kings,017900
Census Tract 180; Kings County; New York,58667,1650,0,71,1059,0,87,160,36,Kings,018000
Census Tract 181; Kings County; New York,163382,2202,569,18,193,0,293,474,36,Kings,018100
Census Tract 182; Kings County; New York,73229,1089,0,201,1737,0,277,156,36,Kings,018200
Census Tract 183; Kings County; New York,191944,1843,247,0,163,0,140,486,36,Kings,018300
Census Tract 184; Kings County; New York,76118,943,0,0,1067,0,23,128,36,Kings,018400
Census Tract 185.01; Kings County; New York,46029,678,2108,0,290,0,717,541,36,Kings,018501
Census Tract 186; Kings County; New York,83250,905,0,0,924,0,134,118,36,Kings,018600
Census Tract 187; Kings County; New York,122115,761,351,0,51,0,182,103,36,Kings,018700
Census Tract 188; Kings County; New York,50265,1417,1,0,1047,0,242,168,36,Kings,018800
Census Tract 190; Kings County; New York,60645,1079,12,0,1922,0,869,211,36,Kings,019000
Census Tract 191; Kings County; New York,160471,1481,169,16,261,0,486,412,36,Kings,019100
Census Tract 192; Kings County; New York,69327,1433,3,8,917,0,674,60,36,Kings,019200
Census Tract 193; Kings County; New York,75986,2643,1602,16,990,12,206,505,36,Kings,019300
Census Tract 194; Kings County; New York,56140,637,16,0,2053,0,224,441,36,Kings,019400
Census Tract 195; Kings County; New York,116479,1644,1292,216,72,0,57,501,36,Kings,019500
Census Tract 196; Kings County; New York,82044,1728,250,187,1485,0,681,163,36,Kings,019600
Census Tract 197; Kings County; New York,131875,2247,946,10,165,0,143,540,36,Kings,019700
Census Tract 198; Kings County; New York,76973,771,3,21,762,0,193,62,36,Kings,019800
Census Tract 199; Kings County; New York,131250,1883,706,69,499,0,198,609,36,Kings,019900
Census Tract 200; Kings County; New York,97875,909,14,10,1010,0,89,86,36,Kings,020000
Census Tract 201; Kings County; New York,153250,2115,1118,62,275,0,67,496,36,Kings,020100
Census Tract 202; Kings County; New York,77434,906,58,0,549,0,107,127,36,Kings,020200
Census Tract 203; Kings County; New York,171250,1245,214,0,245,0,36,244,36,Kings,020300
Census Tract 204; Kings County; New York,102368,1080,15,0,479,0,72,108,36,Kings,020400
Census Tract 205; Kings County; New York,162596,2448,285,0,466,0,16,327,36,Kings,020500
Census Tract 206; Kings County; New York,70806,1497,10,0,851,0,42,88,36,Kings,020600
Census Tract 207; Kings County; New York,184638,3344,335,0,214,0,86,702,36,Kings,020700
Census Tract 208; Kings County; New York,67114,1195,0,0,1471,0,27,68,36,Kings,020800
Census Tract 210; Kings County; New York,72341,1016,90,76,2468,0,214,35,36,Kings,021000
Census Tract 211; Kings County; New York,95236,679,1229,0,155,0,392,298,36,Kings,021100
Census Tract 212; Kings County; New York,61989,831,58,20,2467,0,16,56,36,Kings,021200
Census Tract 213; Kings County; New York,70109,893,2825,0,52,0,277,393,36,Kings,021300
Census Tract 214; Kings County; New York,69088,1380,0,0,778,0,209,143,36,Kings,021400
Census Tract 215; Kings County; New York,112650,3236,1099,31,469,0,390,510,36,Kings,021500
Census Tract 216; Kings County; New York,41250,2906,55,13,135,0,508,53,36,Kings,021600
Census Tract 217; Kings County; New York,103269,1556,1300,0,288,0,161,653,36,Kings,021700
Census Tract 218; Kings County; New York,68062,2341,0,0,94,0,566,0,36,Kings,021800
Census Tract 219; Kings County; New York,130970,1604,2062,0,101,0,137,381,36,Kings,021900
Census Tract 220; Kings County; New York,51198,4469,10,31,258,0,383,374,36,Kings,022000
Census Tract 221; Kings County; New York,78156,1454,1647,0,89,35,153,328,36,Kings,022100
Census Tract 222; Kings County; New York,50731,3241,0,0,79,0,789,161,36,Kings,022200
Census Tract 224; Kings County; New York,53084,4294,15,69,203,0,495,259,36,Kings,022400
Census Tract 226; Kings County; New York,84194,1358,0,112,379,0,415,308,36,Kings,022600
Census Tract 227; Kings County; New York,121250,1606,1265,0,246,0,450,858,36,Kings,022700
Census Tract 228; Kings County; New York,65208,2026,89,182,992,0,84,310,36,Kings,022800
Census Tract 229; Kings County; New York,129886,1909,729,0,103,0,204,480,36,Kings,022900
Census Tract 230; Kings County; New York,51250,3622,48,12,185,0,687,333,36,Kings,023000
Census Tract 231; Kings County; New York,162933,1819,1018,0,168,0,224,317,36,Kings,023100
Census Tract 232; Kings County; New York,67750,5922,1,154,535,0,0,36,36,Kings,023200
Census Tract 233; Kings County; New York,75990,2509,2582,65,536,0,220,892,36,Kings,023300
Census Tract 234; Kings County; New York,37450,4872,0,0,11,0,315,360,36,Kings,023400
Census Tract 235; Kings County; New York,84175,4291,256,0,254,0,278,499,36,Kings,023500
Census Tract 236; Kings County; New York,32500,5295,0,61,53,0,315,122,36,Kings,023600
Census Tract 238; Kings County; New York,50566,4637,0,11,0,0,499,53,36,Kings,023800
Census Tract 240; Kings County; New York,47750,5524,142,0,6,0,670,71,36,Kings,024000
Census Tract 241; Kings County; New York,135968,1561,452,0,263,0,167,532,36,Kings,024100
Census Tract 242; Kings County; New York,60091,2573,29,0,197,0,212,15,36,Kings,024200
Census Tract 243; Kings County; New York,114142,982,2177,51,474,0,390,226,36,Kings,024300
Census Tract 244; Kings County; New York,67500,2516,3,237,642,0,292,7,36,Kings,024400
Census Tract 245; Kings County; New York,91758,1456,2150,15,328,0,54,434,36,Kings,024500
Census Tract 246; Kings County; New York,80398,1646,48,0,1243,0,502,50,36,Kings,024600
Census Tract 247; Kings County; New York,61250,863,684,0,350,0,70,532,36,Kings,024700
Census Tract 248; Kings County; New York,75150,1372,0,0,690,0,348,66,36,Kings,024800
Census Tract 249; Kings County; New York,88771,1548,1598,24,243,23,95,461,36,Kings,024900
Census Tract 250; Kings County; New York,48125,172,8,0,1107,0,289,103,36,Kings,025000
Census Tract 251; Kings County; New York,52011,1027,2071,0,83,0,271,235,36,Kings,025100
Census Tract 252; Kings County; New York,54172,1948,146,161,1874,0,544,174,36,Kings,025200
Census Tract 253; Kings County; New York,77328,1843,926,0,94,0,157,355,36,Kings,025300
Census Tract 254; Kings County; New York,85819,967,0,17,1383,0,434,191,36,Kings,025400
Census Tract 255; Kings County; New York,26833,537,2260,0,41,158,1098,828,36,Kings,025500
Census Tract 256; Kings County; New York,68269,1136,0,0,1771,0,165,42,36,Kings,025600
Census Tract 257; Kings County; New York,95263,1375,222,22,65,0,1336,259,36,Kings,025700
Census Tract 258; Kings County; New York,65234,1854,253,0,1670,0,323,382,36,Kings,025800
Census Tract 259.01; Kings County; New York,71964,960,729,15,81,0,65,313,36,Kings,025901
Census Tract 259.02; Kings County; New York,21953,191,2165,31,0,0,1044,180,36,Kings,025902
Census Tract 260; Kings County; New York,66120,890,76,73,1289,0,604,144,36,Kings,026000
Census Tract 261; Kings County; New York,86822,1314,1818,45,1165,0,475,642,36,Kings,026100
Census Tract 262; Kings County; New York,114625,723,121,28,1582,0,128,44,36,Kings,026200
Census Tract 263; Kings County; New York,82778,550,1370,0,33,0,78,239,36,Kings,026300
Census Tract 264; Kings County; New York,70151,1652,12,13,1601,0,1222,232,36,Kings,026400
Census Tract 265; Kings County; New York,84179,1097,1915,0,262,0,365,524,36,Kings,026500
Census Tract 266; Kings County; New York,52192,1418,29,42,1369,0,493,57,36,Kings,026600
Census Tract 267; Kings County; New York,106063,1335,1841,12,150,0,153,459,36,Kings,026700
Census Tract 268; Kings County; New York,87836,2224,14,0,1804,0,178,60,36,Kings,026800
Census Tract 269; Kings County; New York,83426,924,1382,28,53,0,126,611,36,Kings,026900
Census Tract 270; Kings County; New York,57792,1561,0,0,708,0,66,161,36,Kings,027000
Census Tract 271; Kings County; New York,98088,912,2334,0,65,0,51,378,36,Kings,027100
Census Tract 272; Kings County; New York,68250,1914,162,0,1105,0,685,127,36,Kings,027200
Census Tract 273; Kings County; New York,111989,696,2632,0,143,0,269,331,36,Kings,027300
Census Tract 274; Kings County; New York,53949,1578,0,0,1157,0,276,148,36,Kings,027400
Census Tract 275; Kings County; New York,104537,908,3629,0,111,0,238,417,36,Kings,027500
Census Tract 276; Kings County; New York,61811,1211,0,0,1741,0,610,229,36,Kings,027600
Census Tract 277; Kings County; New York,75724,591,3013,0,11,0,78,601,36,Kings,027700
Census Tract 278; Kings County; New York,67913,1206,120,0,1520,0,145,95,36,Kings,027800
Census Tract 279; Kings County; New York,83438,1231,1945,13,106,0,383,483,36,Kings,027900
Census Tract 280; Kings County; New York,91250,706,117,0,618,0,222,23,36,Kings,028000
Census Tract 281; Kings County; New York,57019,876,2458,66,138,0,567,989,36,Kings,028100
Census Tract 282; Kings County; New York,54219,1236,274,0,1133,0,74,243,36,Kings,028200
Census Tract 283; Kings County; New York,49986,743,1870,43,81,0,817,544,36,Kings,028300
Census Tract 284; Kings County; New York,61587,1603,11,345,1432,0,247,48,36,Kings,028400
Census Tract 285.01; Kings County; New York,56667,131,109,0,59,0,93,35,36,Kings,028501
Census Tract 285.02; Kings County; New York,28466,239,1776,0,157,0,602,529,36,Kings,028502
Census Tract 286; Kings County; New York,43329,1829,393,66,1456,0,483,944,36,Kings,028600
Census Tract 287; Kings County; New York,79350,810,1240,0,249,0,559,495,36,Kings,028700
Census Tract 288; Kings County; New York,70000,1062,0,0,1661,0,729,347,36,Kings,028800
Census Tract 289; Kings County; New York,66691,839,2357,0,101,0,551,413,36,Kings,028900
Census Tract 290; Kings County; New York,60701,2122,6,130,830,0,80,133,36,Kings,029000
Census Tract 291; Kings County; New York,82356,716,2018,0,106,80,181,267,36,Kings,029100
Census Tract 292; Kings County; New York,48750,994,135,0,931,13,460,135,36,Kings,029200
Census Tract 293; Kings County; New York,51364,350,2222,0,97,0,378,237,36,Kings,029300
Census Tract 294; Kings County; New York,61188,946,281,0,459,0,135,322,36,Kings,029400
Census Tract 295; Kings County; New York,98603,1070,2254,0,53,0,381,253,36,Kings,029500
Census Tract 296; Kings County; New York,76714,2649,50,0,1532,0,1090,807,36,Kings,029600
Census Tract 297; Kings County; New York,71382,883,2868,3,26,34,42,243,36,Kings,029700
Census Tract 298; Kings County; New York,60057,1723,7,41,1537,0,556,133,36,Kings,029800
Census Tract 299; Kings County; New York,45395,627,1445,2,0,5,299,105,36,Kings,029900
Census Tract 300; Kings County; New York,75179,1130,208,0,1995,0,651,238,36,Kings,030000
Census Tract 301; Kings County; New York,95441,584,2266,70,16,0,124,122,36,Kings,030100
Census Tract 302; Kings County; New York,72300,1171,30,10,2419,0,40,229,36,Kings,030200
Census Tract 303; Kings County; New York,45197,406,4409,0,36,0,308,589,36,Kings,030300
Census Tract 304; Kings County; New York,65000,1478,111,0,1602,0,566,167,36,Kings,030400
Census Tract 305; Kings County; New York,124792,2759,2501,0,282,0,261,1378,36,Kings,030500
Census Tract 306; Kings County; New York,70417,925,12,0,869,7,123,17,36,Kings,030600
Census Tract 307; Kings County; New York,51134,820,4705,0,286,0,439,321,36,Kings,030700
Census Tract 308; Kings County; New York,77500,633,0,0,890,0,118,37,36,Kings,030800
Census Tract 309; Kings County; New York,76278,173,1811,0,52,0,186,225,36,Kings,030900
Census Tract 311; Kings County; New York,90250,685,1939,0,351,0,101,313,36,Kings,031100
Census Tract 313; Kings County; New York,102782,914,2675,0,98,0,315,344,36,Kings,031300
Census Tract 314.01; Kings County; New York,87411,2652,35,0,1421,0,617,213,36,Kings,031401
Census Tract 314.02; Kings County; New York,-666666666,0,0,0,0,0,0,0,36,Kings,031402
Census Tract 315; Kings County; New York,96461,1983,2331,0,386,0,15,421,36,Kings,031500
Census Tract 317.01; Kings County; New York,94335,985,2591,0,209,0,104,261,36,Kings,031701
Census Tract 317.02; Kings County; New York,112113,1344,1748,0,170,0,40,510,36,Kings,031702
Census Tract 319; Kings County; New York,98201,1559,1509,0,103,0,131,54,36,Kings,031900
Census Tract 321; Kings County; New York,67292,877,2465,0,133,0,1133,532,36,Kings,032100
Census Tract 323; Kings County; New York,84015,825,2148,0,19,0,157,356,36,Kings,032300
Census Tract 325; Kings County; New York,92274,1128,4224,0,52,0,175,478,36,Kings,032500
Census Tract 326; Kings County; New York,48238,1509,4410,102,1655,45,1159,1205,36,Kings,032600
Census Tract 327; Kings County; New York,71980,632,1589,14,74,0,123,269,36,Kings,032700
Census Tract 328; Kings County; New York,47587,361,990,0,945,0,360,95,36,Kings,032800
Census Tract 329; Kings County; New York,102868,2458,2749,0,306,0,179,209,36,Kings,032900
Census Tract 330; Kings County; New York,19619,867,2072,0,332,0,440,572,36,Kings,033000
Census Tract 331; Kings County; New York,50293,1877,1999,0,0,0,188,107,36,Kings,033100
Census Tract 333; Kings County; New York,62253,3663,687,0,17,0,412,0,36,Kings,033300
Census Tract 335; Kings County; New York,92935,1775,1289,0,14,0,368,76,36,Kings,033500
Census Tract 336; Kings County; New York,82798,3945,237,28,195,0,247,82,36,Kings,033600
Census Tract 337.01; Kings County; New York,90083,1196,1031,0,17,0,317,194,36,Kings,033701
Census Tract 337.02; Kings County; New York,84941,1109,544,0,42,6,61,85,36,Kings,033702
Census Tract 339; Kings County; New York,57475,927,2548,0,265,0,543,653,36,Kings,033900
Census Tract 340; Kings County; New York,31413,759,816,0,132,0,231,107,36,Kings,034000
Census Tract 341; Kings County; New York,49638,693,1511,4,60,0,100,298,36,Kings,034100
Census Tract 342; Kings County; New York,20120,2029,2321,0,133,0,1660,347,36,Kings,034200
Census Tract 343; Kings County; New York,50417,596,2543,0,0,0,837,513,36,Kings,034300
Census Tract 345; Kings County; New York,57937,887,1425,0,92,0,36,229,36,Kings,034500
Census Tract 347; Kings County; New York,52644,337,2427,0,0,0,300,93,36,Kings,034700
Census Tract 348; Kings County; New York,53485,492,228,0,484,0,1231,417,36,Kings,034800
Census Tract 349.01; Kings County; New York,65868,411,1324,0,0,0,127,477,36,Kings,034901
Census Tract 349.02; Kings County; New York,46571,615,2732,0,0,0,25,127,36,Kings,034902
Census Tract 350; Kings County; New York,54150,3082,0,0,0,0,0,0,36,Kings,035000
Census Tract 351.01; Kings County; New York,52987,157,1444,11,43,0,74,76,36,Kings,035101
Census Tract 351.02; Kings County; New York,49688,513,2038,0,34,0,539,129,36,Kings,035102
Census Tract 352; Kings County; New York,12170,953,356,17,61,0,11,33,36,Kings,035200
Census Tract 353.01; Kings County; New York,49222,328,2346,0,70,9,59,190,36,Kings,035301
Census Tract 353.02; Kings County; New York,84052,733,1990,19,0,0,115,332,36,Kings,035302
Census Tract 354; Kings County; New York,50559,5165,16,19,15,0,21,130,36,Kings,035400
Census Tract 355; Kings County; New York,75965,912,3819,0,0,0,324,460,36,Kings,035500
Census Tract 356.01; Kings County; New York,31525,2470,35,21,77,0,6,31,36,Kings,035601
Census Tract 356.02; Kings County; New York,58372,5662,81,0,335,0,0,643,36,Kings,035602
Census Tract 357.01; Kings County; New York,49288,61,2062,0,0,0,280,254,36,Kings,035701
Census Tract 357.02; Kings County; New York,-666666666,0,0,0,0,0,0,0,36,Kings,035702
Census Tract 359; Kings County; New York,66582,503,5106,91,120,0,383,462,36,Kings,035900
Census Tract 360.01; Kings County; New York,32071,2482,21,0,121,0,23,325,36,Kings,036001
Census Tract 360.02; Kings County; New York,25085,3076,93,0,113,0,0,495,36,Kings,036002
Census Tract 361; Kings County; New York,26250,251,1883,0,4,0,327,437,36,Kings,036100
Census Tract 362; Kings County; New York,52340,1766,81,0,645,0,321,530,36,Kings,036200
Census Tract 363; Kings County; New York,45565,96,3852,0,11,0,605,345,36,Kings,036300
Census Tract 364; Kings County; New York,59938,1389,9,0,344,0,302,254,36,Kings,036400
Census Tract 365.01; Kings County; New York,63864,19,2658,0,144,0,455,191,36,Kings,036501
Census Tract 365.02; Kings County; New York,62740,90,1165,8,16,0,514,221,36,Kings,036502
Census Tract 366; Kings County; New York,48278,1810,171,0,883,0,608,897,36,Kings,036600
Census Tract 367; Kings County; New York,68438,625,778,0,0,0,403,176,36,Kings,036700
Census Tract 369; Kings County; New York,39513,832,2634,86,131,0,929,698,36,Kings,036900
Census Tract 370; Kings County; New York,82500,2600,40,4,1064,0,201,203,36,Kings,037000
Census Tract 371; Kings County; New York,91285,603,3645,0,24,0,210,241,36,Kings,037100
Census Tract 373; Kings County; New York,81220,928,3041,15,251,0,552,471,36,Kings,037300
Census Tract 374.01; Kings County; New York,58560,3331,149,0,665,0,312,189,36,Kings,037401
Census Tract 374.02; Kings County; New York,62857,3375,272,0,1097,0,548,157,36,Kings,037402
Census Tract 375; Kings County; New York,92955,590,1905,0,206,0,303,639,36,Kings,037500
Census Tract 377; Kings County; New York,66302,1215,2971,0,125,0,243,339,36,Kings,037700
Census Tract 379; Kings County; New York,59333,339,4003,25,40,0,165,262,36,Kings,037900
Census Tract 381; Kings County; New York,68790,1017,3796,0,75,0,258,478,36,Kings,038100
Census Tract 382; Kings County; New York,24170,695,2687,0,1005,0,617,257,36,Kings,038200
Census Tract 383; Kings County; New York,85254,783,3003,27,100,0,501,1042,36,Kings,038300
Census Tract 385; Kings County; New York,96602,1150,1709,0,130,0,135,771,36,Kings,038500
Census Tract 386; Kings County; New York,74886,1339,19,0,1287,0,399,58,36,Kings,038600
Census Tract 387; Kings County; New York,79550,884,2535,0,756,0,117,538,36,Kings,038700
Census Tract 388; Kings County; New York,94612,3922,266,51,77,0,548,135,36,Kings,038800
Census Tract 389; Kings County; New York,95330,1406,219,0,102,0,743,359,36,Kings,038900
Census Tract 390; Kings County; New York,79682,2379,0,0,116,0,143,34,36,Kings,039000
Census Tract 391; Kings County; New York,101785,1812,275,18,596,0,1188,1354,36,Kings,039100
Census Tract 392; Kings County; New York,56375,2500,344,0,54,0,534,9,36,Kings,039200
Census Tract 393; Kings County; New York,115435,1207,854,105,292,0,817,593,36,Kings,039300
Census Tract 394; Kings County; New York,40833,1818,8,0,146,0,84,20,36,Kings,039400
Census Tract 395; Kings County; New York,82875,1426,1156,0,99,1,831,332,36,Kings,039500
Census Tract 396; Kings County; New York,86500,1559,137,25,0,0,147,119,36,Kings,039600
Census Tract 397; Kings County; New York,85486,964,1333,0,77,0,561,381,36,Kings,039700
Census Tract 398; Kings County; New York,87245,888,0,8,1375,0,310,274,36,Kings,039800
Census Tract 399; Kings County; New York,50592,552,1741,175,205,0,432,1059,36,Kings,039900
Census Tract 400; Kings County; New York,51307,757,31,0,1183,71,76,74,36,Kings,040000
Census Tract 401; Kings County; New York,76250,1246,1062,16,134,0,523,571,36,Kings,040100
Census Tract 402; Kings County; New York,70486,560,0,0,1650,0,254,106,36,Kings,040200
Census Tract 403; Kings County; New York,90773,1317,2125,0,129,0,242,273,36,Kings,040300
Census Tract 404; Kings County; New York,100833,846,46,17,1346,0,94,266,36,Kings,040400
Census Tract 405; Kings County; New York,70091,478,595,0,36,0,127,167,36,Kings,040500
Census Tract 406; Kings County; New York,77763,1344,59,0,1887,0,425,209,36,Kings,040600
Census Tract 407; Kings County; New York,-666666666,0,0,0,0,0,0,0,36,Kings,040700
Census Tract 408; Kings County; New York,92739,1117,87,15,1820,0,612,73,36,Kings,040800
Census Tract 409; Kings County; New York,66864,962,594,166,174,0,1438,524,36,Kings,040900
Census Tract 410; Kings County; New York,75288,1043,13,0,521,0,49,24,36,Kings,041000
Census Tract 411; Kings County; New York,80169,797,656,0,153,0,987,408,36,Kings,041100
Census Tract 412; Kings County; New York,98056,1681,0,0,1228,0,135,120,36,Kings,041200
Census Tract 413; Kings County; New York,107131,1124,1096,0,145,0,476,779,36,Kings,041300
Census Tract 414.01; Kings County; New York,58750,901,59,0,16,0,187,19,36,Kings,041401
Census Tract 414.02; Kings County; New York,56579,1365,89,0,245,2,226,184,36,Kings,041402
Census Tract 415; Kings County; New York,94470,985,1628,4,84,0,1322,268,36,Kings,041500
Census Tract 416; Kings County; New York,67679,1310,37,145,93,0,462,58,36,Kings,041600
Census Tract 417; Kings County; New York,33981,431,885,0,166,0,1241,667,36,Kings,041700
Census Tract 418; Kings County; New York,60833,2375,6,32,229,0,46,102,36,Kings,041800
Census Tract 419; Kings County; New York,65046,604,1133,109,375,0,799,397,36,Kings,041900
Census Tract 420; Kings County; New York,85332,1427,16,0,40,0,213,31,36,Kings,042000
Census Tract 421; Kings County; New York,92635,1055,630,0,460,0,865,1079,36,Kings,042100
Census Tract 422; Kings County; New York,68684,1695,42,0,254,0,1085,26,36,Kings,042200
Census Tract 423; Kings County; New York,113750,1663,535,114,322,0,1195,502,36,Kings,042300
Census Tract 424; Kings County; New York,70585,1340,105,0,1644,6,66,242,36,Kings,042400
Census Tract 425; Kings County; New York,90392,944,291,56,28,0,1346,248,36,Kings,042500
Census Tract 426; Kings County; New York,62219,1781,33,0,1537,0,912,147,36,Kings,042600
Census Tract 427; Kings County; New York,84779,2019,259,433,184,0,578,742,36,Kings,042700
Census Tract 428; Kings County; New York,85625,1863,77,13,1202,0,301,396,36,Kings,042800
Census Tract 429; Kings County; New York,66250,1219,779,84,301,0,1955,736,36,Kings,042900
Census Tract 430; Kings County; New York,57487,1647,5,0,1116,0,515,385,36,Kings,043000
Census Tract 431; Kings County; New York,89548,1739,389,35,294,0,814,752,36,Kings,043100
Census Tract 432; Kings County; New York,88088,1440,48,8,1837,0,303,462,36,Kings,043200
Census Tract 433; Kings County; New York,44975,317,1086,0,210,0,903,1105,36,Kings,043300
Census Tract 434; Kings County; New York,68333,1768,0,0,1374,0,415,504,36,Kings,043400
Census Tract 435; Kings County; New York,86367,984,806,273,401,0,1925,582,36,Kings,043500
Census Tract 436; Kings County; New York,79464,1827,88,0,1817,0,569,290,36,Kings,043600
Census Tract 437; Kings County; New York,62054,1079,813,78,96,0,1609,1553,36,Kings,043700
Census Tract 438; Kings County; New York,74808,1568,74,0,251,0,245,245,36,Kings,043800
Census Tract 439; Kings County; New York,91742,587,705,0,556,0,1620,577,36,Kings,043900
Census Tract 440; Kings County; New York,89831,2051,25,0,207,0,258,105,36,Kings,044000
Census Tract 441; Kings County; New York,66866,1521,428,0,234,0,2207,494,36,Kings,044100
Census Tract 442; Kings County; New York,72857,2305,12,0,16,0,0,46,36,Kings,044200
Census Tract 443; Kings County; New York,91908,2152,148,56,260,0,1099,557,36,Kings,044300
Census Tract 444; Kings County; New York,71929,2517,146,0,108,0,270,43,36,Kings,044400
Census Tract 445; Kings County; New York,85741,1181,228,133,493,0,1368,553,36,Kings,044500
Census Tract 446; Kings County; New York,65037,796,21,0,818,0,265,134,36,Kings,044600
Census Tract 447; Kings County; New York,90774,1202,389,0,62,0,346,471,36,Kings,044700
Census Tract 448; Kings County; New York,86932,1521,7,0,178,0,58,23,36,Kings,044800
Census Tract 449.01; Kings County; New York,61451,478,1449,57,101,0,187,295,36,Kings,044901
Census Tract 449.02; Kings County; New York,-666666666,0,0,0,0,0,0,0,36,Kings,044902
Census Tract 450; Kings County; New York,88558,654,9,0,45,0,63,92,36,Kings,045000
Census Tract 452; Kings County; New York,74236,2160,64,0,97,0,276,43,36,Kings,045200
Census Tract 453; Kings County; New York,66856,730,554,51,76,0,125,402,36,Kings,045300
Census Tract 454; Kings County; New York,90859,1115,409,0,11,0,416,0,36,Kings,045400
Census Tract 456; Kings County; New York,76047,1131,20,0,591,0,437,66,36,Kings,045600
Census Tract 458; Kings County; New York,68393,1097,10,0,0,0,19,6,36,Kings,045800
Census Tract 460; Kings County; New York,105900,1529,137,0,952,0,123,594,36,Kings,046000
Census Tract 462.01; Kings County; New York,43711,2049,1,24,349,0,22,130,36,Kings,046201
Census Tract 462.02; Kings County; New York,91328,1515,33,0,279,0,12,8,36,Kings,046202
Census Tract 464; Kings County; New York,68315,2488,13,0,118,0,121,28,36,Kings,046400
Census Tract 468; Kings County; New York,40250,2206,5,0,0,0,2,2,36,Kings,046800
Census Tract 470; Kings County; New York,67303,2233,2,0,0,0,200,51,36,Kings,047000
Census Tract 472; Kings County; New York,72153,2668,20,0,0,0,226,44,36,Kings,047200
Census Tract 474; Kings County; New York,64625,2585,5,0,33,0,271,80,36,Kings,047400
Census Tract 476; Kings County; New York,75026,3469,137,0,55,0,167,11,36,Kings,047600
Census Tract 477; Kings County; New York,174977,3109,34,0,335,0,120,504,36,Kings,047700
Census Tract 478; Kings County; New York,57591,4308,90,0,236,0,371,159,36,Kings,047800
Census Tract 480; Kings County; New York,43074,2024,68,412,588,0,389,53,36,Kings,048000
Census Tract 481; Kings County; New York,96031,1455,69,31,219,0,824,304,36,Kings,048100
Census Tract 482; Kings County; New York,58071,2982,345,47,1558,0,463,60,36,Kings,048200
Census Tract 484; Kings County; New York,86908,3342,655,0,675,0,415,284,36,Kings,048400
Census Tract 485; Kings County; New York,125417,1390,244,64,200,0,193,280,36,Kings,048500
Census Tract 486; Kings County; New York,61281,479,662,182,1391,0,327,159,36,Kings,048600
Census Tract 488; Kings County; New York,74012,2135,461,0,776,0,345,337,36,Kings,048800
Census Tract 489; Kings County; New York,33102,477,1398,32,15,0,973,333,36,Kings,048900
Census Tract 490; Kings County; New York,73988,1855,109,0,2134,0,705,463,36,Kings,049000
Census Tract 491; Kings County; New York,46933,2240,1187,235,2073,0,1232,203,36,Kings,049100
Census Tract 492; Kings County; New York,111964,1118,499,0,566,0,104,472,36,Kings,049200
Census Tract 493.01; Kings County; New York,22521,380,713,55,0,0,696,325,36,Kings,049301
Census Tract 493.02; Kings County; New York,71328,1488,448,0,239,0,1842,674,36,Kings,049302
Census Tract 494; Kings County; New York,100878,2729,576,0,658,0,659,890,36,Kings,049400
Census Tract 495; Kings County; New York,96875,1577,369,0,312,0,492,189,36,Kings,049500
Census Tract 496; Kings County; New York,79213,1941,69,26,1110,0,519,341,36,Kings,049600
Census Tract 497; Kings County; New York,142054,2419,132,0,235,0,83,421,36,Kings,049700
Census Tract 498; Kings County; New York,79632,1327,236,55,1714,0,38,793,36,Kings,049800
Census Tract 499; Kings County; New York,112321,1619,95,0,160,0,108,303,36,Kings,049900
Census Tract 500.01; Kings County; New York,120787,1431,148,14,324,0,127,235,36,Kings,050001
Census Tract 500.02; Kings County; New York,167604,1030,141,0,120,0,7,428,36,Kings,050002
Census Tract 501; Kings County; New York,132159,1939,113,0,193,0,497,347,36,Kings,050100
Census Tract 502.02; Kings County; New York,96310,1716,57,0,222,0,25,261,36,Kings,050202
Census Tract 503; Kings County; New York,168029,2089,51,28,274,0,329,273,36,Kings,050300
Census Tract 504.01; Kings County; New York,152739,1962,280,0,149,0,56,377,36,Kings,050401
Census Tract 504.02; Kings County; New York,171681,1192,493,0,83,0,9,158,36,Kings,050402
Census Tract 505; Kings County; New York,82541,1250,1132,30,521,54,501,796,36,Kings,050500
Census Tract 506; Kings County; New York,69977,1724,1546,83,746,0,787,789,36,Kings,050600
Census Tract 507; Kings County; New York,58125,3545,21,29,29,0,138,107,36,Kings,050700
Census Tract 508.01; Kings County; New York,69446,351,2053,0,201,0,604,509,36,Kings,050801
Census Tract 508.03; Kings County; New York,79242,777,1271,33,45,0,200,282,36,Kings,050803
Census Tract 508.04; Kings County; New York,108871,2212,3204,0,276,0,647,426,36,Kings,050804
Census Tract 509; Kings County; New York,40598,4570,0,0,0,0,802,101,36,Kings,050900
Census Tract 510.01; Kings County; New York,58877,247,3543,23,180,0,446,213,36,Kings,051001
Census Tract 510.02; Kings County; New York,64128,532,2380,103,134,0,436,443,36,Kings,051002
Census Tract 511; Kings County; New York,85383,1624,86,65,684,0,953,510,36,Kings,051100
Census Tract 512; Kings County; New York,82240,1180,3218,129,279,0,750,435,36,Kings,051200
Census Tract 513; Kings County; New York,133132,2811,373,50,465,0,1215,714,36,Kings,051300
Census Tract 514; Kings County; New York,88929,1333,3290,294,278,0,1382,637,36,Kings,051400
Census Tract 515; Kings County; New York,226450,1904,126,0,463,0,53,293,36,Kings,051500
Census Tract 516.01; Kings County; New York,68202,638,2867,77,283,42,516,401,36,Kings,051601
Census Tract 516.02; Kings County; New York,80341,420,2389,0,73,0,702,200,36,Kings,051602
Census Tract 517; Kings County; New York,220795,1875,58,0,186,0,258,476,36,Kings,051700
Census Tract 518; Kings County; New York,101985,1217,1188,0,264,0,278,501,36,Kings,051800
Census Tract 519; Kings County; New York,212881,3614,66,0,917,0,236,892,36,Kings,051900
Census Tract 520; Kings County; New York,121325,1245,719,0,1138,0,228,214,36,Kings,052000
Census Tract 523; Kings County; New York,77976,2091,482,34,284,0,1525,1016,36,Kings,052300
Census Tract 525; Kings County; New York,51393,2646,0,0,183,0,446,226,36,Kings,052500
Census Tract 526; Kings County; New York,88520,1768,756,10,696,0,406,243,36,Kings,052600
Census Tract 527; Kings County; New York,63608,2222,557,43,554,0,2338,207,36,Kings,052700
Census Tract 528; Kings County; New York,120670,1016,100,0,550,0,53,107,36,Kings,052800
Census Tract 529; Kings County; New York,41576,2496,0,0,194,0,269,154,36,Kings,052900
Census Tract 530; Kings County; New York,76684,2395,181,0,666,13,109,264,36,Kings,053000
Census Tract 531.01; Kings County; New York,-666666666,2404,81,0,61,0,0,83,36,Kings,053101
Census Tract 531.02; Kings County; New York,68487,6018,21,0,0,0,0,187,36,Kings,053102
Census Tract 532; Kings County; New York,67273,1233,105,5,363,0,351,239,36,Kings,053200
Census Tract 533; Kings County; New York,34889,6106,10,0,1,0,37,79,36,Kings,053300
Census Tract 534; Kings County; New York,67240,2144,532,0,1543,26,137,106,36,Kings,053400
Census Tract 535; Kings County; New York,24912,3798,0,0,0,0,437,40,36,Kings,053500
Census Tract 537; Kings County; New York,42471,4062,77,0,36,0,0,6,36,Kings,053700
Census Tract 538; Kings County; New York,70978,3376,877,111,516,0,689,237,36,Kings,053800
Census Tract 539; Kings County; New York,43688,2103,127,0,20,0,208,94,36,Kings,053900
Census Tract 542; Kings County; New York,57472,2894,157,0,268,0,396,326,36,Kings,054200
Census Tract 543; Kings County; New York,-666666666,0,0,0,0,0,0,0,36,Kings,054300
Census Tract 544; Kings County; New York,67500,3216,0,0,648,0,21,21,36,Kings,054400
Census Tract 545; Kings County; New York,36559,3215,3001,189,7,0,911,131,36,Kings,054500
Census Tract 546; Kings County; New York,71667,3129,370,0,830,1,459,425,36,Kings,054600
Census Tract 547; Kings County; New York,91108,6192,479,33,323,0,334,1079,36,Kings,054700
Census Tract 548; Kings County; New York,100104,1961,106,0,69,0,59,41,36,Kings,054800
Census Tract 549; Kings County; New York,171250,3582,0,39,256,0,263,505,36,Kings,054900
Census Tract 550; Kings County; New York,59632,2433,190,0,402,0,163,324,36,Kings,055000
Census Tract 551; Kings County; New York,162577,3497,821,26,561,0,1078,814,36,Kings,055100
Census Tract 552; Kings County; New York,107734,2704,13,55,689,0,49,235,36,Kings,055200
Census Tract 553; Kings County; New York,141250,2058,52,0,238,0,660,317,36,Kings,055300
Census Tract 554; Kings County; New York,61740,2839,44,0,562,0,132,511,36,Kings,055400
Census Tract 555; Kings County; New York,188015,6277,476,0,865,0,263,1302,36,Kings,055500
Census Tract 556; Kings County; New York,68589,2537,45,0,382,0,32,367,36,Kings,055600
Census Tract 557; Kings County; New York,146765,1385,8,0,134,0,39,209,36,Kings,055700
Census Tract 558; Kings County; New York,69063,1533,23,0,470,0,128,137,36,Kings,055800
Census Tract 560; Kings County; New York,72283,2371,254,0,541,0,99,329,36,Kings,056000
Census Tract 561; Kings County; New York,160810,2430,143,0,167,0,223,617,36,Kings,056100
Census Tract 562; Kings County; New York,92500,1569,0,0,284,0,7,5,36,Kings,056200
Census Tract 563.01; Kings County; New York,146458,3194,110,0,377,0,744,353,36,Kings,056301
Census Tract 563.02; Kings County; New York,74732,1107,258,0,156,0,230,389,36,Kings,056302
Census Tract 564; Kings County; New York,84128,1605,148,0,523,0,130,158,36,Kings,056400
Census Tract 565; Kings County; New York,118032,2579,26,0,261,0,189,285,36,Kings,056500
Census Tract 566; Kings County; New York,73929,1102,295,0,688,0,107,105,36,Kings,056600
Census Tract 568; Kings County; New York,74476,751,0,0,341,0,65,90,36,Kings,056800
Census Tract 569; Kings County; New York,164519,1350,20,0,79,0,79,216,36,Kings,056900
Census Tract 570; Kings County; New York,78184,1899,192,0,972,0,282,276,36,Kings,057000
Census Tract 571; Kings County; New York,117832,3349,50,0,157,0,40,588,36,Kings,057100
Census Tract 572; Kings County; New York,40428,1096,3395,0,376,0,456,176,36,Kings,057200
Census Tract 573; Kings County; New York,148875,1858,137,0,108,0,46,333,36,Kings,057300
Census Tract 574; Kings County; New York,94231,1064,0,0,1503,0,0,42,36,Kings,057400
Census Tract 575; Kings County; New York,128304,3078,189,143,259,0,395,839,36,Kings,057500
Census Tract 576; Kings County; New York,92719,1144,0,0,1493,0,76,168,36,Kings,057600
Census Tract 578; Kings County; New York,46746,1384,78,0,1132,0,204,199,36,Kings,057800
Census Tract 579.01; Kings County; New York,137366,790,230,0,181,0,100,126,36,Kings,057901
Census Tract 579.02; Kings County; New York,-666666666,0,0,0,0,0,0,0,36,Kings,057902
Census Tract 580; Kings County; New York,41278,1637,101,0,1050,0,290,388,36,Kings,058000
Census Tract 582; Kings County; New York,57143,1169,33,0,537,0,543,153,36,Kings,058200
Census Tract 584; Kings County; New York,69643,2458,30,0,954,0,11,93,36,Kings,058400
Census Tract 586; Kings County; New York,84176,766,335,0,1146,0,13,29,36,Kings,058600
Census Tract 588; Kings County; New York,115865,2397,139,0,777,0,128,198,36,Kings,058800
Census Tract 589.01; Kings County; New York,110313,1627,13,2,48,0,28,158,36,Kings,058901
Census Tract 589.02; Kings County; New York,-666666666,0,0,0,0,0,0,0,36,Kings,058902
Census Tract 590; Kings County; New York,97567,698,48,0,790,0,414,63,36,Kings,059000
Census Tract 591; Kings County; New York,135339,2986,72,0,131,0,117,579,36,Kings,059100
Census Tract 592; Kings County; New York,58063,2511,35,0,905,0,0,443,36,Kings,059200
Census Tract 593; Kings County; New York,106544,1995,59,17,51,0,145,336,36,Kings,059300
Census Tract 594.02; Kings County; New York,74917,4244,73,0,1207,0,206,0,36,Kings,059402
Census Tract 594.03; Kings County; New York,63750,1357,60,0,1265,0,56,101,36,Kings,059403
Census Tract 594.04; Kings County; New York,62854,2414,25,0,1383,0,235,187,36,Kings,059404
Census Tract 596; Kings County; New York,56359,1677,31,0,480,0,0,47,36,Kings,059600
Census Tract 598; Kings County; New York,81724,2161,177,0,380,0,0,405,36,Kings,059800
Census Tract 600; Kings County; New York,99383,5366,16,0,690,0,50,329,36,Kings,060000
Census Tract 606; Kings County; New York,64353,1807,30,0,327,0,78,524,36,Kings,060600
Census Tract 608; Kings County; New York,65705,2155,147,166,660,0,272,379,36,Kings,060800
Census Tract 610.02; Kings County; New York,75132,5016,0,0,86,0,16,45,36,Kings,061002
Census Tract 610.03; Kings County; New York,50361,516,65,0,563,0,320,583,36,Kings,061003
Census Tract 610.04; Kings County; New York,38443,4339,33,0,374,0,373,540,36,Kings,061004
Census Tract 612; Kings County; New York,153854,962,18,0,9,0,29,76,36,Kings,061200
Census Tract 616; Kings County; New York,168438,1483,45,11,0,6,0,8,36,Kings,061600
Census Tract 620; Kings County; New York,91486,1670,0,0,16,0,0,121,36,Kings,062000
Census Tract 622; Kings County; New York,68997,1521,572,8,336,0,318,136,36,Kings,062200
Census Tract 626; Kings County; New York,65694,2117,174,0,655,0,38,241,36,Kings,062600
Census Tract 628; Kings County; New York,111894,4134,0,0,281,0,142,322,36,Kings,062800
Census Tract 632; Kings County; New York,79500,1002,24,31,286,0,21,104,36,Kings,063200
Census Tract 636; Kings County; New York,142986,779,20,0,238,0,34,41,36,Kings,063600
Census Tract 638; Kings County; New York,104091,1291,102,0,451,0,7,0,36,Kings,063800
Census Tract 640; Kings County; New York,144857,1343,0,0,55,0,29,154,36,Kings,064000
Census Tract 642; Kings County; New York,68319,2062,5,0,272,81,42,225,36,Kings,064200
Census Tract 644; Kings County; New York,95833,1534,268,0,474,0,29,142,36,Kings,064400
Census Tract 646; Kings County; New York,96462,1539,33,0,498,0,79,38,36,Kings,064600
Census Tract 648; Kings County; New York,110156,1135,351,47,103,0,31,266,36,Kings,064800
Census Tract 650; Kings County; New York,90254,529,504,0,122,0,114,43,36,Kings,065000
Census Tract 652; Kings County; New York,92969,973,79,0,52,0,0,76,36,Kings,065200
Census Tract 654; Kings County; New York,127143,1251,17,0,399,0,6,86,36,Kings,065400
Census Tract 656; Kings County; New York,122708,1254,23,0,464,0,37,66,36,Kings,065600
Census Tract 658; Kings County; New York,94400,1000,41,0,505,0,6,240,36,Kings,065800
Census Tract 660; Kings County; New York,150219,1403,0,0,290,0,0,219,36,Kings,066000
Census Tract 662; Kings County; New York,63681,586,32,21,350,0,112,43,36,Kings,066200
Census Tract 666; Kings County; New York,-666666666,0,0,0,0,0,0,0,36,Kings,066600
Census Tract 670; Kings County; New York,88920,547,1451,1,373,0,50,176,36,Kings,067000
Census Tract 672; Kings County; New York,81834,151,855,0,116,0,427,10,36,Kings,067200
Census Tract 674; Kings County; New York,122609,150,1182,84,229,0,29,236,36,Kings,067400
Census Tract 676; Kings County; New York,124934,164,1284,0,5,0,214,128,36,Kings,067600
Census Tract 678; Kings County; New York,95044,116,2196,3,1,0,103,256,36,Kings,067800
Census Tract 680; Kings County; New York,93994,104,1314,0,7,0,73,409,36,Kings,068000
Census Tract 682; Kings County; New York,118611,592,1385,0,172,0,374,321,36,Kings,068200
Census Tract 686; Kings County; New York,107431,787,669,4,248,0,5,11,36,Kings,068600
Census Tract 688; Kings County; New York,91000,269,836,0,190,0,187,146,36,Kings,068800
Census Tract 690; Kings County; New York,127989,167,942,0,194,0,364,61,36,Kings,069000
Census Tract 692; Kings County; New York,92717,244,1627,94,59,0,228,36,36,Kings,069200
Census Tract 696.01; Kings County; New York,98607,1219,1885,0,68,0,97,137,36,Kings,069601
Census Tract 696.02; Kings County; New York,101724,3016,1734,0,341,0,514,25,36,Kings,069602
Census Tract 698; Kings County; New York,126500,754,110,0,150,0,344,94,36,Kings,069800
Census Tract 700; Kings County; New York,93493,1101,151,0,28,0,52,70,36,Kings,070000
Census Tract 702.01; Kings County; New York,117604,6082,0,0,238,0,255,229,36,Kings,070201
Census Tract 702.02; Kings County; New York,-666666666,9,0,0,4,0,0,0,36,Kings,070202
Census Tract 702.03; Kings County; New York,-666666666,0,0,0,0,0,0,0,36,Kings,070203
Census Tract 706.01; Kings County; New York,145577,2032,0,0,53,0,48,451,36,Kings,070601
Census Tract 706.02; Kings County; New York,-666666666,0,0,0,0,0,0,0,36,Kings,070602
Census Tract 720; Kings County; New York,72619,40,1527,0,157,0,164,50,36,Kings,072000
Census Tract 722; Kings County; New York,55068,76,1784,0,6,0,20,301,36,Kings,072200
Census Tract 724; Kings County; New York,65722,19,1584,0,0,0,31,60,36,Kings,072400
Census Tract 726; Kings County; New York,101250,111,2131,0,33,0,33,339,36,Kings,072600
Census Tract 728; Kings County; New York,64654,58,2937,0,227,0,6,366,36,Kings,072800
Census Tract 730; Kings County; New York,137244,147,1932,0,130,0,25,215,36,Kings,073000
Census Tract 732; Kings County; New York,87908,30,1723,0,29,0,0,145,36,Kings,073200
Census Tract 734; Kings County; New York,124205,43,1035,0,110,0,99,192,36,Kings,073400
Census Tract 736; Kings County; New York,79256,45,1620,0,578,0,206,358,36,Kings,073600
Census Tract 738; Kings County; New York,57222,925,1692,178,300,0,305,64,36,Kings,073800
Census Tract 740; Kings County; New York,79688,500,2164,23,745,0,245,139,36,Kings,074000
Census Tract 742; Kings County; New York,72635,1225,898,0,130,34,158,354,36,Kings,074200
Census Tract 744; Kings County; New York,145929,2676,95,16,96,0,90,95,36,Kings,074400
Census Tract 746; Kings County; New York,85587,1747,261,0,83,0,33,25,36,Kings,074600
Census Tract 748; Kings County; New York,79808,1107,348,0,30,0,13,97,36,Kings,074800
Census Tract 750; Kings County; New York,105881,2025,487,0,46,0,210,77,36,Kings,075000
Census Tract 752; Kings County; New York,162938,1146,0,0,0,0,0,5,36,Kings,075200
Census Tract 754; Kings County; New York,116726,1264,18,0,0,0,0,2,36,Kings,075400
Census Tract 756; Kings County; New York,87885,1430,111,12,244,0,0,152,36,Kings,075600
Census Tract 758; Kings County; New York,58314,1196,79,0,49,0,8,128,36,Kings,075800
Census Tract 760; Kings County; New York,65795,2433,228,0,56,0,112,263,36,Kings,076000
Census Tract 762; Kings County; New York,43365,1534,329,0,1046,0,567,638,36,Kings,076200
Census Tract 764; Kings County; New York,79868,878,2001,33,632,19,459,170,36,Kings,076400
Census Tract 766; Kings County; New York,74773,342,1299,0,153,0,135,185,36,Kings,076600
Census Tract 768; Kings County; New York,61354,2508,72,14,994,0,150,260,36,Kings,076800
Census Tract 770; Kings County; New York,84476,486,1937,19,67,0,71,146,36,Kings,077000
Census Tract 772; Kings County; New York,75739,1023,1484,0,108,0,406,222,36,Kings,077200
Census Tract 774; Kings County; New York,76061,473,1874,0,178,0,302,279,36,Kings,077400
Census Tract 776; Kings County; New York,72240,466,2373,0,381,0,114,104,36,Kings,077600
Census Tract 780; Kings County; New York,117232,105,2051,0,41,0,0,24,36,Kings,078000
Census Tract 782; Kings County; New York,59422,48,3032,0,131,0,490,495,36,Kings,078200
Census Tract 784; Kings County; New York,93409,110,1579,0,99,0,118,428,36,Kings,078400
Census Tract 786.01; Kings County; New York,84458,190,1365,0,440,0,48,139,36,Kings,078601
Census Tract 786.02; Kings County; New York,62237,146,1648,6,41,0,181,203,36,Kings,078602
Census Tract 788.01; Kings County; New York,58493,204,1143,0,0,0,141,374,36,Kings,078801
Census Tract 788.02; Kings County; New York,51037,12,1626,0,13,0,109,110,36,Kings,078802
Census Tract 790.01; Kings County; New York,68977,85,1475,11,65,0,29,176,36,Kings,079001
Census Tract 790.02; Kings County; New York,59896,80,2126,0,312,0,160,504,36,Kings,079002
Census Tract 792.01; Kings County; New York,86434,257,883,0,0,0,24,254,36,Kings,079201
Census Tract 792.02; Kings County; New York,91143,173,1641,0,118,0,263,283,36,Kings,079202
Census Tract 794; Kings County; New York,97500,172,1551,0,27,0,128,507,36,Kings,079400
Census Tract 796.01; Kings County; New York,71509,903,1900,0,101,0,300,322,36,Kings,079601
Census Tract 796.02; Kings County; New York,87847,1106,2916,255,347,0,537,930,36,Kings,079602
Census Tract 798.01; Kings County; New York,79054,1167,1421,0,193,0,76,388,36,Kings,079801
Census Tract 798.02; Kings County; New York,98516,1376,2499,0,284,0,175,679,36,Kings,079802
Census Tract 800; Kings County; New York,106250,1005,1656,14,84,0,93,534,36,Kings,080000
Census Tract 802; Kings County; New York,96627,776,2735,0,124,0,126,327,36,Kings,080200
Census Tract 804; Kings County; New York,56250,630,1710,0,134,0,0,419,36,Kings,080400
Census Tract 806; Kings County; New York,68400,1293,1960,0,57,0,202,135,36,Kings,080600
Census Tract 808; Kings County; New York,12132,443,1172,8,100,0,271,77,36,Kings,080800
Census Tract 810; Kings County; New York,83362,191,1634,0,114,0,35,89,36,Kings,081000
Census Tract 814; Kings County; New York,52250,314,2104,0,92,0,0,118,36,Kings,081400
Census Tract 816; Kings County; New York,109043,283,2219,0,89,0,80,317,36,Kings,081600
Census Tract 818; Kings County; New York,73463,694,3222,15,303,0,121,201,36,Kings,081800
Census Tract 820; Kings County; New York,61548,659,3481,0,122,0,305,263,36,Kings,082000
Census Tract 822; Kings County; New York,87104,763,5917,0,217,0,126,659,36,Kings,082200
Census Tract 824; Kings County; New York,69886,252,4465,54,16,0,515,560,36,Kings,082400
Census Tract 826; Kings County; New York,69732,202,3844,46,0,0,58,457,36,Kings,082600
Census Tract 828; Kings County; New York,74076,298,3045,0,127,0,101,311,36,Kings,082800
Census Tract 830; Kings County; New York,81016,111,5108,72,42,0,325,382,36,Kings,083000
Census Tract 832; Kings County; New York,97104,25,1817,2,175,30,26,152,36,Kings,083200
Census Tract 834; Kings County; New York,90625,33,1095,0,22,0,15,415,36,Kings,083400
Census Tract 836; Kings County; New York,82464,36,1477,4,14,0,74,271,36,Kings,083600
Census Tract 838; Kings County; New York,58625,15,1536,0,30,0,1,220,36,Kings,083800
Census Tract 840; Kings County; New York,76607,33,2002,20,2,0,11,310,36,Kings,084000
Census Tract 846; Kings County; New York,68555,32,1577,0,0,0,5,377,36,Kings,084600
Census Tract 848; Kings County; New York,92578,11,1366,0,0,0,91,40,36,Kings,084800
Census Tract 850; Kings County; New York,120179,44,1339,0,0,0,0,103,36,Kings,085000
Census Tract 852; Kings County; New York,-666666666,0,22,0,0,0,0,0,36,Kings,085200
Census Tract 854; Kings County; New York,71042,81,1613,0,41,0,31,381,36,Kings,085400
Census Tract 856; Kings County; New York,91061,89,2912,0,9,0,87,361,36,Kings,085600
Census Tract 858; Kings County; New York,57105,30,1383,16,102,0,29,253,36,Kings,085800
Census Tract 860; Kings County; New York,75528,10,2387,0,0,0,161,149,36,Kings,086000
Census Tract 862; Kings County; New York,56386,49,2397,0,22,0,119,310,36,Kings,086200
Census Tract 864; Kings County; New York,62206,66,1753,0,26,0,22,340,36,Kings,086400
Census Tract 866; Kings County; New York,77728,245,2422,0,8,0,76,501,36,Kings,086600
Census Tract 868; Kings County; New York,47708,80,2701,0,62,0,109,139,36,Kings,086800
Census Tract 870; Kings County; New York,57366,176,2417,0,44,0,440,55,36,Kings,087000
Census Tract 872; Kings County; New York,80372,220,2428,0,109,0,118,295,36,Kings,087200
Census Tract 874.01; Kings County; New York,35298,444,2168,0,0,0,55,402,36,Kings,087401
Census Tract 876; Kings County; New York,46789,538,1067,0,4,0,41,267,36,Kings,087600
Census Tract 878; Kings County; New York,57900,58,2166,0,51,0,22,394,36,Kings,087800
Census Tract 880.01; Kings County; New York,60500,1,1526,0,0,0,34,321,36,Kings,088001
Census Tract 880.02; Kings County; New York,103529,340,657,0,18,0,0,151,36,Kings,088002
Census Tract 882; Kings County; New York,48028,810,4911,0,0,0,720,592,36,Kings,088200
Census Tract 884; Kings County; New York,47269,57,4168,0,0,11,62,1195,36,Kings,088400
Census Tract 886; Kings County; New York,54158,143,3580,0,31,0,18,225,36,Kings,088600
Census Tract 888; Kings County; New York,61346,15,3066,0,120,0,389,528,36,Kings,088800
Census Tract 890; Kings County; New York,59583,160,6042,0,0,32,477,208,36,Kings,089000
Census Tract 892; Kings County; New York,31496,121,3219,0,0,0,109,193,36,Kings,089200
Census Tract 894; Kings County; New York,62157,44,3393,0,0,0,68,212,36,Kings,089400
Census Tract 896; Kings County; New York,-666666666,419,2485,0,89,0,46,621,36,Kings,089600
Census Tract 898; Kings County; New York,79554,69,1272,0,225,0,152,542,36,Kings,089800
Census Tract 900; Kings County; New York,22396,297,3541,0,0,0,150,568,36,Kings,090000
Census Tract 902; Kings County; New York,42424,216,2523,0,260,0,283,604,36,Kings,090200
Census Tract 906; Kings County; New York,27706,7,3165,0,39,0,466,727,36,Kings,090600
Census Tract 908; Kings County; New York,31003,575,3298,71,65,0,550,1897,36,Kings,090800
Census Tract 910; Kings County; New York,17028,685,2708,37,101,0,1564,844,36,Kings,091000
Census Tract 912; Kings County; New York,21840,741,4047,0,0,0,1663,259,36,Kings,091200
Census Tract 916; Kings County; New York,43109,263,3397,0,24,0,406,560,36,Kings,091600
Census Tract 918; Kings County; New York,46657,174,1473,5,0,0,532,362,36,Kings,091800
Census Tract 920; Kings County; New York,43901,0,2486,0,43,0,147,174,36,Kings,092000
Census Tract 922; Kings County; New York,50603,494,1822,0,174,0,73,427,36,Kings,092200
Census Tract 924; Kings County; New York,33231,327,2297,105,0,0,70,227,36,Kings,092400
Census Tract 928; Kings County; New York,86313,8,2072,0,0,0,78,243,36,Kings,092800
Census Tract 930; Kings County; New York,96250,1,2643,0,0,0,14,353,36,Kings,093000
Census Tract 932; Kings County; New York,-666666666,46,1155,0,14,0,223,70,36,Kings,093200
Census Tract 934; Kings County; New York,83357,63,1978,0,0,0,95,294,36,Kings,093400
Census Tract 936; Kings County; New York,78929,10,1468,0,58,0,7,22,36,Kings,093600
Census Tract 938; Kings County; New York,74781,162,1991,0,0,0,83,275,36,Kings,093800
Census Tract 944.01; Kings County; New York,85607,91,2644,0,0,0,0,321,36,Kings,094401
Census Tract 944.02; Kings County; New York,27044,97,2737,0,0,0,232,56,36,Kings,094402
Census Tract 946; Kings County; New York,93819,2,1732,58,34,0,64,95,36,Kings,094600
Census Tract 950; Kings County; New York,92895,88,2195,0,0,0,256,53,36,Kings,095000
Census Tract 954; Kings County; New York,95081,89,3770,0,0,0,106,202,36,Kings,095400
Census Tract 956; Kings County; New York,100404,155,3624,0,0,0,0,275,36,Kings,095600
Census Tract 958; Kings County; New York,67091,195,2272,0,37,0,264,219,36,Kings,095800
Census Tract 960; Kings County; New York,-666666666,0,0,0,0,0,0,0,36,Kings,096000
Census Tract 962; Kings County; New York,96500,88,1196,0,73,0,147,25,36,Kings,096200
Census Tract 964; Kings County; New York,82350,59,1914,0,50,0,58,395,36,Kings,096400
Census Tract 966; Kings County; New York,72396,61,1519,0,92,0,125,341,36,Kings,096600
Census Tract 968; Kings County; New York,90357,97,727,15,116,0,71,370,36,Kings,096800
Census Tract 970; Kings County; New York,102566,220,1634,0,0,0,174,273,36,Kings,097000
Census Tract 974; Kings County; New York,80769,311,1757,0,53,0,249,146,36,Kings,097400
Census Tract 982; Kings County; New York,23580,76,3084,6,0,0,463,495,36,Kings,098200
Census Tract 984; Kings County; New York,114292,38,1833,0,0,0,0,118,36,Kings,098400
Census Tract 986; Kings County; New York,98750,132,1844,38,79,0,67,326,36,Kings,098600
Census Tract 988; Kings County; New York,78892,136,2487,0,136,0,71,96,36,Kings,098800
Census Tract 990; Kings County; New York,91848,7,1266,0,108,0,0,103,36,Kings,099000
Census Tract 992; Kings County; New York,90897,86,1462,0,107,0,9,141,36,Kings,099200
Census Tract 994; Kings County; New York,92730,106,1580,0,39,0,82,53,36,Kings,099400
Census Tract 996; Kings County; New York,83462,134,2760,0,87,0,389,138,36,Kings,099600
Census Tract 998; Kings County; New York,99609,150,3529,0,20,0,58,77,36,Kings,099800
Census Tract 1004; Kings County; New York,80772,100,2389,0,37,0,42,229,36,Kings,100400
Census Tract 1006; Kings County; New York,108088,76,2163,0,52,0,38,204,36,Kings,100600
Census Tract 1008; Kings County; New York,87800,197,1863,0,43,0,30,69,36,Kings,100800
Census Tract 1010; Kings County; New York,69700,224,2312,17,106,0,130,71,36,Kings,101000
Census Tract 1012; Kings County; New York,101953,48,1700,0,136,0,25,267,36,Kings,101200
Census Tract 1014; Kings County; New York,74219,31,1869,0,51,0,33,73,36,Kings,101400
Census Tract 1016; Kings County; New York,173292,53,1456,0,0,0,59,200,36,Kings,101600
Census Tract 1018; Kings County; New York,97845,58,1428,10,25,0,0,146,36,Kings,101800
Census Tract 1020; Kings County; New York,120682,179,1675,0,90,0,36,157,36,Kings,102000
Census Tract 1022; Kings County; New York,88654,379,1520,0,114,0,76,145,36,Kings,102200
Census Tract 1024; Kings County; New York,79087,238,1446,0,63,0,28,98,36,Kings,102400
Census Tract 1026; Kings County; New York,87145,135,2247,0,95,0,53,427,36,Kings,102600
Census Tract 1028.01; Kings County; New York,75875,6,1056,0,175,5,2,71,36,Kings,102801
Census Tract 1028.02; Kings County; New York,-666666666,0,0,0,0,0,0,0,36,Kings,102802
Census Tract 1034.01; Kings County; New York,17963,347,3183,0,0,0,568,92,36,Kings,103401
Census Tract 1034.02; Kings County; New York,-666666666,0,0,0,0,0,0,0,36,Kings,103402
Census Tract 1058.01; Kings County; New York,20899,1456,3468,272,79,0,214,561,36,Kings,105801
Census Tract 1058.04; Kings County; New York,44059,984,3908,123,399,0,233,498,36,Kings,105804
Census Tract 1070.01; Kings County; New York,53108,150,2397,34,0,0,907,364,36,Kings,107001
Census Tract 1070.02; Kings County; New York,-666666666,0,0,0,0,0,0,0,36,Kings,107002
Census Tract 1070.03; Kings County; New York,-666666666,0,0,0,0,0,0,0,36,Kings,107003
Census Tract 1078; Kings County; New York,82540,163,3352,0,6,0,98,448,36,Kings,107800
Census Tract 1098; Kings County; New York,74673,94,1922,0,128,0,120,251,36,Kings,109800
Census Tract 1104; Kings County; New York,75833,130,3088,0,0,0,1121,232,36,Kings,110400
Census Tract 1106; Kings County; New York,30198,143,3696,0,21,0,316,407,36,Kings,110600
Census Tract 1110; Kings County; New York,31218,83,2135,0,20,0,528,90,36,Kings,111000
Census Tract 1116; Kings County; New York,71593,54,2722,0,0,37,766,95,36,Kings,111600
Census Tract 1118; Kings County; New York,82773,458,1917,0,615,0,795,219,36,Kings,111800
Census Tract 1120; Kings County; New York,67396,68,2269,0,51,0,644,234,36,Kings,112000
Census Tract 1122; Kings County; New York,28888,96,1970,14,143,0,620,258,36,Kings,112200
Census Tract 1124; Kings County; New York,49422,59,2960,0,21,0,150,100,36,Kings,112400
Census Tract 1126; Kings County; New York,73493,47,3692,0,0,0,610,258,36,Kings,112600
Census Tract 1128; Kings County; New York,54484,113,3142,21,37,0,755,115,36,Kings,112800
Census Tract 1130; Kings County; New York,58547,175,3469,14,36,0,372,237,36,Kings,113000
Census Tract 1132; Kings County; New York,49306,161,1844,0,18,0,273,256,36,Kings,113200
Census Tract 1134; Kings County; New York,26745,84,2063,0,0,0,91,464,36,Kings,113400
Census Tract 1142.01; Kings County; New York,41196,305,775,0,59,0,118,221,36,Kings,114201
Census Tract 1142.02; Kings County; New York,63049,231,1007,65,0,0,998,245,36,Kings,114202
Census Tract 1144; Kings County; New York,75444,365,1759,0,44,0,321,148,36,Kings,114400
Census Tract 1146; Kings County; New York,72438,442,522,0,123,0,1022,943,36,Kings,114600
Census Tract 1150; Kings County; New York,68944,221,1766,19,74,0,747,110,36,Kings,115000
Census Tract 1152; Kings County; New York,-666666666,522,1397,111,9,0,535,303,36,Kings,115200
Census Tract 1156; Kings County; New York,21238,94,3031,0,1,0,548,432,36,Kings,115600
Census Tract 1158; Kings County; New York,75764,207,1481,0,38,0,400,402,36,Kings,115800
Census Tract 1160; Kings County; New York,73244,591,1394,0,11,0,271,299,36,Kings,116000
Census Tract 1162; Kings County; New York,64100,94,1853,7,37,0,450,97,36,Kings,116200
Census Tract 1164; Kings County; New York,80125,276,2480,0,303,0,523,163,36,Kings,116400
Census Tract 1166; Kings County; New York,41086,200,1321,0,255,0,1105,291,36,Kings,116600
Census Tract 1168; Kings County; New York,83841,372,681,0,126,0,1116,308,36,Kings,116800
Census Tract 1170; Kings County; New York,-666666666,29,242,0,0,0,1105,502,36,Kings,117000
Census Tract 1172.01; Kings County; New York,70179,613,663,0,78,0,384,266,36,Kings,117201
Census Tract 1172.02; Kings County; New York,77401,885,1161,0,101,0,1748,745,36,Kings,117202
Census Tract 1174; Kings County; New York,47444,1003,593,0,42,0,1796,282,36,Kings,117400
Census Tract 1176.01; Kings County; New York,67222,434,1057,0,53,0,1195,76,36,Kings,117601
Census Tract 1176.02; Kings County; New York,59071,996,247,0,189,75,956,613,36,Kings,117602
Census Tract 1178; Kings County; New York,52750,356,218,0,299,0,788,42,36,Kings,117800
Census Tract 1180; Kings County; New York,-666666666,0,0,0,0,0,0,0,36,Kings,118000
Census Tract 1182.01; Kings County; New York,91167,470,631,0,245,0,2068,147,36,Kings,118201
Census Tract 1182.02; Kings County; New York,88140,892,240,0,24,0,1533,430,36,Kings,118202
Census Tract 1184; Kings County; New York,65766,1316,818,0,198,0,2120,428,36,Kings,118400
Census Tract 1186; Kings County; New York,83125,291,853,0,1248,0,1079,269,36,Kings,118600
Census Tract 1188; Kings County; New York,60197,266,1448,0,2090,0,830,654,36,Kings,118800
Census Tract 1190; Kings County; New York,46979,168,635,0,235,0,755,84,36,Kings,119000
Census Tract 1192; Kings County; New York,88705,308,1121,0,115,0,1340,765,36,Kings,119200
Census Tract 1194; Kings County; New York,71801,427,3037,0,888,0,887,163,36,Kings,119400
Census Tract 1196; Kings County; New York,54177,315,2735,0,1640,0,1422,496,36,Kings,119600
Census Tract 1198; Kings County; New York,46391,623,1158,0,32,0,2254,103,36,Kings,119800
Census Tract 1200; Kings County; New York,47656,96,1117,0,1004,191,209,118,36,Kings,120000
Census Tract 1202; Kings County; New York,119522,241,327,0,662,0,392,391,36,Kings,120200
Census Tract 1208.01; Kings County; New York,58869,106,3038,0,656,0,93,627,36,Kings,120801
Census Tract 1208.02; Kings County; New York,33662,70,4370,0,0,0,90,39,36,Kings,120802
Census Tract 1208.03; Kings County; New York,49702,269,890,6,12,0,307,99,36,Kings,120803
Census Tract 1210; Kings County; New York,21985,592,2238,0,34,0,987,199,36,Kings,121000
Census Tract 1214; Kings County; New York,37626,256,2953,109,5,0,1212,212,36,Kings,121400
Census Tract 1220; Kings County; New York,70268,56,6939,0,230,0,280,82,36,Kings,122000
Census Tract 1237; Kings County; New York,52649,8836,285,0,19,0,133,47,36,Kings,123700
Census Tract 1502; Kings County; New York,126364,2401,112,12,90,0,20,172,36,Kings,150200
Census Tract 1522; Kings County; New York,214297,1520,410,25,747,0,0,362,36,Kings,152200
Census Tract 9901; Kings County; New York,-666666666,0,0,0,0,0,0,0,36,Kings,990100
Census Tract 1; New York County; New York,-666666666,0,0,0,0,0,0,0,36,New York,000100
Census Tract 2.01; New York County; New York,38657,300,419,0,490,0,334,1025,36,New York,000201
Census Tract 2.02; New York County; New York,40182,2552,1023,15,1566,0,1043,735,36,New York,000202
Census Tract 5; New York County; New York,-666666666,0,0,0,0,0,0,0,36,New York,000500
Census Tract 6; New York County; New York,34473,1552,743,0,5023,0,1960,901,36,New York,000600
Census Tract 7; New York County; New York,197058,6247,380,0,1228,0,382,771,36,New York,000700
Census Tract 8; New York County; New York,33953,1210,45,10,7203,0,116,305,36,New York,000800
Census Tract 9; New York County; New York,222237,1202,188,0,271,0,63,136,36,New York,000900
Census Tract 10.01; New York County; New York,130417,1220,89,0,166,0,74,171,36,New York,001001
Census Tract 10.02; New York County; New York,24350,775,1451,45,1028,0,1834,965,36,New York,001002
Census Tract 12; New York County; New York,105938,2382,123,0,829,0,341,689,36,New York,001200
Census Tract 13; New York County; New York,193984,3482,367,0,1269,0,127,126,36,New York,001300
Census Tract 14.01; New York County; New York,94076,2395,76,8,258,73,238,347,36,New York,001401
Census Tract 14.02; New York County; New York,50347,1223,264,142,1166,0,396,258,36,New York,001402
Census Tract 15.01; New York County; New York,123750,4343,470,0,2082,0,540,342,36,New York,001501
Census Tract 15.02; New York County; New York,182348,5050,535,16,1760,0,244,880,36,New York,001502
Census Tract 16; New York County; New York,-666666666,1851,160,0,4700,0,46,283,36,New York,001600
Census Tract 18; New York County; New York,79973,2502,418,42,2942,0,197,601,36,New York,001800
Census Tract 20; New York County; New York,24655,253,1048,0,869,0,1819,804,36,New York,002000
Census Tract 21; New York County; New York,250001,5723,571,0,1132,0,0,518,36,New York,002100
Census Tract 22.01; New York County; New York,38594,1940,1456,0,977,0,1635,429,36,New York,002201
Census Tract 22.02; New York County; New York,137313,1465,203,25,326,0,281,107,36,New York,002202
Census Tract 24; New York County; New York,20876,287,1014,40,699,18,1344,617,36,New York,002400
Census Tract 25; New York County; New York,23737,437,1617,27,1620,26,460,883,36,New York,002500
Census Tract 26.01; New York County; New York,32837,1350,776,0,647,0,830,726,36,New York,002601
Census Tract 26.02; New York County; New York,73899,2045,168,94,516,0,261,347,36,New York,002602
Census Tract 27; New York County; New York,135000,287,1,0,851,0,10,42,36,New York,002700
Census Tract 28; New York County; New York,75100,2591,537,0,900,0,991,1215,36,New York,002800
Census Tract 29.01; New York County; New York,11612,204,279,0,100,0,195,11,36,New York,002901
Census Tract 29.02; New York County; New York,-666666666,462,0,0,3204,0,34,132,36,New York,002902
Census Tract 30.01; New York County; New York,102883,2382,449,0,473,0,264,505,36,New York,003001
Census Tract 30.02; New York County; New York,70346,1521,323,0,639,0,250,231,36,New York,003002
Census Tract 31; New York County; New York,225694,1303,321,0,758,0,80,308,36,New York,003100
Census Tract 32; New York County; New York,92434,6017,117,26,754,0,524,302,36,New York,003200
Census Tract 33; New York County; New York,250001,4263,126,0,478,0,179,528,36,New York,003300
Census Tract 34; New York County; New York,112030,4434,338,0,675,0,439,588,36,New York,003400
Census Tract 36.01; New York County; New York,49869,1126,177,0,669,0,396,567,36,New York,003601
Census Tract 36.02; New York County; New York,136607,2289,334,0,418,0,126,294,36,New York,003602
Census Tract 37; New York County; New York,250001,2236,204,0,617,0,42,429,36,New York,003700
Census Tract 38; New York County; New York,78526,4843,196,0,1314,0,510,530,36,New York,003800
Census Tract 39; New York County; New York,184604,3804,249,0,1672,0,146,309,36,New York,003900
Census Tract 40.01; New York County; New York,153701,2654,45,0,549,0,79,288,36,New York,004001
Census Tract 40.02; New York County; New York,154390,3989,411,34,1085,9,42,680,36,New York,004002
Census Tract 41; New York County; New York,96461,3557,194,14,2688,0,47,315,36,New York,004100
Census Tract 42; New York County; New York,166447,2912,342,11,1325,0,85,627,36,New York,004200
Census Tract 43; New York County; New York,93816,2233,108,0,467,0,436,346,36,New York,004300
Census Tract 44; New York County; New York,150697,12517,659,0,1718,0,195,1595,36,New York,004400
Census Tract 45; New York County; New York,185208,779,21,0,174,0,14,59,36,New York,004500
Census Tract 47; New York County; New York,156000,2053,0,0,325,0,85,156,36,New York,004700
Census Tract 48; New York County; New York,171472,4676,298,0,1267,8,73,338,36,New York,004800
Census Tract 49; New York County; New York,151546,3689,70,0,503,0,76,230,36,New York,004900
Census Tract 50; New York County; New York,190380,3534,89,0,738,0,98,321,36,New York,005000
Census Tract 52; New York County; New York,229963,2374,197,12,413,12,39,302,36,New York,005200
Census Tract 54; New York County; New York,139891,3567,132,0,757,0,80,185,36,New York,005400
Census Tract 55.01; New York County; New York,230167,3015,400,66,1565,0,23,512,36,New York,005501
Census Tract 55.02; New York County; New York,149853,1346,41,0,345,0,36,165,36,New York,005502
Census Tract 56; New York County; New York,228750,2126,379,0,401,0,123,1042,36,New York,005600
Census Tract 57; New York County; New York,222237,2418,20,0,228,0,56,143,36,New York,005700
Census Tract 58; New York County; New York,221875,2690,362,36,850,0,119,355,36,New York,005800
Census Tract 59; New York County; New York,163583,3824,187,11,659,0,233,184,36,New York,005900
Census Tract 60; New York County; New York,206087,4056,169,0,474,0,148,432,36,New York,006000
Census Tract 61; New York County; New York,244014,2624,267,0,1597,0,33,449,36,New York,006100
Census Tract 62; New York County; New York,101598,1868,778,15,979,0,384,279,36,New York,006200
Census Tract 63; New York County; New York,176827,4999,78,0,435,0,24,307,36,New York,006300
Census Tract 64; New York County; New York,113556,5710,713,0,867,0,96,553,36,New York,006400
Census Tract 65; New York County; New York,119467,4122,195,19,496,0,97,298,36,New York,006500
Census Tract 66; New York County; New York,135367,6728,975,51,2430,0,301,1025,36,New York,006600
Census Tract 67; New York County; New York,129494,4060,187,0,289,0,47,345,36,New York,006700
Census Tract 68; New York County; New York,153913,4841,632,10,641,6,113,901,36,New York,006800
Census Tract 69; New York County; New York,239038,2038,30,0,194,0,19,289,36,New York,006900
Census Tract 70.01; New York County; New York,157802,3318,246,0,357,0,0,274,36,New York,007001
Census Tract 70.02; New York County; New York,158158,2686,128,0,555,0,9,298,36,New York,007002
Census Tract 71; New York County; New York,167963,4227,224,0,457,0,0,456,36,New York,007100
Census Tract 72; New York County; New York,160880,4732,368,0,1379,0,49,696,36,New York,007200
Census Tract 73; New York County; New York,170434,4768,157,0,215,0,185,419,36,New York,007300
Census Tract 74; New York County; New York,194636,3524,186,0,1261,15,69,202,36,New York,007400
Census Tract 75; New York County; New York,157350,3315,73,0,230,0,26,170,36,New York,007500
Census Tract 76; New York County; New York,164188,1094,158,0,764,0,88,351,36,New York,007600
Census Tract 77; New York County; New York,170655,4614,41,24,283,0,107,515,36,New York,007700
Census Tract 78; New York County; New York,126617,4835,175,0,2130,0,308,964,36,New York,007800
Census Tract 79; New York County; New York,159763,3362,141,15,189,0,80,727,36,New York,007900
Census Tract 80; New York County; New York,176988,3585,362,0,956,0,53,336,36,New York,008000
Census Tract 81; New York County; New York,161474,5071,83,0,540,0,273,364,36,New York,008100
Census Tract 82; New York County; New York,191250,1850,219,9,449,0,0,819,36,New York,008200
Census Tract 83; New York County; New York,79036,1559,100,60,441,0,847,622,36,New York,008300
Census Tract 84; New York County; New York,250001,680,187,21,561,0,41,170,36,New York,008400
Census Tract 86.01; New York County; New York,168320,1580,17,0,1124,0,6,470,36,New York,008601
Census Tract 86.02; New York County; New York,-666666666,0,0,0,0,0,0,0,36,New York,008602
Census Tract 86.03; New York County; New York,189926,4008,8,0,365,0,432,375,36,New York,008603
Census Tract 87; New York County; New York,147454,3884,395,0,671,0,412,350,36,New York,008700
Census Tract 88; New York County; New York,106033,4286,233,56,1383,0,255,883,36,New York,008800
Census Tract 89; New York County; New York,98952,3799,214,0,640,0,473,723,36,New York,008900
Census Tract 90; New York County; New York,152716,4938,263,0,1405,0,351,351,36,New York,009000
Census Tract 91; New York County; New York,188145,4018,704,0,886,0,236,601,36,New York,009100
Census Tract 92; New York County; New York,170341,883,20,16,368,0,18,103,36,New York,009200
Census Tract 93; New York County; New York,105682,7000,749,0,432,0,797,721,36,New York,009300
Census Tract 94; New York County; New York,120625,44,0,12,6,15,0,0,36,New York,009400
Census Tract 95; New York County; New York,200455,2543,275,0,473,0,77,114,36,New York,009500
Census Tract 96; New York County; New York,91538,120,97,0,96,0,59,102,36,New York,009600
Census Tract 97; New York County; New York,70816,2563,258,12,691,0,387,566,36,New York,009700
Census Tract 98; New York County; New York,141989,5947,119,0,1631,0,83,609,36,New York,009800
Census Tract 99.01; New York County; New York,250001,1421,48,0,219,0,83,113,36,New York,009901
Census Tract 99.02; New York County; New York,169241,1793,462,0,767,0,166,702,36,New York,009902
Census Tract 99.03; New York County; New York,139659,446,152,0,270,0,97,96,36,New York,009903
Census Tract 100; New York County; New York,115536,1189,46,0,256,0,72,88,36,New York,010000
Census Tract 101; New York County; New York,106528,709,264,0,625,0,33,292,36,New York,010100
Census Tract 102; New York County; New York,96375,201,21,0,7,0,0,15,36,New York,010200
Census Tract 103; New York County; New York,158343,1660,298,0,838,0,23,264,36,New York,010300
Census Tract 104; New York County; New York,188971,670,10,0,162,0,54,64,36,New York,010400
Census Tract 106.01; New York County; New York,250001,6428,106,17,455,0,0,556,36,New York,010601
Census Tract 106.02; New York County; New York,202674,3174,234,0,834,0,233,531,36,New York,010602
Census Tract 108.01; New York County; New York,162455,2227,158,6,594,0,205,286,36,New York,010801
Census Tract 108.02; New York County; New York,157532,3590,0,0,377,0,34,93,36,New York,010802
Census Tract 108.03; New York County; New York,116758,1530,35,0,127,0,30,118,36,New York,010803
Census Tract 109; New York County; New York,150625,84,51,0,29,0,16,20,36,New York,010900
Census Tract 110; New York County; New York,144856,4849,318,0,1012,0,103,673,36,New York,011000
Census Tract 111; New York County; New York,104119,2009,458,20,1491,0,251,538,36,New York,011100
Census Tract 112.01; New York County; New York,207850,723,0,0,154,0,19,54,36,New York,011201
Census Tract 112.02; New York County; New York,206295,440,0,4,33,0,16,27,36,New York,011202
Census Tract 112.03; New York County; New York,174453,804,0,0,156,0,20,73,36,New York,011203
Census Tract 113; New York County; New York,91250,16,71,0,16,0,0,19,36,New York,011300
Census Tract 114.01; New York County; New York,250001,910,6,0,129,0,20,73,36,New York,011401
Census Tract 114.02; New York County; New York,217500,1792,54,0,273,0,0,164,36,New York,011402
Census Tract 115; New York County; New York,130302,2029,499,168,788,0,202,243,36,New York,011500
Census Tract 116; New York County; New York,105893,2328,103,0,627,0,83,205,36,New York,011600
Census Tract 117; New York County; New York,114517,2901,264,0,896,0,377,613,36,New York,011700
Census Tract 118; New York County; New York,157480,7974,114,0,910,0,178,286,36,New York,011800
Census Tract 119; New York County; New York,15843,341,530,9,25,0,117,152,36,New York,011900
Census Tract 120; New York County; New York,159605,2471,53,0,379,0,124,172,36,New York,012000
Census Tract 121.01; New York County; New York,68434,2121,140,0,348,0,26,475,36,New York,012101
Census Tract 121.02; New York County; New York,58180,3219,262,0,143,0,594,632,36,New York,012102
Census Tract 122; New York County; New York,218869,2685,0,0,205,0,0,118,36,New York,012200
Census Tract 124; New York County; New York,157375,7357,125,0,1682,53,278,293,36,New York,012400
Census Tract 125; New York County; New York,136865,1209,274,0,690,0,118,344,36,New York,012500
Census Tract 126.01; New York County; New York,118758,5724,0,0,758,0,603,203,36,New York,012601
Census Tract 126.02; New York County; New York,217106,4010,5,0,32,0,3,500,36,New York,012602
Census Tract 127; New York County; New York,145545,4521,139,0,600,81,92,1353,36,New York,012700
Census Tract 128; New York County; New York,189583,4250,5,0,368,2,130,159,36,New York,012800
Census Tract 129.01; New York County; New York,120911,3669,291,0,1772,7,386,966,36,New York,012901
Census Tract 129.02; New York County; New York,102684,1053,261,20,303,0,510,500,36,New York,012902
Census Tract 130; New York County; New York,169674,2690,27,0,416,0,10,129,36,New York,013000
Census Tract 131; New York County; New York,109764,1673,255,4,810,0,94,399,36,New York,013100
Census Tract 132.01; New York County; New York,146250,1845,70,0,207,0,37,157,36,New York,013201
Census Tract 132.02; New York County; New York,93333,3124,90,0,146,0,15,274,36,New York,013202
Census Tract 132.03; New York County; New York,117741,3740,0,0,448,0,24,79,36,New York,013203
Census Tract 133; New York County; New York,151250,3893,165,211,1453,0,265,523,36,New York,013300
Census Tract 134; New York County; New York,128580,9229,14,0,896,195,119,194,36,New York,013400
Census Tract 135.01; New York County; New York,84129,2147,588,0,1222,0,334,863,36,New York,013501
Census Tract 135.02; New York County; New York,97942,2742,607,24,1393,0,425,637,36,New York,013502
Census Tract 136.01; New York County; New York,250001,1546,0,9,109,0,0,47,36,New York,013601
Census Tract 136.02; New York County; New York,164093,5305,111,0,707,0,0,121,36,New York,013602
Census Tract 136.03; New York County; New York,153977,3901,0,0,289,0,104,132,36,New York,013603
Census Tract 136.04; New York County; New York,160556,3008,54,0,186,0,101,139,36,New York,013604
Census Tract 137; New York County; New York,165600,4330,435,0,1196,60,12,319,36,New York,013700
Census Tract 138; New York County; New York,152500,9741,187,0,937,0,181,822,36,New York,013800
Census Tract 139; New York County; New York,106915,6771,526,0,921,0,355,743,36,New York,013900
Census Tract 140; New York County; New York,215987,6850,114,0,550,0,0,418,36,New York,014000
Census Tract 142; New York County; New York,250001,3324,20,0,360,0,14,374,36,New York,014200
Census Tract 143; New York County; New York,-666666666,0,0,0,0,0,0,0,36,New York,014300
Census Tract 144.01; New York County; New York,201585,3963,27,0,288,0,153,287,36,New York,014401
Census Tract 144.02; New York County; New York,156389,5263,474,0,663,0,329,528,36,New York,014402
Census Tract 145; New York County; New York,202780,4143,264,0,1875,0,97,478,36,New York,014500
Census Tract 146.01; New York County; New York,145189,2712,94,0,503,0,49,263,36,New York,014601
Census Tract 146.02; New York County; New York,136671,7080,56,0,612,0,90,705,36,New York,014602
Census Tract 147; New York County; New York,224554,1378,130,0,1064,0,172,300,36,New York,014700
Census Tract 148.01; New York County; New York,199167,2331,19,0,81,0,133,294,36,New York,014801
Census Tract 148.02; New York County; New York,171442,4544,200,0,541,0,242,850,36,New York,014802
Census Tract 149; New York County; New York,179732,3992,134,0,1151,0,178,418,36,New York,014900
Census Tract 150.01; New York County; New York,172788,1850,0,0,77,0,0,91,36,New York,015001
Census Tract 150.02; New York County; New York,235643,3739,0,0,407,0,106,306,36,New York,015002
Census Tract 151.01; New York County; New York,-666666666,209,820,0,475,0,662,694,36,New York,015101
Census Tract 151.02; New York County; New York,174659,3882,1085,0,2169,0,1468,359,36,New York,015102
Census Tract 152; New York County; New York,147285,3966,1185,0,949,0,1241,899,36,New York,015200
Census Tract 153.01; New York County; New York,181813,3233,5,0,545,0,407,508,36,New York,015301
Census Tract 153.02; New York County; New York,151935,4268,16,0,885,0,67,334,36,New York,015302
Census Tract 154.01; New York County; New York,118167,4289,88,75,445,0,31,58,36,New York,015401
Census Tract 154.02; New York County; New York,173737,2335,799,0,261,31,32,383,36,New York,015402
Census Tract 154.03; New York County; New York,126472,3728,212,0,510,41,17,507,36,New York,015403
Census Tract 155.01; New York County; New York,193056,3773,100,0,1102,0,10,72,36,New York,015501
Census Tract 155.02; New York County; New York,152337,3713,265,0,997,0,134,366,36,New York,015502
Census Tract 156.01; New York County; New York,108368,3338,216,0,786,0,314,338,36,New York,015601
Census Tract 156.02; New York County; New York,58125,662,348,0,308,0,542,279,36,New York,015602
Census Tract 157; New York County; New York,161886,8491,267,8,1355,0,101,391,36,New York,015700
Census Tract 158.01; New York County; New York,180264,4038,58,25,561,0,120,582,36,New York,015801
Census Tract 158.02; New York County; New York,93537,2389,339,1,1020,3,387,258,36,New York,015802
Census Tract 159; New York County; New York,170824,7111,169,0,827,0,341,754,36,New York,015900
Census Tract 160.01; New York County; New York,250001,2667,8,6,187,0,29,132,36,New York,016001
Census Tract 160.02; New York County; New York,109762,1682,49,40,543,2,653,164,36,New York,016002
Census Tract 161; New York County; New York,152782,4950,239,91,399,0,54,444,36,New York,016100
Census Tract 162; New York County; New York,22923,1253,3630,0,1131,0,1832,1016,36,New York,016200
Census Tract 163; New York County; New York,122500,5580,219,30,542,0,109,533,36,New York,016300
Census Tract 164; New York County; New York,29000,1240,2136,9,775,0,2330,1360,36,New York,016400
Census Tract 165; New York County; New York,222391,5954,61,0,481,0,438,319,36,New York,016500
Census Tract 166; New York County; New York,60778,1742,699,4,945,0,1680,941,36,New York,016600
Census Tract 167; New York County; New York,249141,6522,55,21,456,0,150,300,36,New York,016700
Census Tract 168; New York County; New York,33952,1275,1976,0,154,0,854,496,36,New York,016800
Census Tract 169; New York County; New York,175647,6861,362,0,378,0,235,366,36,New York,016900
Census Tract 170; New York County; New York,48082,1835,1607,118,2123,0,1955,1108,36,New York,017000
Census Tract 171; New York County; New York,167801,7094,255,0,186,0,492,300,36,New York,017100
Census Tract 172; New York County; New York,30507,738,1987,0,137,0,1168,937,36,New York,017200
Census Tract 173; New York County; New York,157896,7085,277,0,496,0,456,450,36,New York,017300
Census Tract 174.01; New York County; New York,39950,923,2203,14,558,0,640,880,36,New York,017401
Census Tract 174.02; New York County; New York,71435,680,750,0,321,0,212,566,36,New York,017402
Census Tract 175; New York County; New York,184375,7158,458,0,385,0,1392,758,36,New York,017500
Census Tract 177; New York County; New York,117398,6153,502,0,567,0,1334,1030,36,New York,017700
Census Tract 178; New York County; New York,55076,1446,1008,116,285,0,939,256,36,New York,017800
Census Tract 179; New York County; New York,132808,7059,187,31,661,0,768,613,36,New York,017900
Census Tract 180; New York County; New York,28413,1321,1954,0,662,0,1905,779,36,New York,018000
Census Tract 181; New York County; New York,120703,5592,829,0,329,0,156,1433,36,New York,018100
Census Tract 182; New York County; New York,37257,1027,3463,53,347,0,1520,765,36,New York,018200
Census Tract 183; New York County; New York,150462,5555,604,0,578,0,275,1481,36,New York,018300
Census Tract 184; New York County; New York,39365,1246,3715,49,546,0,1275,987,36,New York,018400
Census Tract 185; New York County; New York,145511,3181,360,0,801,0,46,562,36,New York,018500
Census Tract 186; New York County; New York,51832,470,3834,8,0,0,1254,443,36,New York,018600
Census Tract 187; New York County; New York,140838,6379,1079,0,676,0,1218,969,36,New York,018700
Census Tract 188; New York County; New York,40572,723,1886,497,450,0,1276,239,36,New York,018800
Census Tract 189; New York County; New York,37210,3321,2281,0,1293,0,2063,1413,36,New York,018900
Census Tract 190; New York County; New York,87708,967,1910,0,401,0,250,321,36,New York,019000
Census Tract 191; New York County; New York,141698,6089,999,0,570,0,237,775,36,New York,019100
Census Tract 192; New York County; New York,19441,523,2280,12,48,0,701,801,36,New York,019200
Census Tract 193; New York County; New York,76250,3548,1319,3,982,0,2045,1755,36,New York,019300
Census Tract 194; New York County; New York,38418,1448,1764,5,537,0,1852,881,36,New York,019400
Census Tract 195; New York County; New York,119547,4277,1100,23,857,0,612,588,36,New York,019500
Census Tract 196; New York County; New York,24665,748,939,61,238,0,1508,573,36,New York,019600
Census Tract 197.01; New York County; New York,60398,388,135,0,258,0,74,144,36,New York,019701
Census Tract 197.02; New York County; New York,101667,841,824,0,245,0,175,575,36,New York,019702
Census Tract 198; New York County; New York,98347,624,1148,42,235,0,153,332,36,New York,019800
Census Tract 199; New York County; New York,103636,5673,529,45,1632,0,360,774,36,New York,019900
Census Tract 200; New York County; New York,65064,1420,1217,0,122,0,45,150,36,New York,020000
Census Tract 201.01; New York County; New York,153826,1117,189,29,467,0,59,115,36,New York,020101
Census Tract 201.02; New York County; New York,78235,1203,2009,7,178,0,118,530,36,New York,020102
Census Tract 203; New York County; New York,65806,1687,338,56,1377,21,178,273,36,New York,020300
Census Tract 205; New York County; New York,208500,3625,302,36,1122,8,197,316,36,New York,020500
Census Tract 206; New York County; New York,51100,917,1790,0,279,0,138,287,36,New York,020600
Census Tract 207.01; New York County; New York,82778,1291,125,11,895,0,153,381,36,New York,020701
Census Tract 208; New York County; New York,76513,1767,2575,31,225,4,243,728,36,New York,020800
Census Tract 209.01; New York County; New York,28015,148,1476,0,159,1,1146,452,36,New York,020901
Census Tract 210; New York County; New York,46942,479,4121,0,358,0,488,878,36,New York,021000
Census Tract 211; New York County; New York,79522,4260,1866,46,1745,14,1038,1253,36,New York,021100
Census Tract 212; New York County; New York,80909,648,3286,11,171,0,284,505,36,New York,021200
Census Tract 213.03; New York County; New York,55466,1615,2928,12,237,0,1195,394,36,New York,021303
Census Tract 214; New York County; New York,59615,413,2140,18,112,0,79,140,36,New York,021400
Census Tract 215; New York County; New York,66667,736,2412,56,169,0,458,223,36,New York,021500
Census Tract 216; New York County; New York,71833,2299,4731,14,368,0,664,1075,36,New York,021600
Census Tract 217.03; New York County; New York,-666666666,97,41,0,48,0,0,25,36,New York,021703
Census Tract 218; New York County; New York,41902,1840,2342,0,745,0,501,503,36,New York,021800
Census Tract 219; New York County; New York,20912,782,1693,50,24,0,2409,442,36,New York,021900
Census Tract 220; New York County; New York,89896,2005,2557,0,287,0,387,866,36,New York,022000
Census Tract 221.02; New York County; New York,72083,745,1131,0,157,0,139,193,36,New York,022102
Census Tract 222; New York County; New York,82438,1112,1515,25,212,0,467,170,36,New York,022200
Census Tract 223.01; New York County; New York,49410,1659,1609,0,372,0,1628,2002,36,New York,022301
Census Tract 223.02; New York County; New York,39004,588,685,14,152,0,925,634,36,New York,022302
Census Tract 224; New York County; New York,27551,574,4811,32,97,0,1151,266,36,New York,022400
Census Tract 225; New York County; New York,58015,2176,2912,0,256,0,3566,1695,36,New York,022500
Census Tract 226; New York County; New York,61521,1049,2086,0,367,0,1002,548,36,New York,022600
Census Tract 227; New York County; New York,70120,1188,3161,0,179,0,498,668,36,New York,022700
Census Tract 228; New York County; New York,74614,888,4519,6,256,3,449,427,36,New York,022800
Census Tract 229; New York County; New York,59145,1450,2547,282,141,0,2315,1736,36,New York,022900
Census Tract 230; New York County; New York,38636,631,6057,24,755,2,1280,608,36,New York,023000
Census Tract 231; New York County; New York,67175,1190,2132,0,186,0,1601,1715,36,New York,023100
Census Tract 232; New York County; New York,29571,1275,4652,74,183,0,1171,1924,36,New York,023200
Census Tract 233; New York County; New York,83232,2071,1523,0,660,0,1402,1525,36,New York,023300
Census Tract 234; New York County; New York,72423,817,3029,0,59,0,966,373,36,New York,023400
Census Tract 235.01; New York County; New York,80337,1264,2500,55,502,0,1584,1272,36,New York,023501
Census Tract 235.02; New York County; New York,44799,147,1337,0,47,0,276,65,36,New York,023502
Census Tract 236; New York County; New York,42692,398,6765,0,27,0,945,1926,36,New York,023600
Census Tract 237; New York County; New York,60116,1565,1872,0,210,0,1615,1316,36,New York,023700
Census Tract 238.02; New York County; New York,115000,1870,789,0,1562,0,585,288,36,New York,023802
Census Tract 238.03; New York County; New York,73750,1645,670,0,818,0,84,297,36,New York,023803
Census Tract 238.04; New York County; New York,189327,1548,313,0,1158,0,40,331,36,New York,023804
Census Tract 239; New York County; New York,46458,664,829,62,90,0,1110,237,36,New York,023900
Census Tract 240; New York County; New York,-666666666,461,1278,15,40,21,512,39,36,New York,024000
Census Tract 241; New York County; New York,61484,1318,2144,8,137,6,3587,868,36,New York,024100
Census Tract 242; New York County; New York,38235,554,2752,87,73,27,1269,841,36,New York,024200
Census Tract 243.01; New York County; New York,71706,1024,1209,7,111,3,1820,422,36,New York,024301
Census Tract 243.02; New York County; New York,22973,659,3493,143,111,0,1452,1376,36,New York,024302
Census Tract 245; New York County; New York,50184,2655,2129,37,790,57,6062,2255,36,New York,024500
Census Tract 247; New York County; New York,-666666666,1384,590,90,171,0,2890,1010,36,New York,024700
Census Tract 249; New York County; New York,76563,227,163,11,36,0,504,120,36,New York,024900
Census Tract 251; New York County; New York,39115,550,652,0,112,0,1012,372,36,New York,025100
Census Tract 253; New York County; New York,70266,2509,511,45,400,0,4797,1933,36,New York,025300
Census Tract 255; New York County; New York,93149,1837,332,8,1007,0,1317,973,36,New York,025500
Census Tract 257; New York County; New York,90792,1767,1802,0,256,0,344,432,36,New York,025700
Census Tract 259; New York County; New York,75406,1297,1506,3,237,0,879,791,36,New York,025900
Census Tract 261; New York County; New York,47837,1411,841,813,207,0,5895,2446,36,New York,026100
Census Tract 263; New York County; New York,58184,1399,376,125,13,0,4389,1695,36,New York,026300
Census Tract 265; New York County; New York,91589,2917,643,0,427,0,2619,1430,36,New York,026500
Census Tract 267; New York County; New York,71719,1158,22,102,130,0,423,218,36,New York,026700
Census Tract 269; New York County; New York,66208,1659,384,303,91,0,3624,1615,36,New York,026900
Census Tract 271; New York County; New York,77021,2455,1192,49,328,0,1932,1627,36,New York,027100
Census Tract 273; New York County; New York,119902,5543,301,0,200,0,490,783,36,New York,027300
Census Tract 275; New York County; New York,167955,2166,73,11,415,0,96,328,36,New York,027500
Census Tract 277; New York County; New York,55585,717,1045,72,18,0,3267,1579,36,New York,027700
Census Tract 279; New York County; New York,64509,3072,436,0,212,0,5298,1017,36,New York,027900
Census Tract 281; New York County; New York,119063,2201,142,16,163,10,98,592,36,New York,028100
Census Tract 283; New York County; New York,72444,1989,494,27,202,0,3871,1549,36,New York,028300
Census Tract 285; New York County; New York,47846,758,440,158,0,0,5382,974,36,New York,028500
Census Tract 287; New York County; New York,88138,1828,235,0,67,0,1074,797,36,New York,028700
Census Tract 291; New York County; New York,58731,1663,1102,191,333,0,4843,2699,36,New York,029100
Census Tract 293; New York County; New York,46227,930,424,227,266,0,4877,1953,36,New York,029300
Census Tract 295; New York County; New York,75938,2660,663,54,482,0,1949,1734,36,New York,029500
Census Tract 297; New York County; New York,-666666666,8,5,0,0,0,1,0,36,New York,029700
Census Tract 299; New York County; New York,42607,555,1124,413,0,0,931,407,36,New York,029900
Census Tract 303; New York County; New York,96414,1437,291,0,125,0,1452,518,36,New York,030300
Census Tract 307; New York County; New York,120114,2577,692,0,59,0,116,462,36,New York,030700
Census Tract 309; New York County; New York,44217,1739,2883,366,117,0,3163,2261,36,New York,030900
Census Tract 311; New York County; New York,-666666666,0,0,0,0,0,0,0,36,New York,031100
Census Tract 317.03; New York County; New York,250001,4207,145,0,903,0,34,671,36,New York,031703
Census Tract 317.04; New York County; New York,242705,6217,161,200,3017,0,77,475,36,New York,031704
Census Tract 319; New York County; New York,-666666666,0,0,0,0,0,0,0,36,New York,031900
Census Tract 1.01; Queens County; New York,128641,2121,38,0,1562,0,301,578,36,Queens,000101
Census Tract 1.02; Queens County; New York,213452,4125,48,0,1602,0,85,464,36,Queens,000102
Census Tract 1.03; Queens County; New York,-666666666,17,0,0,14,0,0,0,36,Queens,000103
Census Tract 1.04; Queens County; New York,-666666666,85,130,0,0,0,64,24,36,Queens,000104
Census Tract 2; Queens County; New York,74509,423,207,11,714,0,488,501,36,Queens,000200
Census Tract 4; Queens County; New York,81326,568,322,0,1285,0,927,1582,36,Queens,000400
Census Tract 6; Queens County; New York,104958,600,182,0,831,0,1188,1087,36,Queens,000600
Census Tract 7.01; Queens County; New York,136827,1696,256,10,755,0,288,554,36,Queens,000701
Census Tract 7.02; Queens County; New York,122125,2272,226,0,1066,0,181,386,36,Queens,000702
Census Tract 8; Queens County; New York,112708,840,452,76,820,0,792,637,36,Queens,000800
Census Tract 10; Queens County; New York,95476,807,174,0,651,0,1663,1604,36,Queens,001000
Census Tract 12; Queens County; New York,84656,731,348,63,904,0,1046,1504,36,Queens,001200
Census Tract 14; Queens County; New York,84063,1191,300,34,800,0,975,666,36,Queens,001400
Census Tract 16; Queens County; New York,75028,357,85,46,796,0,559,658,36,Queens,001600
Census Tract 18; Queens County; New York,88409,640,73,9,314,60,950,819,36,Queens,001800
Census Tract 19.01; Queens County; New York,201425,799,102,16,791,0,72,194,36,Queens,001901
Census Tract 19.02; Queens County; New York,153000,2284,197,0,3017,0,135,466,36,Queens,001902
Census Tract 19.03; Queens County; New York,144531,653,27,0,622,0,21,86,36,Queens,001903
Census Tract 20; Queens County; New York,115000,281,31,0,309,0,802,186,36,Queens,002000
Census Tract 22; Queens County; New York,81219,687,131,0,356,0,597,553,36,Queens,002200
Census Tract 24; Queens County; New York,74489,382,126,0,423,0,828,426,36,Queens,002400
Census Tract 25; Queens County; New York,26511,689,2157,109,1303,0,953,821,36,Queens,002500
Census Tract 26; Queens County; New York,130089,418,165,0,332,0,824,479,36,Queens,002600
Census Tract 28; Queens County; New York,90914,355,145,0,877,0,1224,559,36,Queens,002800
Census Tract 30; Queens County; New York,93981,638,35,0,149,0,412,263,36,Queens,003000
Census Tract 31; Queens County; New York,109926,642,80,7,415,21,294,204,36,Queens,003100
Census Tract 32; Queens County; New York,120000,355,126,0,255,0,826,273,36,Queens,003200
Census Tract 33.01; Queens County; New York,173910,1408,159,0,1430,0,84,222,36,Queens,003301
Census Tract 33.02; Queens County; New York,57949,244,119,8,321,0,177,49,36,Queens,003302
Census Tract 34; Queens County; New York,82143,513,174,3,398,0,784,728,36,Queens,003400
Census Tract 36; Queens County; New York,85508,559,200,0,856,0,1375,458,36,Queens,003600
Census Tract 37; Queens County; New York,-666666666,0,0,0,0,0,0,0,36,Queens,003700
Census Tract 38; Queens County; New York,98125,532,206,0,598,0,672,247,36,Queens,003800
Census Tract 39; Queens County; New York,56201,455,56,15,151,0,292,505,36,Queens,003900
Census Tract 40.01; Queens County; New York,84630,631,116,32,472,0,547,354,36,Queens,004001
Census Tract 40.02; Queens County; New York,47150,194,109,0,533,0,735,83,36,Queens,004002
Census Tract 42; Queens County; New York,81806,459,312,41,2347,0,277,978,36,Queens,004200
Census Tract 43; Queens County; New York,26203,203,896,0,119,0,203,491,36,Queens,004300
Census Tract 44.01; Queens County; New York,81071,389,209,0,2359,0,354,284,36,Queens,004401
Census Tract 45; Queens County; New York,91111,1754,67,10,589,0,69,261,36,Queens,004500
Census Tract 47; Queens County; New York,59125,1391,1221,0,603,0,543,496,36,Queens,004700
Census Tract 50; Queens County; New York,-666666666,0,0,0,0,0,0,0,36,Queens,005000
Census Tract 51; Queens County; New York,87250,542,47,99,1140,0,248,186,36,Queens,005100
Census Tract 52; Queens County; New York,81912,408,64,16,1090,0,642,451,36,Queens,005200
Census Tract 53; Queens County; New York,112438,2871,109,0,1211,0,688,630,36,Queens,005300
Census Tract 54; Queens County; New York,80464,1433,419,146,1161,0,1082,1122,36,Queens,005400
Census Tract 55; Queens County; New York,95833,587,29,0,309,0,274,176,36,Queens,005500
Census Tract 57; Queens County; New York,112273,2233,168,0,580,0,775,321,36,Queens,005700
Census Tract 58; Queens County; New York,89354,1978,354,41,1671,0,555,1413,36,Queens,005800
Census Tract 59; Queens County; New York,87414,2095,47,198,515,0,631,637,36,Queens,005900
Census Tract 61; Queens County; New York,121711,3201,147,8,1019,0,390,421,36,Queens,006100
Census Tract 62.01; Queens County; New York,67394,3038,921,0,790,0,671,714,36,Queens,006201
Census Tract 62.02; Queens County; New York,83278,3056,403,39,407,0,1328,1597,36,Queens,006202
Census Tract 63; Queens County; New York,126799,3700,69,20,1117,0,152,994,36,Queens,006300
Census Tract 65.01; Queens County; New York,94926,1398,122,10,413,0,587,529,36,Queens,006501
Census Tract 65.02; Queens County; New York,89697,2625,54,0,267,0,211,696,36,Queens,006502
Census Tract 69; Queens County; New York,121090,2654,87,0,876,0,439,475,36,Queens,006900
Census Tract 71; Queens County; New York,89167,1648,247,27,493,0,437,446,36,Queens,007100
Census Tract 73; Queens County; New York,95714,1879,76,174,636,0,320,509,36,Queens,007300
Census Tract 75; Queens County; New York,76490,2256,224,0,845,0,829,465,36,Queens,007500
Census Tract 77; Queens County; New York,135903,1083,40,75,368,0,270,99,36,Queens,007700
Census Tract 79; Queens County; New York,121667,920,62,10,814,16,537,324,36,Queens,007900
Census Tract 81; Queens County; New York,117350,726,85,18,188,0,197,87,36,Queens,008100
Census Tract 83; Queens County; New York,98676,815,231,0,324,0,744,420,36,Queens,008300
Census Tract 85; Queens County; New York,75625,595,164,0,253,0,321,221,36,Queens,008500
Census Tract 86; Queens County; New York,72205,1031,99,336,637,0,682,283,36,Queens,008600
Census Tract 87; Queens County; New York,25293,860,986,0,372,0,713,368,36,Queens,008700
Census Tract 88; Queens County; New York,119656,1550,479,0,440,0,554,601,36,Queens,008800
Census Tract 91; Queens County; New York,102256,1046,112,0,232,0,132,268,36,Queens,009100
Census Tract 94; Queens County; New York,72130,304,400,17,1051,0,770,332,36,Queens,009400
Census Tract 95; Queens County; New York,121458,1617,16,0,267,0,74,83,36,Queens,009500
Census Tract 96; Queens County; New York,121042,168,382,0,1364,0,901,493,36,Queens,009600
Census Tract 97; Queens County; New York,118433,2814,154,22,480,0,90,260,36,Queens,009700
Census Tract 98; Queens County; New York,81027,119,345,177,987,0,441,289,36,Queens,009800
Census Tract 99; Queens County; New York,-666666666,0,0,0,0,0,0,0,36,Queens,009900
Census Tract 100; Queens County; New York,112798,558,116,0,1285,0,403,822,36,Queens,010000
Census Tract 101; Queens County; New York,116477,1857,123,0,114,0,117,400,36,Queens,010100
Census Tract 102; Queens County; New York,104201,106,264,96,1467,0,440,464,36,Queens,010200
Census Tract 103; Queens County; New York,83500,2695,103,0,722,0,237,531,36,Queens,010300
Census Tract 104; Queens County; New York,84275,443,978,90,739,0,973,232,36,Queens,010400
Census Tract 105; Queens County; New York,82730,2481,485,0,724,0,482,758,36,Queens,010500
Census Tract 106; Queens County; New York,112583,142,253,163,690,0,1376,374,36,Queens,010600
Census Tract 107.01; Queens County; New York,-666666666,0,0,0,0,0,0,0,36,Queens,010701
Census Tract 108; Queens County; New York,105625,123,12,0,1822,0,1212,86,36,Queens,010800
Census Tract 110; Queens County; New York,80388,279,297,0,746,0,1172,457,36,Queens,011000
Census Tract 111; Queens County; New York,96500,1977,0,28,203,0,386,401,36,Queens,011100
Census Tract 112; Queens County; New York,67444,499,47,0,789,30,569,571,36,Queens,011200
Census Tract 113; Queens County; New York,86285,2720,216,196,457,43,591,404,36,Queens,011300
Census Tract 114; Queens County; New York,127917,217,12,26,669,0,965,479,36,Queens,011400
Census Tract 115; Queens County; New York,110729,1571,194,0,141,0,302,161,36,Queens,011500
Census Tract 116; Queens County; New York,75438,465,58,35,728,0,511,272,36,Queens,011600
Census Tract 117; Queens County; New York,139000,2645,77,24,875,0,327,320,36,Queens,011700
Census Tract 118; Queens County; New York,84109,288,154,40,1103,0,657,309,36,Queens,011800
Census Tract 119; Queens County; New York,80417,936,16,0,101,0,204,391,36,Queens,011900
Census Tract 120; Queens County; New York,79342,65,94,19,1066,0,760,449,36,Queens,012000
Census Tract 121; Queens County; New York,100000,1582,6,7,176,0,105,137,36,Queens,012100
Census Tract 122; Queens County; New York,98107,582,208,0,831,0,758,515,36,Queens,012200
Census Tract 123.01; Queens County; New York,109250,2241,244,35,98,0,61,384,36,Queens,012301
Census Tract 124; Queens County; New York,86538,284,796,210,940,0,669,240,36,Queens,012400
Census Tract 125; Queens County; New York,119074,827,31,7,222,0,121,255,36,Queens,012500
Census Tract 126.01; Queens County; New York,79097,330,98,0,544,0,1396,308,36,Queens,012601
Census Tract 126.02; Queens County; New York,82188,424,51,25,1005,0,446,462,36,Queens,012602
Census Tract 128; Queens County; New York,113068,914,84,63,321,0,434,595,36,Queens,012800
Census Tract 130; Queens County; New York,72675,941,244,116,276,0,121,164,36,Queens,013000
Census Tract 132; Queens County; New York,83984,816,195,61,295,0,269,360,36,Queens,013200
Census Tract 134; Queens County; New York,83601,2746,750,63,927,0,779,513,36,Queens,013400
Census Tract 135; Queens County; New York,90694,911,0,0,36,0,12,55,36,Queens,013500
Census Tract 136; Queens County; New York,84848,1078,96,59,253,0,349,267,36,Queens,013600
Census Tract 137; Queens County; New York,103603,1481,0,0,47,0,131,300,36,Queens,013700
Census Tract 138; Queens County; New York,83082,1577,231,35,1093,0,480,507,36,Queens,013800
Census Tract 140; Queens County; New York,113347,2487,98,32,415,0,503,561,36,Queens,014000
Census Tract 141; Queens County; New York,96731,797,59,0,293,0,65,338,36,Queens,014100
Census Tract 142.01; Queens County; New York,63409,614,255,0,1684,0,1266,730,36,Queens,014201
Census Tract 142.02; Queens County; New York,102627,326,301,38,498,0,1348,366,36,Queens,014202
Census Tract 143; Queens County; New York,97582,2220,59,29,415,0,495,650,36,Queens,014300
Census Tract 144; Queens County; New York,76795,204,109,0,784,0,223,313,36,Queens,014400
Census Tract 145; Queens County; New York,79135,1464,74,0,174,0,393,301,36,Queens,014500
Census Tract 147; Queens County; New York,82485,2008,177,16,199,0,470,351,36,Queens,014700
Census Tract 148; Queens County; New York,-666666666,143,175,10,613,21,728,113,36,Queens,014800
Census Tract 149; Queens County; New York,62740,1386,12,22,209,0,373,313,36,Queens,014900
Census Tract 150; Queens County; New York,98636,56,358,16,928,0,751,353,36,Queens,015000
Census Tract 151; Queens County; New York,78542,1853,53,20,212,0,296,272,36,Queens,015100
Census Tract 152; Queens County; New York,79626,169,449,71,687,117,806,371,36,Queens,015200
Census Tract 153; Queens County; New York,85188,1188,43,7,265,0,141,190,36,Queens,015300
Census Tract 154; Queens County; New York,80469,110,251,5,755,0,520,375,36,Queens,015400
Census Tract 155; Queens County; New York,105368,1117,41,0,578,0,186,93,36,Queens,015500
Census Tract 156; Queens County; New York,79539,101,565,142,1355,13,697,394,36,Queens,015600
Census Tract 157; Queens County; New York,70353,696,23,14,423,0,392,238,36,Queens,015700
Census Tract 158.01; Queens County; New York,97047,20,294,307,1704,0,684,619,36,Queens,015801
Census Tract 158.02; Queens County; New York,102838,178,562,302,1090,0,2175,956,36,Queens,015802
Census Tract 159; Queens County; New York,87067,2244,305,8,190,0,344,444,36,Queens,015900
Census Tract 161; Queens County; New York,95066,1278,55,0,444,0,404,72,36,Queens,016100
Census Tract 163; Queens County; New York,40402,833,787,28,765,0,311,1274,36,Queens,016300
Census Tract 164; Queens County; New York,82273,64,558,36,1086,0,665,872,36,Queens,016400
Census Tract 166; Queens County; New York,69889,159,283,17,1377,0,883,1421,36,Queens,016600
Census Tract 168; Queens County; New York,110208,236,403,20,1076,0,847,566,36,Queens,016800
Census Tract 169; Queens County; New York,93356,2851,149,0,1592,0,265,530,36,Queens,016900
Census Tract 170; Queens County; New York,103958,67,1011,76,800,0,401,172,36,Queens,017000
Census Tract 171.01; Queens County; New York,-666666666,0,0,0,0,0,0,0,36,Queens,017101
Census Tract 171.02; Queens County; New York,-666666666,0,27,0,4,0,0,13,36,Queens,017102
Census Tract 172; Queens County; New York,71012,62,662,8,664,0,163,231,36,Queens,017200
Census Tract 174; Queens County; New York,125694,116,623,0,928,0,576,561,36,Queens,017400
Census Tract 176; Queens County; New York,82266,91,1065,0,474,0,401,274,36,Queens,017600
Census Tract 178; Queens County; New York,81298,122,514,0,899,49,419,143,36,Queens,017800
Census Tract 179.01; Queens County; New York,69804,302,1,0,209,0,216,156,36,Queens,017901
Census Tract 179.02; Queens County; New York,-666666666,15,28,0,0,0,0,0,36,Queens,017902
Census Tract 180; Queens County; New York,79539,96,483,167,367,0,268,134,36,Queens,018000
Census Tract 181.01; Queens County; New York,83817,1491,86,33,769,0,352,996,36,Queens,018101
Census Tract 181.02; Queens County; New York,87273,1575,117,0,1238,11,245,493,36,Queens,018102
Census Tract 182; Queens County; New York,95417,119,1820,0,56,0,657,159,36,Queens,018200
Census Tract 183; Queens County; New York,78164,2841,104,0,1340,0,289,885,36,Queens,018300
Census Tract 184.01; Queens County; New York,57833,0,1380,100,29,0,406,133,36,Queens,018401
Census Tract 184.02; Queens County; New York,87021,42,1849,0,275,0,379,284,36,Queens,018402
Census Tract 185.01; Queens County; New York,87500,1926,27,31,794,0,308,628,36,Queens,018501
Census Tract 185.02; Queens County; New York,120286,1569,28,0,563,0,184,637,36,Queens,018502
Census Tract 186; Queens County; New York,94750,18,1102,0,86,0,421,165,36,Queens,018600
Census Tract 187; Queens County; New York,95795,776,324,0,1127,0,343,398,36,Queens,018700
Census Tract 188; Queens County; New York,97056,2,915,0,115,0,119,151,36,Queens,018800
Census Tract 189; Queens County; New York,91516,647,220,86,1403,0,225,530,36,Queens,018900
Census Tract 190; Queens County; New York,83636,171,1506,0,157,0,463,245,36,Queens,019000
Census Tract 192; Queens County; New York,102222,174,1144,0,387,0,218,210,36,Queens,019200
Census Tract 194; Queens County; New York,90000,76,1321,0,596,0,750,199,36,Queens,019400
Census Tract 196; Queens County; New York,94766,0,2422,0,312,0,578,220,36,Queens,019600
Census Tract 198; Queens County; New York,75682,53,1077,0,827,0,836,95,36,Queens,019800
Census Tract 199.01; Queens County; New York,-666666666,97,155,0,32,0,51,78,36,Queens,019901
Census Tract 199.02; Queens County; New York,-666666666,21,95,0,0,0,0,0,36,Queens,019902
Census Tract 199.03; Queens County; New York,-666666666,0,0,0,0,0,0,0,36,Queens,019903
Census Tract 202; Queens County; New York,133409,0,799,0,263,0,663,27,36,Queens,020200
Census Tract 204; Queens County; New York,63031,58,590,94,409,0,609,246,36,Queens,020400
Census Tract 205; Queens County; New York,74625,426,35,0,209,0,423,326,36,Queens,020500
Census Tract 206; Queens County; New York,56818,93,185,0,296,0,700,150,36,Queens,020600
Census Tract 208; Queens County; New York,60458,741,1155,76,596,0,1190,216,36,Queens,020800
Census Tract 212; Queens County; New York,63702,177,232,13,372,0,1803,54,36,Queens,021200
Census Tract 214; Queens County; New York,84304,547,1700,0,1756,0,1597,343,36,Queens,021400
Census Tract 216.01; Queens County; New York,103958,1416,339,22,815,0,110,192,36,Queens,021601
Census Tract 216.02; Queens County; New York,70296,339,47,0,98,0,653,218,36,Queens,021602
Census Tract 216.03; Queens County; New York,-666666666,0,0,0,0,0,0,0,36,Queens,021603
Census Tract 219; Queens County; New York,-666666666,0,0,0,0,0,0,0,36,Queens,021900
Census Tract 220.01; Queens County; New York,76336,1899,1060,0,1248,0,1610,1007,36,Queens,022001
Census Tract 220.02; Queens County; New York,105068,2850,1338,15,1396,0,421,840,36,Queens,022002
Census Tract 229; Queens County; New York,-666666666,0,0,0,0,0,0,0,36,Queens,022900
Census Tract 230; Queens County; New York,115403,688,99,0,737,0,227,55,36,Queens,023000
Census Tract 232; Queens County; New York,90250,929,750,200,1934,0,1039,213,36,Queens,023200
Census Tract 235.01; Queens County; New York,58279,666,67,0,1287,0,1039,877,36,Queens,023501
Census Tract 235.02; Queens County; New York,75958,892,71,58,492,0,666,494,36,Queens,023502
Census Tract 236; Queens County; New York,80707,473,564,15,1350,0,741,300,36,Queens,023600
Census Tract 238; Queens County; New York,62500,103,426,18,1529,0,2300,315,36,Queens,023800
Census Tract 240; Queens County; New York,63333,352,1212,12,1598,0,3645,336,36,Queens,024000
Census Tract 243; Queens County; New York,60243,1448,41,89,1305,0,953,1428,36,Queens,024300
Census Tract 245; Queens County; New York,66548,2151,64,43,1707,0,284,748,36,Queens,024500
Census Tract 246; Queens County; New York,-666666666,0,0,0,0,0,0,0,36,Queens,024600
Census Tract 247; Queens County; New York,60234,169,54,0,921,0,217,55,36,Queens,024700
Census Tract 249; Queens County; New York,77815,1707,62,61,2133,0,274,1187,36,Queens,024900
Census Tract 251; Queens County; New York,92929,2186,35,70,1477,0,383,1867,36,Queens,025100
Census Tract 253.01; Queens County; New York,71371,1670,99,21,1165,0,565,293,36,Queens,025301
Census Tract 253.02; Queens County; New York,64180,1004,7,0,856,0,472,845,36,Queens,025302
Census Tract 254.01; Queens County; New York,84550,18,2728,0,956,0,383,145,36,Queens,025401
Census Tract 254.02; Queens County; New York,35952,74,2731,505,1257,0,1147,167,36,Queens,025402
Census Tract 255; Queens County; New York,98714,615,0,25,798,0,6,241,36,Queens,025500
Census Tract 257; Queens County; New York,84561,445,23,0,613,0,32,345,36,Queens,025700
Census Tract 258; Queens County; New York,104698,21,1569,23,672,0,275,0,36,Queens,025800
Census Tract 259; Queens County; New York,72708,877,22,24,1120,0,317,749,36,Queens,025900
Census Tract 260; Queens County; New York,61202,0,2129,0,411,0,201,68,36,Queens,026000
Census Tract 261; Queens County; New York,81192,1573,87,33,3264,0,902,1607,36,Queens,026100
Census Tract 262; Queens County; New York,80197,20,825,0,501,0,265,73,36,Queens,026200
Census Tract 263; Queens County; New York,86974,856,88,0,3195,0,703,111,36,Queens,026300
Census Tract 264; Queens County; New York,82500,24,1418,0,258,0,612,258,36,Queens,026400
Census Tract 265.01; Queens County; New York,63520,808,113,0,1279,0,401,375,36,Queens,026501
Census Tract 265.02; Queens County; New York,71927,351,8,0,470,0,75,450,36,Queens,026502
Census Tract 266; Queens County; New York,65288,40,1335,0,305,0,150,133,36,Queens,026600
Census Tract 267; Queens County; New York,58077,598,143,0,2540,0,1233,468,36,Queens,026700
Census Tract 269.01; Queens County; New York,63971,215,8,11,1653,0,2632,195,36,Queens,026901
Census Tract 269.02; Queens County; New York,54111,271,25,79,2030,0,1518,387,36,Queens,026902
Census Tract 270; Queens County; New York,115613,448,794,0,225,0,477,82,36,Queens,027000
Census Tract 271.01; Queens County; New York,54460,241,0,0,2867,0,1859,461,36,Queens,027101
Census Tract 271.02; Queens County; New York,69904,182,41,21,311,0,1968,203,36,Queens,027102
Census Tract 272; Queens County; New York,94464,0,1199,0,277,0,385,17,36,Queens,027200
Census Tract 273.01; Queens County; New York,67266,638,0,0,676,0,1130,560,36,Queens,027301
Census Tract 273.02; Queens County; New York,71818,989,99,17,798,0,1525,741,36,Queens,027302
Census Tract 274; Queens County; New York,65000,27,1449,0,249,0,289,46,36,Queens,027400
Census Tract 275; Queens County; New York,65993,1038,95,0,1775,0,3356,864,36,Queens,027500
Census Tract 276; Queens County; New York,-666666666,36,778,0,91,0,518,92,36,Queens,027600
Census Tract 277.01; Queens County; New York,63667,1009,20,0,416,0,1933,411,36,Queens,027701
Census Tract 277.02; Queens County; New York,58984,674,24,180,957,0,680,777,36,Queens,027702
Census Tract 278; Queens County; New York,55365,95,1836,57,6,0,345,181,36,Queens,027800
Census Tract 279; Queens County; New York,83614,2068,133,0,440,221,1821,3922,36,Queens,027900
Census Tract 280; Queens County; New York,64803,58,891,0,154,0,249,281,36,Queens,028000
Census Tract 281; Queens County; New York,61699,2614,89,87,825,0,1544,1112,36,Queens,028100
Census Tract 282; Queens County; New York,80556,59,1536,0,151,0,264,12,36,Queens,028200
Census Tract 283; Queens County; New York,83750,2610,476,65,836,0,1607,1849,36,Queens,028300
Census Tract 284; Queens County; New York,87682,60,3312,0,15,0,76,118,36,Queens,028400
Census Tract 285; Queens County; New York,120758,2753,165,124,596,0,315,1313,36,Queens,028500
Census Tract 287; Queens County; New York,80250,2495,105,53,1697,0,1409,938,36,Queens,028700
Census Tract 288.01; Queens County; New York,87946,27,2099,0,213,0,163,146,36,Queens,028801
Census Tract 288.02; Queens County; New York,79519,245,1384,4,264,0,179,109,36,Queens,028802
Census Tract 288.03; Queens County; New York,-666666666,0,0,0,0,0,0,0,36,Queens,028803
Census Tract 289; Queens County; New York,81644,2468,0,0,1442,0,389,633,36,Queens,028900
Census Tract 291; Queens County; New York,64051,1276,67,0,3947,38,655,504,36,Queens,029100
Census Tract 293; Queens County; New York,55714,166,4,0,631,0,110,194,36,Queens,029300
Census Tract 294; Queens County; New York,102472,568,5809,114,24,0,732,999,36,Queens,029400
Census Tract 295; Queens County; New York,81014,1504,151,71,1190,0,154,582,36,Queens,029500
Census Tract 297; Queens County; New York,107979,965,4,23,762,0,142,554,36,Queens,029700
Census Tract 299; Queens County; New York,-666666666,0,0,0,0,0,0,0,36,Queens,029900
Census Tract 306; Queens County; New York,99158,162,4020,0,381,0,388,485,36,Queens,030600
Census Tract 309.03; Queens County; New York,74444,1041,0,30,1821,0,829,563,36,Queens,030903
Census Tract 309.04; Queens County; New York,55489,700,15,37,873,22,323,646,36,Queens,030904
Census Tract 309.05; Queens County; New York,72857,892,154,182,1306,0,592,544,36,Queens,030905
Census Tract 309.06; Queens County; New York,81875,622,6,37,1704,0,470,811,36,Queens,030906
Census Tract 317; Queens County; New York,73846,4626,358,0,254,0,165,413,36,Queens,031700
Census Tract 320; Queens County; New York,97022,379,4042,18,131,0,415,529,36,Queens,032000
Census Tract 327; Queens County; New York,91830,530,18,61,923,0,1554,727,36,Queens,032700
Census Tract 328; Queens County; New York,100260,4,2624,19,5,0,390,79,36,Queens,032800
Census Tract 329; Queens County; New York,71680,367,827,29,1102,0,1294,204,36,Queens,032900
Census Tract 330; Queens County; New York,103550,51,5402,0,196,0,701,372,36,Queens,033000
Census Tract 331; Queens County; New York,-666666666,0,0,0,0,0,0,0,36,Queens,033100
Census Tract 334.01; Queens County; New York,85547,21,3699,14,0,0,248,18,36,Queens,033401
Census Tract 334.03; Queens County; New York,52973,92,3954,0,88,0,1,194,36,Queens,033403
Census Tract 334.04; Queens County; New York,55366,21,5687,0,111,0,0,587,36,Queens,033404
Census Tract 334.05; Queens County; New York,79895,200,2870,0,0,0,135,96,36,Queens,033405
Census Tract 337; Queens County; New York,106250,599,0,0,665,0,893,627,36,Queens,033700
Census Tract 339; Queens County; New York,64404,1029,195,60,441,0,627,573,36,Queens,033900
Census Tract 347; Queens County; New York,75583,417,327,21,607,0,1609,655,36,Queens,034700
Census Tract 351; Queens County; New York,89408,625,233,0,608,0,1577,606,36,Queens,035100
Census Tract 352; Queens County; New York,117031,24,2040,62,21,0,591,38,36,Queens,035200
Census Tract 353; Queens County; New York,100673,128,270,0,96,0,882,566,36,Queens,035300
Census Tract 357; Queens County; New York,91494,654,1376,16,721,7,1115,586,36,Queens,035700
Census Tract 358; Queens County; New York,95476,113,3773,0,52,0,217,55,36,Queens,035800
Census Tract 361; Queens County; New York,95096,164,594,9,227,0,820,493,36,Queens,036100
Census Tract 363; Queens County; New York,75469,189,423,0,176,0,1239,146,36,Queens,036300
Census Tract 365; Queens County; New York,72125,69,435,116,291,0,1753,280,36,Queens,036500
Census Tract 366; Queens County; New York,91215,25,2526,0,192,0,194,152,36,Queens,036600
Census Tract 367; Queens County; New York,69821,193,638,0,367,0,1092,202,36,Queens,036700
Census Tract 368; Queens County; New York,138750,25,2378,0,0,0,217,222,36,Queens,036800
Census Tract 371; Queens County; New York,74702,107,575,0,164,0,571,89,36,Queens,037100
Census Tract 373; Queens County; New York,73352,75,210,59,315,0,1383,442,36,Queens,037300
Census Tract 375.01; Queens County; New York,78942,431,0,0,105,0,1012,61,36,Queens,037501
Census Tract 375.02; Queens County; New York,72100,152,431,395,154,0,1425,126,36,Queens,037502
Census Tract 376; Queens County; New York,96188,69,6238,0,91,0,517,67,36,Queens,037600
Census Tract 377; Queens County; New York,90714,752,283,2,148,0,2819,57,36,Queens,037700
Census Tract 379; Queens County; New York,81216,793,303,46,330,0,3486,1154,36,Queens,037900
Census Tract 381; Queens County; New York,81484,891,1215,133,822,0,2863,1384,36,Queens,038100
Census Tract 383.01; Queens County; New York,-666666666,0,0,0,0,0,0,0,36,Queens,038301
Census Tract 383.02; Queens County; New York,-666666666,0,0,0,0,0,0,0,36,Queens,038302
Census Tract 384; Queens County; New York,101500,8,2451,0,0,0,58,183,36,Queens,038400
Census Tract 394; Queens County; New York,98646,26,2505,60,13,0,203,394,36,Queens,039400
Census Tract 398; Queens County; New York,93563,57,1385,0,14,0,43,46,36,Queens,039800
Census Tract 399.01; Queens County; New York,103981,543,24,81,255,0,1377,25,36,Queens,039901
Census Tract 399.02; Queens County; New York,55481,370,204,0,271,0,931,194,36,Queens,039902
Census Tract 400; Queens County; New York,110577,16,1109,0,25,0,295,50,36,Queens,040000
Census Tract 401.01; Queens County; New York,61203,118,27,72,373,0,1758,348,36,Queens,040101
Census Tract 401.02; Queens County; New York,74181,649,69,54,499,0,2942,425,36,Queens,040102
Census Tract 402; Queens County; New York,146250,29,1028,0,43,260,209,143,36,Queens,040200
Census Tract 403.01; Queens County; New York,36921,204,102,76,856,0,1507,108,36,Queens,040301
Census Tract 403.02; Queens County; New York,79231,981,19,25,470,0,2120,326,36,Queens,040302
Census Tract 404; Queens County; New York,91556,114,3012,43,365,0,280,184,36,Queens,040400
Census Tract 405.01; Queens County; New York,100818,28,82,0,121,0,766,0,36,Queens,040501
Census Tract 405.02; Queens County; New York,81144,425,7,74,126,0,895,385,36,Queens,040502
Census Tract 407.01; Queens County; New York,56375,270,0,53,181,0,2318,442,36,Queens,040701
Census Tract 407.02; Queens County; New York,100525,178,95,0,395,0,2918,302,36,Queens,040702
Census Tract 409.01; Queens County; New York,117742,561,0,65,269,15,984,188,36,Queens,040901
Census Tract 409.02; Queens County; New York,79800,212,51,192,9,0,2128,584,36,Queens,040902
Census Tract 411; Queens County; New York,70490,949,23,0,499,0,1971,568,36,Queens,041100
Census Tract 413; Queens County; New York,62361,820,68,95,643,0,2117,761,36,Queens,041300
Census Tract 414; Queens County; New York,91500,126,2613,0,372,0,1126,278,36,Queens,041400
Census Tract 415; Queens County; New York,65833,583,268,66,510,0,1837,677,36,Queens,041500
Census Tract 424; Queens County; New York,79384,43,2265,0,0,0,91,297,36,Queens,042400
Census Tract 426; Queens County; New York,-666666666,157,196,0,34,0,0,87,36,Queens,042600
Census Tract 427; Queens County; New York,59773,491,455,0,350,0,2055,875,36,Queens,042700
Census Tract 432; Queens County; New York,87083,6,1100,0,42,0,100,42,36,Queens,043200
Census Tract 434; Queens County; New York,101691,104,1209,33,177,0,251,87,36,Queens,043400
Census Tract 437.01; Queens County; New York,63333,736,445,3,185,0,1529,500,36,Queens,043701
Census Tract 437.02; Queens County; New York,66250,1767,462,57,1513,0,2156,970,36,Queens,043702
Census Tract 439; Queens County; New York,62333,673,319,0,258,0,1132,1068,36,Queens,043900
Census Tract 440; Queens County; New York,61970,35,1863,0,488,0,1331,17,36,Queens,044000
Census Tract 443.01; Queens County; New York,26859,471,350,0,669,0,1377,676,36,Queens,044301
Census Tract 443.02; Queens County; New York,63247,387,639,81,1534,57,1360,745,36,Queens,044302
Census Tract 444; Queens County; New York,44805,109,1266,0,1169,0,1026,355,36,Queens,044400
Census Tract 446.01; Queens County; New York,55278,102,1007,118,908,50,1477,113,36,Queens,044601
Census Tract 446.02; Queens County; New York,44338,648,1037,7,2187,34,1088,353,36,Queens,044602
Census Tract 448; Queens County; New York,71765,239,222,57,1313,0,792,103,36,Queens,044800
Census Tract 450; Queens County; New York,134081,477,184,0,1280,0,25,171,36,Queens,045000
Census Tract 452; Queens County; New York,59896,140,116,0,578,0,78,81,36,Queens,045200
Census Tract 454; Queens County; New York,70000,93,562,0,3235,0,228,658,36,Queens,045400
Census Tract 455; Queens County; New York,76386,2353,4653,0,1738,0,1613,2399,36,Queens,045500
Census Tract 456; Queens County; New York,74792,47,7,0,823,0,186,132,36,Queens,045600
Census Tract 457; Queens County; New York,73684,504,14,0,1833,49,799,300,36,Queens,045700
Census Tract 458; Queens County; New York,80972,203,372,0,1429,0,54,378,36,Queens,045800
Census Tract 459; Queens County; New York,84846,154,67,49,1801,0,1495,266,36,Queens,045900
Census Tract 460; Queens County; New York,67375,468,1059,72,2033,0,1485,586,36,Queens,046000
Census Tract 461; Queens County; New York,84844,226,7,59,838,0,1243,139,36,Queens,046100
Census Tract 462; Queens County; New York,56679,324,1154,21,3498,0,959,222,36,Queens,046200
Census Tract 463; Queens County; New York,73555,85,147,59,1228,0,2329,268,36,Queens,046300
Census Tract 464; Queens County; New York,113043,666,402,42,512,0,228,273,36,Queens,046400
Census Tract 465; Queens County; New York,88365,373,8,38,272,0,3342,541,36,Queens,046500
Census Tract 466; Queens County; New York,75493,341,1263,0,2076,0,720,227,36,Queens,046600
Census Tract 467; Queens County; New York,78932,814,193,0,1513,0,3993,932,36,Queens,046700
Census Tract 468; Queens County; New York,81833,94,751,188,2117,0,200,385,36,Queens,046800
Census Tract 469.01; Queens County; New York,68601,275,23,93,2172,0,1592,411,36,Queens,046901
Census Tract 469.02; Queens County; New York,88200,293,52,9,767,0,1799,237,36,Queens,046902
Census Tract 470; Queens County; New York,77045,102,170,10,1722,0,1009,328,36,Queens,047000
Census Tract 471; Queens County; New York,62635,163,11,35,3329,0,511,313,36,Queens,047100
Census Tract 472; Queens County; New York,117344,1028,1047,8,1166,0,450,253,36,Queens,047200
Census Tract 473; Queens County; New York,65083,306,37,0,3109,0,473,252,36,Queens,047300
Census Tract 475; Queens County; New York,84160,760,67,65,2524,0,1041,530,36,Queens,047500
Census Tract 476; Queens County; New York,112567,474,217,0,440,0,190,41,36,Queens,047600
Census Tract 478.01; Queens County; New York,54045,928,1049,0,976,0,949,118,36,Queens,047801
Census Tract 478.02; Queens County; New York,96050,32,574,10,386,0,213,105,36,Queens,047802
Census Tract 479; Queens County; New York,89395,506,406,0,4460,0,417,312,36,Queens,047900
Census Tract 480; Queens County; New York,76250,140,88,0,1127,0,913,33,36,Queens,048000
Census Tract 481; Queens County; New York,69250,897,198,0,3447,0,1501,487,36,Queens,048100
Census Tract 482; Queens County; New York,74907,160,362,0,489,0,109,121,36,Queens,048200
Census Tract 483.01; Queens County; New York,68125,333,13,8,1438,0,120,164,36,Queens,048301
Census Tract 483.02; Queens County; New York,88051,456,0,0,933,0,381,197,36,Queens,048302
Census Tract 484; Queens County; New York,82515,192,974,109,2442,7,588,620,36,Queens,048400
Census Tract 485; Queens County; New York,64159,139,40,0,3339,0,1184,261,36,Queens,048500
Census Tract 489; Queens County; New York,59106,304,27,63,741,0,124,411,36,Queens,048900
Census Tract 492.01; Queens County; New York,82750,102,2093,15,320,0,300,204,36,Queens,049201
Census Tract 492.02; Queens County; New York,108053,68,522,0,809,0,667,451,36,Queens,049202
Census Tract 493.01; Queens County; New York,65357,852,0,28,1009,0,336,92,36,Queens,049301
Census Tract 493.02; Queens County; New York,58384,858,76,165,709,0,643,675,36,Queens,049302
Census Tract 495; Queens County; New York,97250,796,0,0,109,0,239,155,36,Queens,049500
Census Tract 496; Queens County; New York,88125,31,964,19,1109,0,705,139,36,Queens,049600
Census Tract 497; Queens County; New York,61563,1390,6,24,1022,0,418,132,36,Queens,049700
Census Tract 499; Queens County; New York,85759,1071,28,134,3498,0,332,226,36,Queens,049900
Census Tract 500; Queens County; New York,74951,189,3418,11,367,0,358,403,36,Queens,050000
Census Tract 502.01; Queens County; New York,93182,0,1148,0,38,0,101,208,36,Queens,050201
Census Tract 502.02; Queens County; New York,110357,42,1007,0,270,0,81,134,36,Queens,050202
Census Tract 504; Queens County; New York,130179,52,1177,32,71,0,265,118,36,Queens,050400
Census Tract 505; Queens County; New York,109728,952,0,0,614,0,155,170,36,Queens,050500
Census Tract 506; Queens County; New York,106786,0,1198,0,238,0,84,95,36,Queens,050600
Census Tract 507; Queens County; New York,98274,1849,0,17,1020,0,142,239,36,Queens,050700
Census Tract 508; Queens County; New York,79432,18,1616,0,267,0,38,46,36,Queens,050800
Census Tract 510; Queens County; New York,91250,38,1144,0,325,0,38,23,36,Queens,051000
Census Tract 511; Queens County; New York,110357,1834,31,0,305,0,254,118,36,Queens,051100
Census Tract 512; Queens County; New York,103214,59,1830,0,328,0,325,115,36,Queens,051200
Census Tract 513; Queens County; New York,104583,1192,22,29,754,0,212,622,36,Queens,051300
Census Tract 515; Queens County; New York,96792,2291,0,12,400,0,111,327,36,Queens,051500
Census Tract 516; Queens County; New York,122826,307,1558,0,9,0,183,224,36,Queens,051600
Census Tract 517; Queens County; New York,111413,1439,4,94,176,0,112,86,36,Queens,051700
Census Tract 518; Queens County; New York,114583,32,1606,62,0,0,386,147,36,Queens,051800
Census Tract 520; Queens County; New York,102950,20,1319,0,46,0,109,50,36,Queens,052000
Census Tract 521; Queens County; New York,100806,1154,5,0,90,0,383,166,36,Queens,052100
Census Tract 522; Queens County; New York,92833,0,1815,7,132,0,107,225,36,Queens,052200
Census Tract 524; Queens County; New York,110357,0,1756,0,180,0,273,8,36,Queens,052400
Census Tract 525; Queens County; New York,72031,1285,84,0,187,0,525,220,36,Queens,052500
Census Tract 526; Queens County; New York,93000,91,1654,0,93,0,149,325,36,Queens,052600
Census Tract 528; Queens County; New York,81477,13,1267,0,0,0,258,182,36,Queens,052800
Census Tract 530; Queens County; New York,110938,74,2107,42,15,0,286,11,36,Queens,053000
Census Tract 531; Queens County; New York,64307,2272,3,0,123,0,503,492,36,Queens,053100
Census Tract 532; Queens County; New York,98850,5,1816,0,86,0,250,28,36,Queens,053200
Census Tract 534.01; Queens County; New York,104688,55,1582,0,51,0,31,94,36,Queens,053401
Census Tract 535.01; Queens County; New York,63816,465,0,0,81,0,631,72,36,Queens,053501
Census Tract 535.02; Queens County; New York,-666666666,0,0,0,0,0,0,0,36,Queens,053502
Census Tract 536.01; Queens County; New York,-666666666,34,934,17,276,0,282,273,36,Queens,053601
Census Tract 538; Queens County; New York,117155,19,1475,13,38,0,191,64,36,Queens,053800
Census Tract 539.01; Queens County; New York,84183,1851,234,20,851,0,459,795,36,Queens,053901
Census Tract 539.02; Queens County; New York,-666666666,102,0,0,0,0,4,0,36,Queens,053902
Census Tract 540; Queens County; New York,80270,43,2449,8,415,0,755,524,36,Queens,054000
Census Tract 542; Queens County; New York,90461,387,1104,20,1344,0,1779,807,36,Queens,054200
Census Tract 545; Queens County; New York,60368,1518,21,189,180,0,850,680,36,Queens,054500
Census Tract 547; Queens County; New York,115076,1221,331,0,689,0,1447,992,36,Queens,054700
Census Tract 548; Queens County; New York,83533,81,410,7,1298,0,445,189,36,Queens,054800
Census Tract 549; Queens County; New York,95897,2228,167,58,420,0,1168,1693,36,Queens,054900
Census Tract 551; Queens County; New York,85947,2238,306,0,491,0,763,621,36,Queens,055100
Census Tract 552; Queens County; New York,61895,436,310,0,1403,0,422,219,36,Queens,055200
Census Tract 553; Queens County; New York,91604,954,108,13,626,0,312,1118,36,Queens,055300
Census Tract 554; Queens County; New York,92679,413,272,6,1221,0,505,266,36,Queens,055400
Census Tract 555; Queens County; New York,108417,528,183,34,152,0,1059,470,36,Queens,055500
Census Tract 556; Queens County; New York,130338,107,227,0,824,0,727,348,36,Queens,055600
Census Tract 557; Queens County; New York,85750,2345,224,0,105,0,694,399,36,Queens,055700
Census Tract 558; Queens County; New York,72841,119,109,0,620,0,456,283,36,Queens,055800
Census Tract 559; Queens County; New York,80221,450,129,0,110,0,287,130,36,Queens,055900
Census Tract 560; Queens County; New York,96905,185,91,0,1096,0,223,73,36,Queens,056000
Census Tract 561; Queens County; New York,-666666666,12,0,0,0,0,0,0,36,Queens,056100
Census Tract 562; Queens County; New York,100441,341,165,0,447,0,260,126,36,Queens,056200
Census Tract 564; Queens County; New York,76875,268,121,0,333,0,262,509,36,Queens,056400
Census Tract 565; Queens County; New York,129327,599,90,0,43,0,602,549,36,Queens,056500
Census Tract 566; Queens County; New York,74022,45,528,0,309,0,301,330,36,Queens,056600
Census Tract 567; Queens County; New York,108750,2417,138,0,10,0,804,1169,36,Queens,056700
Census Tract 568; Queens County; New York,103661,523,2751,0,184,0,643,707,36,Queens,056800
Census Tract 577; Queens County; New York,78854,2235,0,99,90,0,1059,679,36,Queens,057700
Census Tract 579; Queens County; New York,73125,929,57,0,0,0,282,368,36,Queens,057900
Census Tract 580; Queens County; New York,112034,96,3207,0,104,0,219,743,36,Queens,058000
Census Tract 581; Queens County; New York,74556,1372,15,0,89,0,843,525,36,Queens,058100
Census Tract 582; Queens County; New York,127837,264,3688,206,424,0,556,430,36,Queens,058200
Census Tract 583; Queens County; New York,101431,2219,108,0,285,0,602,442,36,Queens,058300
Census Tract 585; Queens County; New York,96897,2616,171,0,457,0,286,735,36,Queens,058500
Census Tract 587; Queens County; New York,93281,2147,106,110,202,0,678,227,36,Queens,058700
Census Tract 589; Queens County; New York,67801,3188,137,36,177,0,1194,404,36,Queens,058900
Census Tract 590; Queens County; New York,76917,173,892,0,45,0,64,33,36,Queens,059000
Census Tract 591; Queens County; New York,61314,2146,84,60,332,0,746,1552,36,Queens,059100
Census Tract 592; Queens County; New York,91250,5,1212,0,60,0,61,5,36,Queens,059200
Census Tract 593; Queens County; New York,82917,2648,57,0,241,0,519,597,36,Queens,059300
Census Tract 594; Queens County; New York,147250,31,1583,0,0,0,49,103,36,Queens,059400
Census Tract 595.01; Queens County; New York,72222,1322,33,0,64,0,119,352,36,Queens,059501
Census Tract 595.02; Queens County; New York,56467,1236,25,35,294,0,685,606,36,Queens,059502
Census Tract 596; Queens County; New York,100625,42,1119,0,1,0,66,292,36,Queens,059600
Census Tract 598; Queens County; New York,87692,50,1390,0,0,0,189,19,36,Queens,059800
Census Tract 599; Queens County; New York,89583,823,36,8,218,0,176,178,36,Queens,059900
Census Tract 600; Queens County; New York,100000,22,864,0,0,0,33,122,36,Queens,060000
Census Tract 601; Queens County; New York,83125,1887,6,0,88,0,309,115,36,Queens,060100
Census Tract 603; Queens County; New York,107067,1200,0,0,97,0,370,217,36,Queens,060300
Census Tract 606; Queens County; New York,135147,0,1178,0,11,0,39,48,36,Queens,060600
Census Tract 607.01; Queens County; New York,-666666666,0,0,0,0,0,0,0,36,Queens,060701
Census Tract 608; Queens County; New York,148583,17,1278,0,155,0,18,5,36,Queens,060800
Census Tract 610; Queens County; New York,87500,30,1171,0,0,0,11,38,36,Queens,061000
Census Tract 612; Queens County; New York,132969,8,1768,0,53,0,58,107,36,Queens,061200
Census Tract 613.01; Queens County; New York,83125,2059,258,0,354,0,1190,1235,36,Queens,061301
Census Tract 613.02; Queens County; New York,-666666666,0,0,0,0,0,0,0,36,Queens,061302
Census Tract 614; Queens County; New York,143468,31,1381,0,36,0,35,74,36,Queens,061400
Census Tract 616.01; Queens County; New York,105192,34,2310,0,0,0,31,71,36,Queens,061601
Census Tract 616.02; Queens County; New York,105682,73,669,0,0,0,104,235,36,Queens,061602
Census Tract 618; Queens County; New York,91638,153,1354,0,91,0,0,167,36,Queens,061800
Census Tract 619; Queens County; New York,77794,2281,47,0,164,0,335,296,36,Queens,061900
Census Tract 620; Queens County; New York,118646,35,1318,10,0,0,51,42,36,Queens,062000
Census Tract 621; Queens County; New York,91940,1917,340,37,185,0,356,343,36,Queens,062100
Census Tract 622; Queens County; New York,119632,110,1826,0,0,0,58,94,36,Queens,062200
Census Tract 623; Queens County; New York,79107,1647,166,73,0,0,253,134,36,Queens,062300
Census Tract 624; Queens County; New York,-666666666,0,0,0,0,0,0,0,36,Queens,062400
Census Tract 625; Queens County; New York,75375,1547,95,45,64,0,391,403,36,Queens,062500
Census Tract 626; Queens County; New York,115167,59,2436,0,160,0,237,80,36,Queens,062600
Census Tract 627; Queens County; New York,76382,1960,68,0,194,0,346,347,36,Queens,062700
Census Tract 629; Queens County; New York,96908,2008,87,10,352,0,308,485,36,Queens,062900
Census Tract 630; Queens County; New York,124773,21,1613,0,46,0,20,20,36,Queens,063000
Census Tract 632; Queens County; New York,112500,59,2228,0,0,0,69,106,36,Queens,063200
Census Tract 633.01; Queens County; New York,128114,1199,63,0,60,0,261,24,36,Queens,063301
Census Tract 633.02; Queens County; New York,142891,1325,0,0,20,0,342,276,36,Queens,063302
Census Tract 635; Queens County; New York,89688,2167,24,0,129,0,46,271,36,Queens,063500
Census Tract 637; Queens County; New York,91705,2841,36,0,264,0,14,387,36,Queens,063700
Census Tract 638; Queens County; New York,140870,131,2897,0,91,0,72,213,36,Queens,063800
Census Tract 639; Queens County; New York,115156,1625,390,0,172,0,800,202,36,Queens,063900
Census Tract 641.01; Queens County; New York,96094,1644,9,8,424,0,204,103,36,Queens,064101
Census Tract 641.02; Queens County; New York,-666666666,0,0,0,0,0,0,0,36,Queens,064102
Census Tract 645; Queens County; New York,85000,1029,27,0,287,0,105,412,36,Queens,064500
Census Tract 646; Queens County; New York,128750,44,2941,0,52,0,24,186,36,Queens,064600
Census Tract 650; Queens County; New York,136111,33,2523,0,0,0,153,98,36,Queens,065000
Census Tract 654.01; Queens County; New York,98821,368,2147,0,112,0,206,455,36,Queens,065401
Census Tract 654.02; Queens County; New York,-666666666,0,0,0,0,0,0,0,36,Queens,065402
Census Tract 655.01; Queens County; New York,-666666666,0,0,0,0,0,0,0,36,Queens,065501
Census Tract 656; Queens County; New York,110875,448,3615,0,51,0,175,296,36,Queens,065600
Census Tract 657.02; Queens County; New York,61786,1065,8,0,0,0,112,126,36,Queens,065702
Census Tract 657.03; Queens County; New York,115896,2275,20,0,74,0,619,95,36,Queens,065703
Census Tract 659; Queens County; New York,99107,1372,0,0,318,0,81,144,36,Queens,065900
Census Tract 660; Queens County; New York,121705,221,2937,0,43,0,233,232,36,Queens,066000
Census Tract 661; Queens County; New York,111806,1408,0,0,101,0,77,32,36,Queens,066100
Census Tract 663.01; Queens County; New York,102917,1814,8,0,587,0,159,185,36,Queens,066301
Census Tract 663.02; Queens County; New York,-666666666,0,0,0,0,0,0,0,36,Queens,066302
Census Tract 664.01; Queens County; New York,145333,152,1087,0,161,0,99,191,36,Queens,066401
Census Tract 664.02; Queens County; New York,109863,280,3048,0,37,0,69,48,36,Queens,066402
Census Tract 664.03; Queens County; New York,87031,428,4807,0,57,0,254,311,36,Queens,066403
Census Tract 664.04; Queens County; New York,-666666666,0,0,0,0,0,0,0,36,Queens,066404
Census Tract 665.01; Queens County; New York,86773,2984,35,0,92,0,266,671,36,Queens,066501
Census Tract 667.01; Queens County; New York,123229,1685,13,0,458,0,427,164,36,Queens,066701
Census Tract 669; Queens County; New York,94375,1214,0,17,85,0,191,266,36,Queens,066900
Census Tract 671; Queens County; New York,116076,1627,0,0,436,0,124,167,36,Queens,067100
Census Tract 677; Queens County; New York,108000,1461,6,0,133,0,37,275,36,Queens,067700
Census Tract 679; Queens County; New York,72875,1862,170,17,509,0,1142,499,36,Queens,067900
Census Tract 680; Queens County; New York,124789,49,4751,0,102,0,193,394,36,Queens,068000
Census Tract 682; Queens County; New York,93750,10,921,0,24,0,142,7,36,Queens,068200
Census Tract 683; Queens County; New York,73466,581,219,9,2137,0,533,453,36,Queens,068300
Census Tract 687; Queens County; New York,69348,1285,48,0,1808,0,420,641,36,Queens,068700
Census Tract 690; Queens County; New York,131683,87,3406,0,35,0,246,248,36,Queens,069000
Census Tract 693; Queens County; New York,58605,784,26,0,565,0,1054,576,36,Queens,069300
Census Tract 694; Queens County; New York,101782,198,3447,0,69,0,107,225,36,Queens,069400
Census Tract 695; Queens County; New York,112949,894,89,0,930,0,43,393,36,Queens,069500
Census Tract 697.01; Queens County; New York,102700,1697,119,0,1362,0,289,853,36,Queens,069701
Census Tract 697.02; Queens County; New York,89065,1967,165,0,1529,55,160,409,36,Queens,069702
Census Tract 703; Queens County; New York,102833,826,6,0,692,0,410,319,36,Queens,070300
Census Tract 707; Queens County; New York,127188,1378,6,9,962,0,25,204,36,Queens,070700
Census Tract 709; Queens County; New York,115000,1397,35,0,968,0,101,451,36,Queens,070900
Census Tract 711; Queens County; New York,100625,2759,139,18,2068,0,306,326,36,Queens,071100
Census Tract 713.03; Queens County; New York,96641,3069,143,0,1198,0,321,592,36,Queens,071303
Census Tract 713.04; Queens County; New York,89959,3785,70,51,1474,0,283,452,36,Queens,071304
Census Tract 713.05; Queens County; New York,114158,3396,111,24,875,0,828,543,36,Queens,071305
Census Tract 713.06; Queens County; New York,75560,2904,1050,14,1540,0,617,887,36,Queens,071306
Census Tract 716; Queens County; New York,-666666666,0,0,0,0,0,0,0,36,Queens,071600
Census Tract 717.01; Queens County; New York,57300,2856,126,8,1171,0,334,291,36,Queens,071701
Census Tract 717.02; Queens County; New York,99527,1523,259,0,1909,0,272,337,36,Queens,071702
Census Tract 719; Queens County; New York,58606,1433,31,0,1018,0,798,164,36,Queens,071900
Census Tract 721; Queens County; New York,100167,2336,44,0,2281,0,378,319,36,Queens,072100
Census Tract 723; Queens County; New York,221534,1230,139,0,576,0,18,375,36,Queens,072300
Census Tract 729; Queens County; New York,124250,628,1,0,536,0,50,83,36,Queens,072900
Census Tract 731; Queens County; New York,166481,1137,0,8,445,0,143,99,36,Queens,073100
Census Tract 737; Queens County; New York,124545,1184,31,11,514,0,110,102,36,Queens,073700
Census Tract 739; Queens County; New York,113609,2875,48,0,1290,0,148,927,36,Queens,073900
Census Tract 741; Queens County; New York,92857,1387,278,29,775,0,243,386,36,Queens,074100
Census Tract 743; Queens County; New York,72344,2002,150,35,1223,0,103,249,36,Queens,074300
Census Tract 745; Queens County; New York,65885,1555,535,23,970,0,542,451,36,Queens,074500
Census Tract 747; Queens County; New York,88924,682,85,0,1536,0,666,456,36,Queens,074700
Census Tract 749; Queens County; New York,227054,735,17,0,558,0,0,206,36,Queens,074900
Census Tract 757.01; Queens County; New York,111042,2382,257,0,1395,0,219,566,36,Queens,075701
Census Tract 757.02; Queens County; New York,124360,2865,177,0,1599,0,511,295,36,Queens,075702
Census Tract 769.01; Queens County; New York,100710,3050,144,17,952,0,267,721,36,Queens,076901
Census Tract 769.02; Queens County; New York,133438,475,10,0,445,0,91,567,36,Queens,076902
Census Tract 773; Queens County; New York,105326,1273,85,0,525,0,82,281,36,Queens,077300
Census Tract 775; Queens County; New York,81058,1228,73,0,349,0,270,111,36,Queens,077500
Census Tract 779.02; Queens County; New York,106588,4360,277,0,651,0,528,47,36,Queens,077902
Census Tract 779.03; Queens County; New York,90781,1455,83,0,1105,0,709,93,36,Queens,077903
Census Tract 779.04; Queens County; New York,108542,2498,60,349,1124,0,747,648,36,Queens,077904
Census Tract 779.05; Queens County; New York,87375,937,612,0,864,0,245,387,36,Queens,077905
Census Tract 779.06; Queens County; New York,85590,1928,201,0,959,0,151,345,36,Queens,077906
Census Tract 779.07; Queens County; New York,69718,1975,475,13,234,0,504,236,36,Queens,077907
Census Tract 779.08; Queens County; New York,74705,741,1349,14,449,0,578,251,36,Queens,077908
Census Tract 788; Queens County; New York,98468,7,1125,0,75,0,562,313,36,Queens,078800
Census Tract 790; Queens County; New York,74135,37,1499,0,142,0,752,223,36,Queens,079000
Census Tract 792; Queens County; New York,73676,13,1653,0,205,0,547,451,36,Queens,079200
Census Tract 793; Queens County; New York,-666666666,0,0,0,0,0,0,0,36,Queens,079300
Census Tract 797.01; Queens County; New York,55800,234,175,0,5361,6,375,155,36,Queens,079701
Census Tract 797.02; Queens County; New York,40786,107,24,0,2986,55,27,114,36,Queens,079702
Census Tract 799; Queens County; New York,53981,390,2,0,2281,0,22,308,36,Queens,079900
Census Tract 803.01; Queens County; New York,67600,317,63,0,2819,0,782,235,36,Queens,080301
Census Tract 803.02; Queens County; New York,92887,1195,3,0,2108,0,309,42,36,Queens,080302
Census Tract 809; Queens County; New York,61345,3265,340,8,2351,0,458,869,36,Queens,080900
Census Tract 814; Queens County; New York,141705,264,1578,0,1129,0,956,618,36,Queens,081400
Census Tract 818; Queens County; New York,127697,156,1187,141,1278,0,707,319,36,Queens,081800
Census Tract 837; Queens County; New York,63732,720,31,9,3656,0,243,111,36,Queens,083700
Census Tract 838; Queens County; New York,96551,457,925,124,1680,0,1423,915,36,Queens,083800
Census Tract 840; Queens County; New York,99424,799,929,180,2620,0,1107,1292,36,Queens,084000
Census Tract 845; Queens County; New York,29589,457,408,0,2519,0,1241,88,36,Queens,084500
Census Tract 846.01; Queens County; New York,104659,453,184,43,962,0,218,851,36,Queens,084601
Census Tract 846.02; Queens County; New York,83000,255,284,0,346,0,97,396,36,Queens,084602
Census Tract 849.01; Queens County; New York,67219,40,0,0,2643,0,286,68,36,Queens,084901
Census Tract 849.02; Queens County; New York,45658,382,101,69,3106,0,123,26,36,Queens,084902
Census Tract 853; Queens County; New York,33756,235,85,0,3782,0,481,386,36,Queens,085300
Census Tract 855; Queens County; New York,40199,509,144,143,4566,0,559,222,36,Queens,085500
Census Tract 857; Queens County; New York,57813,514,121,0,3562,0,950,355,36,Queens,085700
Census Tract 859; Queens County; New York,57706,567,6,0,4488,0,225,432,36,Queens,085900
Census Tract 861; Queens County; New York,43750,168,79,0,1601,0,155,68,36,Queens,086100
Census Tract 863; Queens County; New York,56774,484,271,0,4849,0,540,715,36,Queens,086300
Census Tract 864; Queens County; New York,124141,608,148,6,571,0,772,455,36,Queens,086400
Census Tract 865; Queens County; New York,62688,538,78,0,3325,0,294,245,36,Queens,086500
Census Tract 869; Queens County; New York,86165,228,25,0,1445,0,77,57,36,Queens,086900
Census Tract 871; Queens County; New York,47662,215,450,15,3618,0,307,284,36,Queens,087100
Census Tract 884; Queens County; New York,98921,6474,593,32,167,0,800,1124,36,Queens,088400
Census Tract 889.02; Queens County; New York,47661,1247,294,0,3591,0,376,609,36,Queens,088902
Census Tract 889.03; Queens County; New York,57807,652,60,75,3604,0,249,19,36,Queens,088903
Census Tract 892.01; Queens County; New York,165529,8133,0,0,121,0,203,479,36,Queens,089201
Census Tract 892.02; Queens County; New York,-666666666,0,0,0,0,0,0,0,36,Queens,089202
Census Tract 907; Queens County; New York,107917,326,6,0,872,0,320,21,36,Queens,090700
Census Tract 916.02; Queens County; New York,-666666666,0,0,0,0,0,0,0,36,Queens,091602
Census Tract 916.03; Queens County; New York,134844,4050,0,0,27,0,0,46,36,Queens,091603
Census Tract 916.04; Queens County; New York,-666666666,0,0,0,0,0,0,0,36,Queens,091604
Census Tract 918; Queens County; New York,-666666666,8,0,0,0,0,0,0,36,Queens,091800
Census Tract 919; Queens County; New York,104375,1099,290,0,2125,0,1365,301,36,Queens,091900
Census Tract 922; Queens County; New York,160357,1880,0,0,9,0,90,119,36,Queens,092200
Census Tract 925; Queens County; New York,69250,682,9,0,1599,0,1512,155,36,Queens,092500
Census Tract 928; Queens County; New York,159600,3288,11,0,67,0,2,72,36,Queens,092800
Census Tract 929; Queens County; New York,105682,1560,27,0,2001,47,2728,715,36,Queens,092900
Census Tract 934.01; Queens County; New York,117143,3718,74,0,50,0,207,123,36,Queens,093401
Census Tract 934.02; Queens County; New York,102324,3390,240,0,54,0,237,173,36,Queens,093402
Census Tract 938; Queens County; New York,77802,3465,342,0,182,0,379,713,36,Queens,093800
Census Tract 939; Queens County; New York,94050,1590,113,20,2199,0,2022,422,36,Queens,093900
Census Tract 942.01; Queens County; New York,67727,1152,1428,26,267,0,211,452,36,Queens,094201
Census Tract 942.02; Queens County; New York,55694,1631,2419,19,186,0,547,948,36,Queens,094202
Census Tract 942.03; Queens County; New York,56784,3531,856,0,53,0,516,784,36,Queens,094203
Census Tract 945; Queens County; New York,79700,1923,3,0,1207,0,397,502,36,Queens,094500
Census Tract 947; Queens County; New York,84125,503,15,0,781,0,1184,239,36,Queens,094700
Census Tract 954; Queens County; New York,70795,1192,3489,45,155,0,684,1111,36,Queens,095400
Census Tract 964; Queens County; New York,106425,1010,3819,0,646,0,469,1327,36,Queens,096400
Census Tract 972.02; Queens County; New York,22941,47,2999,0,27,0,214,155,36,Queens,097202
Census Tract 972.04; Queens County; New York,73250,315,2857,0,156,0,241,704,36,Queens,097204
Census Tract 972.05; Queens County; New York,20744,653,1895,96,306,0,167,132,36,Queens,097205
Census Tract 972.06; Queens County; New York,48980,74,1474,0,112,0,405,457,36,Queens,097206
Census Tract 972.07; Queens County; New York,-666666666,0,0,0,0,0,0,0,36,Queens,097207
Census Tract 973; Queens County; New York,88889,1807,21,0,183,0,23,122,36,Queens,097300
Census Tract 981; Queens County; New York,124519,1721,0,0,449,0,166,120,36,Queens,098100
Census Tract 987; Queens County; New York,102639,2125,47,6,293,0,52,70,36,Queens,098700
Census Tract 991; Queens County; New York,108224,4457,0,0,934,0,907,479,36,Queens,099100
Census Tract 992; Queens County; New York,35529,899,1894,34,209,0,774,290,36,Queens,099200
Census Tract 997.01; Queens County; New York,95063,1614,0,55,723,0,0,218,36,Queens,099701
Census Tract 997.03; Queens County; New York,116319,1949,106,0,1260,0,237,257,36,Queens,099703
Census Tract 997.04; Queens County; New York,95653,4542,134,54,1602,0,488,468,36,Queens,099704
Census Tract 997.05; Queens County; New York,147807,1061,38,94,1038,0,207,233,36,Queens,099705
Census Tract 998.01; Queens County; New York,68297,750,4715,265,442,0,1797,993,36,Queens,099801
Census Tract 998.02; Queens County; New York,45210,864,3401,0,173,0,450,604,36,Queens,099802
Census Tract 999; Queens County; New York,-666666666,0,0,0,0,0,0,0,36,Queens,099900
Census Tract 1008.01; Queens County; New York,142717,978,1182,0,101,0,198,663,36,Queens,100801
Census Tract 1008.03; Queens County; New York,48320,229,1894,0,165,0,910,1143,36,Queens,100803
Census Tract 1008.04; Queens County; New York,99318,1734,2962,0,150,0,159,221,36,Queens,100804
Census Tract 1010.02; Queens County; New York,52716,4682,422,0,806,0,126,33,36,Queens,101002
Census Tract 1010.03; Queens County; New York,70299,1842,669,36,168,0,991,179,36,Queens,101003
Census Tract 1010.04; Queens County; New York,42361,2486,2923,0,331,0,389,333,36,Queens,101004
Census Tract 1017; Queens County; New York,109963,3945,4,501,1896,98,61,522,36,Queens,101700
Census Tract 1029; Queens County; New York,100161,2044,39,0,827,0,224,338,36,Queens,102900
Census Tract 1032.01; Queens County; New York,53469,587,3082,0,125,0,1650,1624,36,Queens,103201
Census Tract 1032.02; Queens County; New York,81060,3845,2135,0,11,0,720,1334,36,Queens,103202
Census Tract 1033; Queens County; New York,101816,2465,54,0,1665,0,182,195,36,Queens,103300
Census Tract 1039; Queens County; New York,74272,2560,0,0,2350,0,969,791,36,Queens,103900
Census Tract 1047; Queens County; New York,77454,2238,2,0,3786,0,1003,89,36,Queens,104700
Census Tract 1059; Queens County; New York,99740,1862,12,0,1362,0,87,341,36,Queens,105900
Census Tract 1072.01; Queens County; New York,112949,1987,43,0,186,0,56,51,36,Queens,107201
Census Tract 1072.02; Queens County; New York,-666666666,0,0,0,0,0,0,0,36,Queens,107202
Census Tract 1085; Queens County; New York,67226,1394,34,17,949,0,74,298,36,Queens,108500
Census Tract 1093; Queens County; New York,139605,1738,30,0,980,0,79,216,36,Queens,109300
Census Tract 1097; Queens County; New York,131142,956,11,0,772,0,62,54,36,Queens,109700
Census Tract 1099; Queens County; New York,93456,1621,6,17,1123,0,586,104,36,Queens,109900
Census Tract 1113; Queens County; New York,138173,1079,7,22,1183,0,108,334,36,Queens,111300
Census Tract 1123; Queens County; New York,100929,1050,35,0,1085,0,133,195,36,Queens,112300
Census Tract 1129; Queens County; New York,100201,880,16,0,890,0,64,439,36,Queens,112900
Census Tract 1133; Queens County; New York,118412,758,0,3,489,0,148,12,36,Queens,113300
Census Tract 1139; Queens County; New York,87850,1124,62,22,1748,0,546,383,36,Queens,113900
Census Tract 1141; Queens County; New York,126429,1472,0,0,865,0,55,114,36,Queens,114100
Census Tract 1147; Queens County; New York,98188,818,0,11,836,0,125,101,36,Queens,114700
Census Tract 1151; Queens County; New York,121719,247,0,21,524,0,119,35,36,Queens,115100
Census Tract 1155; Queens County; New York,89118,483,0,0,1069,57,392,78,36,Queens,115500
Census Tract 1157; Queens County; New York,62255,731,137,35,2047,0,172,151,36,Queens,115700
Census Tract 1159; Queens County; New York,63132,801,146,6,2077,201,207,412,36,Queens,115900
Census Tract 1161; Queens County; New York,42750,326,154,0,2596,0,465,101,36,Queens,116100
Census Tract 1163.01; Queens County; New York,41154,554,221,0,2931,0,317,375,36,Queens,116301
Census Tract 1163.02; Queens County; New York,61359,453,156,0,2306,0,646,0,36,Queens,116302
Census Tract 1167; Queens County; New York,55216,201,34,0,1396,0,362,1,36,Queens,116700
Census Tract 1171; Queens County; New York,76658,502,46,0,1784,0,63,104,36,Queens,117100
Census Tract 1175; Queens County; New York,87938,1108,62,0,2629,0,608,152,36,Queens,117500
Census Tract 1181; Queens County; New York,98056,764,28,0,916,0,68,148,36,Queens,118100
Census Tract 1185; Queens County; New York,60536,173,50,0,934,0,459,192,36,Queens,118500
Census Tract 1187; Queens County; New York,67443,437,21,0,1698,0,293,64,36,Queens,118700
Census Tract 1189; Queens County; New York,54135,218,0,0,1446,0,116,85,36,Queens,118900
Census Tract 1191; Queens County; New York,-666666666,623,0,0,2090,0,149,26,36,Queens,119100
Census Tract 1193; Queens County; New York,50966,389,0,10,1366,0,326,308,36,Queens,119300
Census Tract 1195; Queens County; New York,104706,443,2,0,653,0,312,178,36,Queens,119500
Census Tract 1199; Queens County; New York,120625,380,6,27,1086,0,51,13,36,Queens,119900
Census Tract 1201; Queens County; New York,84167,233,30,0,1137,0,120,65,36,Queens,120100
Census Tract 1203; Queens County; New York,58646,189,0,0,1116,0,141,57,36,Queens,120300
Census Tract 1205; Queens County; New York,31250,159,73,0,2300,0,124,26,36,Queens,120500
Census Tract 1207.01; Queens County; New York,106705,851,27,7,1654,0,144,193,36,Queens,120701
Census Tract 1207.02; Queens County; New York,-666666666,0,0,0,0,0,0,0,36,Queens,120702
Census Tract 1211; Queens County; New York,-666666666,0,0,0,0,0,0,0,36,Queens,121100
Census Tract 1215; Queens County; New York,89858,736,109,13,2386,0,218,774,36,Queens,121500
Census Tract 1223; Queens County; New York,94397,910,102,0,2183,0,138,22,36,Queens,122300
Census Tract 1227.02; Queens County; New York,26694,1711,1964,28,1052,0,1153,757,36,Queens,122702
Census Tract 1227.03; Queens County; New York,71465,1805,936,99,1131,0,2097,1384,36,Queens,122703
Census Tract 1227.04; Queens County; New York,84904,1273,460,52,1180,0,390,1364,36,Queens,122704
Census Tract 1241; Queens County; New York,93417,952,303,0,1748,0,586,283,36,Queens,124100
Census Tract 1247; Queens County; New York,120685,1668,5,0,1959,0,13,31,36,Queens,124700
Census Tract 1257; Queens County; New York,82031,540,345,0,1006,0,589,497,36,Queens,125700
Census Tract 1265; Queens County; New York,138424,443,165,0,747,0,129,444,36,Queens,126500
Census Tract 1267; Queens County; New York,117743,1962,702,0,876,0,336,581,36,Queens,126700
Census Tract 1277; Queens County; New York,121577,1969,184,14,453,0,49,304,36,Queens,127700
Census Tract 1283; Queens County; New York,-666666666,0,0,0,0,0,0,0,36,Queens,128300
Census Tract 1291.02; Queens County; New York,144154,2183,91,0,1026,0,11,343,36,Queens,129102
Census Tract 1291.03; Queens County; New York,76705,2495,86,0,902,0,314,526,36,Queens,129103
Census Tract 1291.04; Queens County; New York,109891,2104,118,160,1403,0,190,422,36,Queens,129104
Census Tract 1301; Queens County; New York,91389,730,938,0,1352,0,200,891,36,Queens,130100
Census Tract 1333; Queens County; New York,134083,1615,58,0,1606,0,315,107,36,Queens,133300
Census Tract 1339; Queens County; New York,141563,732,6,0,496,0,119,23,36,Queens,133900
Census Tract 1341; Queens County; New York,64324,776,135,0,1697,0,82,19,36,Queens,134100
Census Tract 1347.01; Queens County; New York,89671,979,756,0,2121,0,280,704,36,Queens,134701
Census Tract 1347.02; Queens County; New York,86058,537,1158,0,2755,0,172,212,36,Queens,134702
Census Tract 1367; Queens County; New York,95803,1111,379,31,4385,0,203,414,36,Queens,136700
Census Tract 1377; Queens County; New York,109481,1827,303,55,3644,0,498,325,36,Queens,137700
Census Tract 1385.01; Queens County; New York,96563,1190,0,78,2314,0,175,540,36,Queens,138501
Census Tract 1385.02; Queens County; New York,-666666666,83,2,0,3,0,2,7,36,Queens,138502
Census Tract 1399; Queens County; New York,159300,359,0,0,992,0,131,64,36,Queens,139900
Census Tract 1403; Queens County; New York,79375,623,4,36,1622,0,56,0,36,Queens,140300
Census Tract 1409.01; Queens County; New York,125038,247,21,0,447,0,313,6,36,Queens,140901
Census Tract 1409.02; Queens County; New York,107321,671,4,0,1615,0,0,83,36,Queens,140902
Census Tract 1417; Queens County; New York,71500,961,119,13,2633,0,388,372,36,Queens,141700
Census Tract 1429; Queens County; New York,95227,1280,0,0,2148,0,459,147,36,Queens,142900
Census Tract 1435; Queens County; New York,113974,562,21,0,1298,0,98,288,36,Queens,143500
Census Tract 1441; Queens County; New York,118001,985,0,0,1529,0,106,80,36,Queens,144100
Census Tract 1447; Queens County; New York,97917,605,672,52,2032,0,139,89,36,Queens,144700
Census Tract 1451.01; Queens County; New York,78125,415,0,0,683,0,0,44,36,Queens,145101
Census Tract 1451.02; Queens County; New York,93750,874,9,0,1248,0,279,168,36,Queens,145102
Census Tract 1459; Queens County; New York,119017,1032,0,58,1037,0,325,178,36,Queens,145900
Census Tract 1463; Queens County; New York,88620,1232,135,11,957,0,468,176,36,Queens,146300
Census Tract 1467; Queens County; New York,112500,1541,103,12,895,0,132,183,36,Queens,146700
Census Tract 1471; Queens County; New York,94773,1841,131,0,1270,0,57,41,36,Queens,147100
Census Tract 1479; Queens County; New York,90781,2143,40,64,1497,0,37,744,36,Queens,147900
Census Tract 1483; Queens County; New York,139643,2123,0,18,678,0,46,125,36,Queens,148300
Census Tract 1507.01; Queens County; New York,143472,1534,8,0,1287,0,54,267,36,Queens,150701
Census Tract 1507.02; Queens County; New York,114821,1553,60,0,1240,0,40,157,36,Queens,150702
Census Tract 1529.01; Queens County; New York,92750,1736,571,0,2866,0,279,155,36,Queens,152901
Census Tract 1529.02; Queens County; New York,129235,2329,46,0,3402,0,145,330,36,Queens,152902
Census Tract 1551.01; Queens County; New York,91719,2102,0,29,64,0,0,0,36,Queens,155101
Census Tract 1551.03; Queens County; New York,113622,2267,467,0,920,0,208,487,36,Queens,155103
Census Tract 1551.04; Queens County; New York,90192,1141,322,0,1487,0,123,188,36,Queens,155104
Census Tract 1567; Queens County; New York,60625,299,534,0,752,0,158,56,36,Queens,156700
Census Tract 1571.01; Queens County; New York,90857,1817,228,0,4732,0,783,626,36,Queens,157101
Census Tract 1571.02; Queens County; New York,114844,323,32,0,1120,0,274,256,36,Queens,157102
Census Tract 1579.01; Queens County; New York,114219,854,11,19,3586,0,586,197,36,Queens,157901
Census Tract 1579.02; Queens County; New York,109875,740,21,0,2783,1,186,323,36,Queens,157902
Census Tract 1579.03; Queens County; New York,121000,1000,103,52,2294,0,210,87,36,Queens,157903
Census Tract 1617; Queens County; New York,115125,1587,498,0,1478,0,823,400,36,Queens,161700
Census Tract 1621; Queens County; New York,131094,1044,516,15,4004,0,320,547,36,Queens,162100
Census Tract 9901; Queens County; New York,-666666666,0,0,0,0,0,0,0,36,Queens,990100
Census Tract 3; Richmond County; New York,76563,962,315,0,429,0,182,184,36,Richmond,000300
Census Tract 6; Richmond County; New York,34421,1440,234,217,432,0,87,286,36,Richmond,000600
Census Tract 7; Richmond County; New York,61533,1449,2570,4,185,0,0,987,36,Richmond,000700
Census Tract 8; Richmond County; New York,102717,3023,42,0,1053,0,424,366,36,Richmond,000800
Census Tract 9; Richmond County; New York,64233,653,927,0,35,0,319,193,36,Richmond,000900
Census Tract 11; Richmond County; New York,58516,843,1439,303,137,0,759,722,36,Richmond,001100
Census Tract 17; Richmond County; New York,52833,712,387,0,146,0,116,157,36,Richmond,001700
Census Tract 18; Richmond County; New York,89750,251,107,7,34,0,5,61,36,Richmond,001800
Census Tract 20.01; Richmond County; New York,81932,1984,85,0,390,0,63,214,36,Richmond,002001
Census Tract 20.02; Richmond County; New York,83581,2111,227,0,432,21,123,114,36,Richmond,002002
Census Tract 21; Richmond County; New York,47755,2030,1668,0,156,0,570,861,36,Richmond,002100
Census Tract 27; Richmond County; New York,36753,579,647,269,71,0,270,692,36,Richmond,002700
Census Tract 29; Richmond County; New York,61591,815,3007,152,420,0,622,516,36,Richmond,002900
Census Tract 33; Richmond County; New York,97188,1894,1206,80,244,0,82,357,36,Richmond,003300
Census Tract 36; Richmond County; New York,86695,1101,17,0,849,0,224,515,36,Richmond,003600
Census Tract 39; Richmond County; New York,80882,1175,402,0,227,0,199,260,36,Richmond,003900
Census Tract 40.01; Richmond County; New York,61118,1065,913,28,428,0,120,179,36,Richmond,004001
Census Tract 40.02; Richmond County; New York,-666666666,449,718,0,1053,0,229,39,36,Richmond,004002
Census Tract 40.03; Richmond County; New York,23021,300,2410,0,0,0,578,219,36,Richmond,004003
Census Tract 40.04; Richmond County; New York,112609,689,815,0,1136,0,595,429,36,Richmond,004004
Census Tract 47; Richmond County; New York,125982,1349,606,9,463,0,141,393,36,Richmond,004700
Census Tract 50; Richmond County; New York,79539,2629,272,0,1207,0,281,294,36,Richmond,005000
Census Tract 59.01; Richmond County; New York,93977,2198,193,0,56,0,166,462,36,Richmond,005901
Census Tract 59.02; Richmond County; New York,-666666666,0,0,0,0,0,0,0,36,Richmond,005902
Census Tract 64; Richmond County; New York,62188,2064,187,0,823,0,215,142,36,Richmond,006400
Census Tract 67; Richmond County; New York,104602,1905,297,0,222,0,194,289,36,Richmond,006700
Census Tract 70.01; Richmond County; New York,75600,1906,31,0,699,0,69,175,36,Richmond,007001
Census Tract 70.02; Richmond County; New York,103971,4629,194,24,1053,0,96,103,36,Richmond,007002
Census Tract 74; Richmond County; New York,76259,3107,127,0,1292,0,248,264,36,Richmond,007400
Census Tract 75; Richmond County; New York,113673,1729,464,0,103,0,373,712,36,Richmond,007500
Census Tract 77; Richmond County; New York,86875,312,1139,0,101,0,228,168,36,Richmond,007700
Census Tract 81; Richmond County; New York,82248,2132,1294,0,576,0,133,545,36,Richmond,008100
Census Tract 96.01; Richmond County; New York,101159,3713,12,0,470,0,169,204,36,Richmond,009601
Census Tract 96.02; Richmond County; New York,87816,2620,47,0,769,0,58,197,36,Richmond,009602
Census Tract 97.01; Richmond County; New York,95000,1912,1342,7,225,0,84,704,36,Richmond,009701
Census Tract 97.02; Richmond County; New York,-666666666,42,0,0,0,0,0,0,36,Richmond,009702
Census Tract 105; Richmond County; New York,102500,2029,1146,29,155,0,671,1393,36,Richmond,010500
Census Tract 112.01; Richmond County; New York,107602,4065,0,0,1106,0,41,613,36,Richmond,011201
Census Tract 112.03; Richmond County; New York,78505,3107,91,0,2760,95,388,457,36,Richmond,011203
Census Tract 112.04; Richmond County; New York,-666666666,0,0,0,0,0,59,0,36,Richmond,011204
Census Tract 114.01; Richmond County; New York,45259,1438,663,0,529,0,55,569,36,Richmond,011401
Census Tract 114.02; Richmond County; New York,93625,2556,71,0,524,0,27,178,36,Richmond,011402
Census Tract 121; Richmond County; New York,177083,2671,51,0,40,0,29,335,36,Richmond,012100
Census Tract 122; Richmond County; New York,114946,3702,46,0,611,0,116,446,36,Richmond,012200
Census Tract 125; Richmond County; New York,129583,1697,557,141,202,0,243,255,36,Richmond,012500
Census Tract 128.04; Richmond County; New York,86977,2913,30,0,1055,0,104,541,36,Richmond,012804
Census Tract 128.05; Richmond County; New York,130469,1718,42,0,299,0,21,116,36,Richmond,012805
Census Tract 128.06; Richmond County; New York,61378,3649,180,0,678,0,484,317,36,Richmond,012806
Census Tract 132.01; Richmond County; New York,135500,1372,47,0,45,0,88,37,36,Richmond,013201
Census Tract 132.03; Richmond County; New York,123693,5789,34,31,538,0,244,652,36,Richmond,013203
Census Tract 132.04; Richmond County; New York,105833,3514,12,0,690,0,195,679,36,Richmond,013204
Census Tract 133.01; Richmond County; New York,32750,294,606,0,0,0,177,46,36,Richmond,013301
Census Tract 133.02; Richmond County; New York,124188,881,1452,0,238,0,493,404,36,Richmond,013302
Census Tract 134; Richmond County; New York,91912,2272,594,0,385,0,67,342,36,Richmond,013400
Census Tract 138; Richmond County; New York,149661,5494,4,0,368,0,71,298,36,Richmond,013800
Census Tract 141; Richmond County; New York,72500,1224,604,18,285,0,224,397,36,Richmond,014100
Census Tract 146.04; Richmond County; New York,122083,5727,17,0,800,0,61,113,36,Richmond,014604
Census Tract 146.05; Richmond County; New York,143125,3598,2,0,201,0,30,59,36,Richmond,014605
Census Tract 146.06; Richmond County; New York,93159,4834,58,0,703,0,383,466,36,Richmond,014606
Census Tract 146.07; Richmond County; New York,113333,4180,5,19,329,0,42,282,36,Richmond,014607
Census Tract 146.08; Richmond County; New York,108958,2966,0,0,128,0,155,121,36,Richmond,014608
Census Tract 147; Richmond County; New York,121000,2740,80,17,111,0,111,339,36,Richmond,014700
Census Tract 151; Richmond County; New York,114919,4160,18,25,573,0,69,352,36,Richmond,015100
Census Tract 154; Richmond County; New York,-666666666,0,0,0,0,0,0,0,36,Richmond,015400
Census Tract 156.01; Richmond County; New York,136434,5090,115,28,460,0,340,673,36,Richmond,015601
Census Tract 156.02; Richmond County; New York,134313,3198,80,0,53,0,35,241,36,Richmond,015602
Census Tract 156.03; Richmond County; New York,104668,3789,0,0,508,0,173,512,36,Richmond,015603
Census Tract 169.01; Richmond County; New York,148153,2317,19,0,412,0,164,823,36,Richmond,016901
Census Tract 170.05; Richmond County; New York,100558,4002,43,0,482,0,0,89,36,Richmond,017005
Census Tract 170.07; Richmond County; New York,101971,4052,47,7,1004,0,106,1082,36,Richmond,017007
Census Tract 170.09; Richmond County; New York,117222,3847,153,0,498,0,100,207,36,Richmond,017009
Census Tract 170.11; Richmond County; New York,127585,3788,13,0,308,0,104,327,36,Richmond,017011
Census Tract 170.12; Richmond County; New York,122917,4061,46,0,400,0,56,607,36,Richmond,017012
Census Tract 170.13; Richmond County; New York,95875,2865,202,0,1029,0,400,156,36,Richmond,017013
Census Tract 170.14; Richmond County; New York,108828,3442,19,0,273,0,155,332,36,Richmond,017014
Census Tract 170.15; Richmond County; New York,118598,2716,0,0,0,0,34,147,36,Richmond,017015
Census Tract 170.16; Richmond County; New York,121371,3476,18,0,569,0,0,475,36,Richmond,017016
Census Tract 173; Richmond County; New York,49500,757,558,0,558,0,400,361,36,Richmond,017300
Census Tract 176; Richmond County; New York,140795,4525,174,0,347,0,27,59,36,Richmond,017600
Census Tract 177.01; Richmond County; New York,136602,2705,2,2,657,0,202,223,36,Richmond,017701
Census Tract 177.02; Richmond County; New York,116073,2113,1,1,50,0,63,110,36,Richmond,017702
Census Tract 181; Richmond County; New York,95282,2741,193,85,316,0,60,297,36,Richmond,018100
Census Tract 187.01; Richmond County; New York,102109,1224,71,9,350,0,63,234,36,Richmond,018701
Census Tract 187.03; Richmond County; New York,100881,2306,179,116,1327,0,76,184,36,Richmond,018703
Census Tract 187.04; Richmond County; New York,134583,3067,298,0,850,0,0,164,36,Richmond,018704
Census Tract 189.01; Richmond County; New York,147587,3128,227,101,753,0,105,917,36,Richmond,018901
Census Tract 189.02; Richmond County; New York,112800,4609,101,0,958,0,124,360,36,Richmond,018902
Census Tract 197; Richmond County; New York,115240,1430,15,0,253,0,20,196,36,Richmond,019700
Census Tract 198; Richmond County; New York,134592,6604,56,0,446,0,0,450,36,Richmond,019800
Census Tract 201; Richmond County; New York,97100,2172,43,13,246,0,53,1110,36,Richmond,020100
Census Tract 207.01; Richmond County; New York,68371,693,1532,229,140,0,804,309,36,Richmond,020701
Census Tract 207.02; Richmond County; New York,43176,510,681,0,143,28,562,711,36,Richmond,020702
Census Tract 208.03; Richmond County; New York,147917,7542,32,0,107,0,2,119,36,Richmond,020803
Census Tract 208.04; Richmond County; New York,101382,4488,32,0,204,0,121,383,36,Richmond,020804
Census Tract 208.05; Richmond County; New York,119347,5041,13,0,368,0,318,318,36,Richmond,020805
Census Tract 208.06; Richmond County; New York,96188,2339,2,0,357,0,90,39,36,Richmond,020806
Census Tract 213; Richmond County; New York,83009,1546,1208,10,194,0,1765,668,36,Richmond,021300
Census Tract 223; Richmond County; New York,62063,632,1183,39,131,0,583,541,36,Richmond,022300
Census Tract 226.01; Richmond County; New York,104792,5758,6,0,150,0,910,397,36,Richmond,022601
Census Tract 226.02; Richmond County; New York,-666666666,1335,7,33,23,0,0,59,36,Richmond,022602
Census Tract 228.01; Richmond County; New York,-666666666,31,5,7,0,0,0,0,36,Richmond,022801
Census Tract 228.02; Richmond County; New York,-666666666,0,0,0,0,0,0,0,36,Richmond,022802
Census Tract 231; Richmond County; New York,83750,1079,1511,0,787,0,436,1006,36,Richmond,023100
Census Tract 239; Richmond County; New York,83864,1337,653,0,445,0,207,523,36,Richmond,023900
Census Tract 244.01; Richmond County; New York,144702,5196,0,0,446,0,0,36,36,Richmond,024401
Census Tract 244.02; Richmond County; New York,117981,4406,3,0,98,0,41,361,36,Richmond,024402
Census Tract 247; Richmond County; New York,82853,1094,740,80,308,0,466,255,36,Richmond,024700
Census Tract 248; Richmond County; New York,148914,3630,4,0,149,10,178,830,36,Richmond,024800
Census Tract 251; Richmond County; New York,120592,4638,85,0,780,0,481,535,36,Richmond,025100
Census Tract 273.01; Richmond County; New York,113711,2849,224,0,904,0,110,377,36,Richmond,027301
Census Tract 273.02; Richmond County; New York,100676,3047,144,0,801,0,305,122,36,Richmond,027302
Census Tract 277.02; Richmond County; New York,74318,4231,24,30,1368,0,447,145,36,Richmond,027702
Census Tract 277.04; Richmond County; New York,98583,3446,138,0,1161,0,74,225,36,Richmond,027704
Census Tract 277.05; Richmond County; New York,96684,3379,103,0,1970,0,0,642,36,Richmond,027705
Census Tract 277.06; Richmond County; New York,66349,2172,18,0,689,0,180,201,36,Richmond,027706
Census Tract 279; Richmond County; New York,163780,1715,33,0,203,0,0,155,36,Richmond,027900
Census Tract 291.02; Richmond County; New York,120038,2040,2,241,672,0,364,188,36,Richmond,029102
Census Tract 291.04; Richmond County; New York,109896,4236,375,132,1273,0,239,544,36,Richmond,029104
Census Tract 291.05; Richmond County; New York,113185,2842,185,0,666,0,116,172,36,Richmond,029105
Census Tract 291.06; Richmond County; New York,114000,2376,344,0,204,0,64,76,36,Richmond,029106
Census Tract 303.01; Richmond County; New York,109225,3211,98,0,1389,0,333,718,36,Richmond,030301
Census Tract 303.02; Richmond County; New York,91607,2612,1601,0,779,0,721,789,36,Richmond,030302
Census Tract 319.01; Richmond County; New York,49161,895,1693,0,116,0,179,1005,36,Richmond,031901
Census Tract 319.02; Richmond County; New York,65921,725,2592,45,158,0,485,497,36,Richmond,031902
Census Tract 323; Richmond County; New York,81691,225,261,0,49,0,165,378,36,Richmond,032300
Census Tract 9901; Richmond County; New York,-666666666,0,0,0,0,0,0,0,36,Richmond,990100
